:020000040800F2
:10000000707B002069010008132D000811260008EC
:10001000112D0008370800089F2F0008000000007D
:100020000000000000000000000000003D2D00085E
:100030003908000800000000152D0008412D0008B7
:100040008301000883010008830100088301000880
:100050008301000883010008830100088301000870
:100060008301000883010008830100088301000860
:100070008301000883010008830100088301000850
:100080008301000883010008830100088301000840
:100090008301000883010008830100088301000830
:1000A0008301000883010008830100088301000820
:1000B0008301000883010008830100088301000810
:1000C0008301000883010008830100088301000800
:1000D000830100089B2F00088301000883010008AA
:1000E000830100088301000883010008000000006C
:1000F0000000000000000000000000000000000000
:1001000000000000000000008301000883010008D7
:1001100083010008830100088301000883010008AF
:10012000830100088301000883010008830100089F
:10013000830100088301000883010008830100088F
:10014000830100088301000883010008830100087F
:10015000DFF810D000F040FB00480047856B000836
:10016000AFF30080707B00200648804706480047B8
:10017000FEE7FEE7FEE7FEE7FEE7FEE7FEE7FEE757
:10018000FEE7FEE7F52D0008510100082DE9F05FBC
:100190000546002092469B468846064681464024F6
:1001A0001BE0284641464746224600F020F85346C9
:1001B0005A46C01A914110D311461846224600F003
:1001C00067FA2D1A67EB01084F46224601200021ED
:1001D00000F05EFA17EB00094E41201EA4F1010465
:1001E000DFDC484631462A464346BDE8F09F202AD8
:1001F00004DB203A21FA02F00021704721FA02F3D1
:10020000D040C2F12002914008431946704710B512
:10021000431A934209D28318881803E010F8011D8D
:1002200003F8011D521EF9D210BD40EA01039B07DD
:1002300003D009E008C9121F08C0042AFAD203E05B
:1002400011F8013B00F8013B521EF9D210BDD2B2A9
:1002500001E000F8012B491EFBD270470022F6E7AF
:1002600010B513460A4604461946FFF7F0FF20462C
:1002700010BD421C10F8011B0029FBD1801A7047E9
:1002800030B504460020034600E05B1C934203D2D5
:10029000E05CCD5C401BF8D030BDF0B480EA0102D8
:1002A000D40F4200B2EB410F02D20246084611467B
:1002B0004A0042D0C30DDDB2C1F3C752AD1A202DA2
:1002C00035DAC1F3160141F4000204B15242C5F11E
:1002D000200602FA06F12A411044B3EBD05F23D086
:1002E000C4B1012DA0EBC35009DCF0BC4FF00042BB
:1002F00002EAC352DBB200F5000000F0E1B94000B1
:1003000000F1807000EBC350A0F1807040EAD17022
:10031000490009E0490841EAC071A0EBC35000F56B
:100320000000400800EBC350F0BC00F0C0B96142CF
:10033000012202EB4101001BF6E7F0BC704781F09F
:100340000041AAE780F00040A7E780EA010210B56B
:1003500002F00043400022D04A001FD0010E01EB02
:100360001261C0F35600C2F3560240F4000042F49A
:100370000002A0FB022000047F39140400D0401CBE
:1003800050EA124001D44000491EC2B20C0604EBF0
:10039000D010401C4008802A02D003E0002010BD8D
:1003A00020F00100002900DA0020184310BD30B40D
:1003B00080EA010202F0004530F0004221F00040E6
:1003C00013D090B1C30DD40DC2F31601C0F31600C3
:1003D000E41A41F4000140F400027D34914201D35B
:1003E000641C00E04900002C02DA30BC0020704799
:1003F0004FF400000023914201D3891A03434008BF
:100400004FEA4101F7D151B1914202D14FF0004181
:1004100005E002D24FF0010101E06FF0010103EBB2
:10042000C450284430BC00F042B92DE9FE4F81EAA7
:10043000030404F0004421F0004100944FF0000B4D
:1004400023F0004350EA01045ED052EA03045BD07B
:10045000C3F30A54C1F30A552C44A4F2F3340194B3
:10046000A0FB0254C1F3130141F48011C3F3130341
:1004700043F4801301FB024400FB034E840A970AF5
:1004800044EA815447EA8357A4FB076802958D0A22
:1004900005FB07854FEA932C04FB0C542705029DAE
:1004A0004FEA065847EA1637B5EB08056EEB070C1E
:1004B000870E920E47EA811742EA8312A7FB0201D8
:1004C000B6EB0B0164EB00042B0D43EA0C335E1812
:1004D00044EB1C50DA465146E7FB0201C5F3130416
:1004E0004FEA0B3343EA14534FEA0432019C43EAC8
:1004F0000603A4F10C040294009CCDE900B400F0C2
:100500001CF903B0BDE8F08F00200146F9E72DE9A2
:10051000F04D81EA030404F0004B21F0004514463D
:100520004FF0000A23F0004150EA050220D054EABF
:1005300001021DD0C5F30A570246C5F31303C1F3E8
:100540001300C1F30A5640F4801543F48013A7EB5F
:100550000608101BD64608F2FD3873EB050002D3DF
:1005600008F1010801E092185B41B8F1000F03DACD
:1005700000200146BDE8F08D00204FF480110646B2
:1005800084460EE0171B73EB050705D3121B63EBC4
:10059000050306434CEA010C49084FEA3000921863
:1005A0005B4150EA0107EDD152EA030012D082EA22
:1005B000040083EA0501084305D0101BAB4106D2B5
:1005C0000122002306E000224FF0004302E06FF01A
:1005D000010253101AEB06004CEB085110EB0A0015
:1005E00041EB0B01BDE8F04D00F098B870B521F07B
:1005F000004303430CD0C1F30A550024D5EB040596
:1006000064EB0403D617AD1AB34102DB00200146A8
:1006100070BD201841EB025170BD96230022114697
:1006200000F04EB8C1F30A5210B5C1F3130140F205
:10063000FF3341F480119A4201DA002010BD40F2EC
:1006400033439A42A2F2334203DC5242FFF7CFFD1A
:1006500010BD904010BD00F0004230F000400AD0C4
:10066000C10D01F56071C0F3160042EA0151C208E4
:10067000400711437047002001467047002801DB06
:10068000C0F10040002901DBC1F100418142704707
:10069000202A04DB203A00FA02F100207047914042
:1006A000C2F1200320FA03F3194390407047002958
:1006B000A8BF7047401C490008BF20F001007047E8
:1006C00010B4B0FA80FC00FA0CF050EA010404BF48
:1006D00010BC704749B1CCF1200421FA04F411FA9E
:1006E0000CF118BF012121430843A3EB0C01CB1DE2
:1006F0004FEA00614FEA102042BF002010BC704753
:1007000000EBC35010440029A4BF10BC7047401C2C
:10071000490008BF20F0010010BC704710B5141E3E
:1007200073F1000408DA401C41F1000192185B41AA
:100730001A4301D120F0010010BD2DE9F04D924681
:100740009B4611B1B1FA81F202E0B0FA80F2203298
:100750009046FFF79DFF04460F4640EA0A0041EA33
:100760000B0153465A46084313D0114653EA010081
:1007700019D0C8F140025046FFF739FD05460E4634
:10078000504659464246FFF783FF084305D00120F3
:1007900004E020463946BDE8F08D0020054346EAD6
:1007A000E0762C4337430A986305E40AA0EB08007F
:1007B0000022FD0A44EA47540A3002D500200146CF
:1007C000E9E7010510196941DDE9084500196941AA
:1007D000BDE8F04DA2E70000064C074D06E0E068DA
:1007E00040F0010394E8070098471034AC42F6D378
:1007F000FFF7B2FCCCBF0008ECBF000830B58C1886
:1008000010F8012B12F00F0301D110F8013B12096F
:1008100006D110F8012B03E010F8015B01F8015B31
:100820005B1EF9D101E001F8013B521EFBD1A14250
:10083000E6D3002030BDFEE77047000003484FF4C8
:10084000E0014161002141607047000000900240DA
:100850002DE9FF4F81B006463148DDE90F58DDF83C
:10086000389001681F46144641F00101016001689B
:10087000C907FCD12B498246416141692AA002F097
:100880008FFB3B46CDF8009031463548029A02F086
:1008900087FB0021C8F30D004FF0004B40F480436C
:1008A000621E13E006EB4110C0F800B04360DDF8B3
:1008B00008C001FB08CCC0F808C0914204D200F186
:1008C000200CC0F80CC000E0C660491CA142E9D36E
:1008D000002084464FF480186A1E11E007EB401197
:1008E000C1F80080C1F804C0119C00FB04938B6028
:1008F000904203D201F12003CB6000E0CF60401CA6
:10090000A842EBD31749CAF80010CAF80C60CAF81D
:1009100010701549CAF8181005B0BDE8F08F000036
:1009200000900240048401005B444D415D20444D31
:100930004153525F41465445525F434C4541523DFD
:1009400030782530385820286578706563742030F9
:10095000783030303030303030290D0A000000005F
:100960004CBD0008802041020620300401680029A7
:1009700005DB0168C90502D50168090401D500201D
:1009800070470068C0F30D4070471079537940EA12
:10099000032301F1804000F5203003641178D378FF
:1009A00041EA0361937852781B0443EA022211431F
:1009B00041647047F0B5ADB00446002904D04FF44F
:1009C0000060E060C000A0600025109511951295B0
:1009D000139514951595E06900287CD016954FF471
:1009E00000701790189519951A951B951C9540271E
:1009F0001D971E951F952095219522952395249549
:100A00002595802026902795289529952A952B9520
:100A10002C9520680168464A1140E368A2681A4391
:100A2000169B1A4342F40072114301602068066865
:100A3000012000F0F9F8206806602068476020680F
:100A40004668012000F0F0F8206846602068856064
:100A50002068C560206881694FF64172114041F0FD
:100A60008001816120688669012000F0DDF820683E
:100A700086612068C5612068C669012000F0D4F84D
:100A80002068C6610195F804029003950111049154
:100A90000595069507950895042109910A9040123D
:100AA0000B9080010C9040120D900E950F952068D0
:100AB00000F5805081691F4A114041F0040141F066
:100AC00008718161206800F580508569012000F07F
:100AD000ABF8206800E016E000F5805085612168E1
:100AE000154801F580510860206800F580500568C0
:100AF000012000F099F8206800F580500560A06999
:100B0000012804D00CE04FF48060169067E720685D
:100B100000F58050C16941F0400141F48031C1616C
:100B200062692DB02046BDE8F0400021FFF72DBFDF
:100B30000F8120FF233FDEF80020C1024288018898
:100B400052BA03791204407942EA03220243074869
:100B500049BA41F000410164426405490160054918
:100B600041604FF481518161704700000080024074
:100B70000C0C01000004008030B5124A104B1469BF
:100B80004FF6FF7524F01C0424F4784424F4F86430
:100B900044F0100405EAC02020434FF4F86404EA4E
:100BA0008111014321F0020040F00100106101E0D9
:100BB0005B1E02D01069C007FAD1506980B230BD07
:100BC000A086010000800240C3F30D0141F4804182
:100BD00041604FF0004101607047000030B5114B9B
:100BE0000F4C5A611A694FF6FF7522F01C0222F46D
:100BF000784222F4F86242F0100205EAC020104365
:100C00004FF4F86202EA8111014341F003001861D8
:100C100001E0641E02D01869C007FAD130BD00009F
:100C2000A08601000080024070B5044600F034FB4D
:100C30000546B4F1FF3F02D004480078044400F0B8
:100C40002BFB401BA042FAD370BD0000A80000207F
:100C50002DE9F843044600270097B846002C03D03E
:100C600094F8440018B107E00120BDE8F88384F847
:100C70004570204600F0F6F87548416821F40001FF
:100C800041604168226A11434160206800F580504C
:100C9000016841F00101016000F0FEFA054620689C
:100CA00000F58050006810F0010F13D000F0F4FA46
:100CB000401BB0F5FA7F06D9032084F8440084F87D
:100CC0004570BDE8F883206800F58050006810F09A
:100CD000010FEBD12068006920F01C0501F068F8D5
:100CE0005C495D4A0144914202D245F0080506E0A4
:100CF0005A4908445A49884201D245F00C052068F7
:100D000005614FF400420021204600F075F94FF0D4
:100D1000010940B101212046FFF74CFE84F84490C0
:100D20000120BDE8F883FF20FFF77EFF6068002800
:100D30006AD000F0B1FA064641F288356A460121D0
:100D4000204600F013F900F0A7FA801BA8420AD948
:100D500001212046FFF72EFE84F8449084F8457068
:100D60000320BDE8F883009810F0040FE6D04FF49C
:100D700080520021204600F03FF940B10121204679
:100D8000FFF718FE84F844900120BDE8F88300F0D6
:100D900083FA06466A460121204600F0E7F800F093
:100DA0007BFA801BA8420AD901212046FFF702FEE8
:100DB00084F8449084F845700320BDE8F8830098D7
:100DC00010F0200FE6D06A461021204600F0CEF841
:100DD00040B101212046FFF7EDFD84F84490012049
:100DE000BDE8F883009810F0040F03D04FF40061C1
:100DF000E16000E0E76010F0020F01D0A7601DE0A5
:100E00004FF48040A06019E0E068A168C0F3CF0013
:100E1000C1F34F0140EA01020021204600F0ECF846
:100E200040B101212046FFF7C5FD84F84490012020
:100E3000BDE8F88340F6FF70FFF7F6FE4146204616
:100E4000FFF7B8FD84F844900020BDE8F883000067
:100E50000000014000D3CEFEC0E1E40040F1E9FD16
:100E600040787D01F0B585B000240094019402948F
:100E7000039400683649884268D13648416941F494
:100E800080414161416901F480410491416941F42B
:100E900000414161416901F400410491416941F41B
:100EA00080314161416901F480310491816941F0EF
:100EB00010018161816901F010010491816941F0A3
:100EC00004018161816901F004010491816941F0AB
:100ED00008018161816901F008010491816941F093
:100EE000200181618069022500F020000095032621
:100EF0000195CDE903606946174800F0BFF8CDE9D8
:100F00000054164F69463846029400F0B7F80420A2
:100F1000CDE9000569460396384600F0AFF84FF476
:100F20006050CDE90005694603960D4800F0A6F82B
:100F30004FF4E060CDE9000469460A48029400F0ED
:100F40009DF80948416841F0E461416005B0F0BD99
:100F500000800240001002400010014000080140E3
:100F6000000C014000140140000001402DE9F04157
:100F70000446174694F8440082282CD0822084F836
:100F800044002068026902F01C02238A4FF4784C66
:100F90000CEAC3231A434FF4F86303EA81111143A7
:100FA00021F0020141F00106066100F075F90546E5
:100FB00016F0010F4FF0010615D000F06DF9401B3F
:100FC000B0F5803F0AD384F84460002084F84500DF
:100FD0000320BDE8F0810220BDE8F08120680069AF
:100FE00010F0010FE9D12068406980B2386084F8C0
:100FF00044600020BDE8F08170B5044694F84400D8
:10100000422830D0422084F844002068036903F06D
:101010001C03B4F810C04FF4784505EACC2C4CEA18
:1010200003034FF4F86C0CEA8111194341F00201FB
:1010300041F0010691B241612068066100F02CF98F
:10104000054616F0010F4FF0010613D000F024F909
:10105000401BB0F5803F08D384F84460002084F83A
:101060004500032070BD022070BD2068006910F0AB
:10107000010FEBD184F84460002070BD2DE9F84FDA
:101080004FF0000C00230A68002A7DD0DFF8DC81D5
:101090000F27A8F1040A08F10409AAF1040B0122A0
:1010A00002FA0CF60A683240B2426ED1DFF8C0E1B3
:1010B0004C68A4EB0E0574452BD00DDC032C34D00A
:1010C00005DC34B3012C19D0022C2FD11BE0112CDC
:1010D00016D0122C2AD119E0B5F5881F19D006DCDC
:1010E000B5F5803F15D0B5F5801F1FD111E0B5F5DE
:1010F000001F0ED0B5F5041F18D10AE0CB6815E02B
:10110000CB681B1D12E0CB6808330FE0CB680C33B3
:101110000CE08B6823B1012B04D00823466105E065
:10112000042303E00823066100E00023B2F5807F7A
:1011300001D2054601E000F1040502D24FEA8C0419
:1011400003E0ACF108044FEA84042E6807FA04FEB9
:1011500026EA0E0603FA04F446EA04042C604C68FE
:1011600014F0805F79D0434CA56945F00105A56175
:10117000A46904F0010400942CF0030404F18044F9
:1011800004F58034A66801E06EE066E04FEA8C75F5
:101190004FEA157507FA05FE26EA0E0EA0F1804605
:1011A000B6F584361ED0A0F18046B6F586361BD043
:1011B000A0F18046B6F5883618D0A0F18046B6F585
:1011C0008A3615D0042606FA05F545EA0E05A5600F
:1011D0004C6814F4801F0DD0D8F800401443C8F8B0
:1011E00000400CE00026EEE70126ECE70226EAE7E5
:1011F0000326E8E7D8F800409443C8F800404C685C
:1012000014F4001F05D0D9F800401443C9F8004079
:1012100004E0D9F800409443C9F800404C6814F445
:10122000003F05D0DAF800401443CAF8004004E05B
:10123000DAF800409443CAF800404C6814F4803F48
:1012400005D0DBF800402243CBF8002005E0DBF8B6
:10125000004024EA0202CBF800200CF1010C0A68DD
:1012600032FA0CF27FF41BAFBDE8F88F080401409E
:101270000000111000100240C26821EA0203114070
:1012800043EA014101617047002A01D001617047C2
:101290000904016170470000014880687047000040
:1012A000A800002070B50446002C04D094F83D003E
:1012B000002510B106E0012070BD84F83C502046A6
:1012C00000F0DAFB242084F83D002068016821F05A
:1012D000010101602068016841F40041016020685B
:1012E000016821F40041016000F068FD544B616821
:1012F000994203D85349884203D304E052498842B3
:1013000001D2012070BD5149B0FBF1F12268D2F841
:1013100004C02CF03F0C4CEA010CC2F804C0626817
:101320009A4201D84A1C07E04FF4967251434FF499
:101330007A72B1FBF2F14A1C2168D1F820C02CF07E
:101340003F0C42EA0C020A626168994210D84900D7
:10135000401EB0FBF1F2521CC2F30B02042A01D270
:10136000042026E0B0FBF1F0401CC0F30B0020E0AD
:10137000A268002A50D001EBC10303EB0113A0F1D6
:10138000010CBCFBF3F35B1C43F480431B051B0DFA
:101390004AD0002A4AD001EBC10202EB0111401EE3
:1013A000B0FBF1F0401CC0F30B0040F4804040F46F
:1013B00000402168CA6922F0FF0222F44F42104324
:1013C000C861216AE06901432068026822F0C00216
:1013D00011430160E168206901432068826822F0BE
:1013E000FF0222F4034211438160A1696069014355
:1013F0002068C26822F0FF021143C16020680168C2
:1014000041F0010101602564202084F83D0025633E
:1014100084F83E50002070BD01EB4103A0F1010CA7
:10142000BCFBF3F35B1CB1E70120C2E701EB410118
:10143000401EB0FBF1F0401CC0F30B00B7E700000A
:10144000A086010080841E0000093D0040420F007C
:101450002DE9F84F0446884692461E46FFF71CFFCA
:101460000546002794F83D00202802D00220BDE860
:10147000F88F1923012256492046009501F027FADA
:1014800010B10220BDE8F88F94F83C00012808D084
:10149000012084F83C002068016811F0010F03D09E
:1014A00006E00220BDE8F88F016841F0010101600B
:1014B0002068016821F400610160242084F83D0067
:1014C000002020644348E06208F0FE094FF0A008C5
:1014D0004FF0200B2068016841F4807101603346B1
:1014E00000224FF001112046009501F0F0F950B1B3
:1014F0002068006810F4807F02D04FF400702064F0
:101500000320BDE8F88F2068C0F81090FFF7C4FEF4
:10151000054620684169C1F340014069C0F380205D
:101520000EE0FFF7B9FE401BB04200D80EB984F8B8
:101530003D8020684169C1F340014069C0F38020CB
:1015400094F83D20A02A02D009B90028E9D084F8F7
:101550003DB02068416911F0020F1BD02168096875
:1015600041F40071016000262068416980690090A3
:101570001923012216492046009501F0A8F910B15F
:101580000120BDE8F88F84F83DB084F83C6000206D
:10159000BDE8F88F016841F40071016021686FF4C3
:1015A000806048611923012209492046009501F015
:1015B0008EF910B10120BDE8F88F7F1C574589D303
:1015C00084F83DB0002084F83C000120BDE8F88F8D
:1015D000020010000000FFFF2DE9FF4F83B004461A
:1015E000DDF84490DDF84080129E8A46934600273D
:1015F0000297FFF751FE054694F83D00202803D0DE
:1016000007B00220BDE8F08F19230122B949204616
:10161000009501F05CF918B107B00220BDE8F08F29
:1016200094F83C00012808D0012084F83C00206890
:10163000016811F0010F04D007E007B00220BDE8F7
:10164000F08F016841F0010101602068016821F418
:1016500000610160222084F83D00402084F83E00B3
:101660002764C4F82480A4F82A90608D2085A248BD
:10167000E062019500965A4651462046069B00F0CE
:10168000E1FF18B107B00120BDE8F08F208D68B3ED
:10169000012834D0022842D02068016841F48061DA
:1016A00001602068416980690190208D4FF0200819
:1016B000002800F01481DFF844B2DFF8449246F2CB
:1016C000A81A208D032800F2D680012837D00228DE
:1016D0004DD03346002259462046009501F0F7F8D8
:1016E000002872D007B00120BDE8F08F2068416962
:1016F00081690191016841F400710160D5E72068BA
:10170000016821F48061016072B6206841698169D5
:101710000191016841F40071016062B6C5E720687B
:10172000016841F40061016072B620684169816915
:101730000191016821F48061016062B6B5E72A4633
:101740003146204601F0AEF918B107B00120BDE8DE
:10175000F08F20680069616A0870606A401C6062EE
:10176000208D401E2085608D401E6085B3E033468D
:10177000002259462046009501F0A9F818B107B09B
:101780000120BDE8F08F72B62068016841F4007155
:10179000016020680069616A0870606A401C6062CC
:1017A000218D491E2185618D491E618562B62168A2
:1017B00009690170606A401C6062208D401E2085AE
:1017C000608D401E608586E0FFE72068016821F497
:1017D0008061016072B620680069616A0870606AA1
:1017E000401C6062208D401E2085608D401E6085FB
:1017F000D9F80000B0FBFAF0C0EBC00000EB8000AD
:1018000002900298401E0290029820B3206840691E
:1018100010F0040FF5D02068016841F400710160F8
:1018200020680069616A0870606A401C6062218DEE
:10183000491E2185618D491E618562B6216809694D
:101840000170606A401C6062208D401E2085608DA2
:10185000401E60853FE0276384F83D8084F83E7039
:10186000206C40F02000206462B684F83C7007B021
:101870000120BDE8F08F2A463146204601F012F9DA
:1018800018B107B00120BDE8F08F20680069616AD7
:101890000870606A401C6062208D401E81B2218504
:1018A000608D401E60852068426912F0040F12D0DE
:1018B000032903D1016821F4806101602068006977
:1018C000616A0870606A401C6062208D401E20853D
:1018D000608D401E6085208D00287FF4F2AE84F874
:1018E0003D8084F83E7084F83C7007B00020BDE86D
:1018F000F08F0000020010000000FFFF0400010054
:10190000B40000202DE9FF4F83B004468A46934679
:10191000DDF84490DDF84080129EFFF7BDFC0546DF
:1019200094F83D00202803D007B00220BDE8F08FD6
:10193000192301224E492046009500F0C8FF18B136
:1019400007B00220BDE8F08F94F83C00012808D0D1
:10195000012084F83C002068016811F0010F04D0D8
:1019600007E007B00220BDE8F08F016841F00101F7
:1019700001602068016821F400610160212084F881
:101980003D00402084F83E0000272764C4F82480EE
:10199000A4F82A90608D20853648E0620195009673
:1019A0005A4651462046069B00F0F6FE18B107B095
:1019B0000120BDE8F08F208D002836D02A46314620
:1019C000204601F0B2F858B1206C042804D12068F8
:1019D000016841F40071016007B00120BDE8F08F9B
:1019E000606A216800780861606A00F1010CC4F83F
:1019F00024C0208D401E80B22085618D491E6185E6
:101A00002368596911F0040F0CD058B19CF80000FC
:101A10001861606A401C6062208D401E2085608DC8
:101A2000401E6085208D0028C8D12A4631462046B8
:101A300000F01AFF58B1206C042804D12068016816
:101A400041F40071016007B00120BDE8F08F20680B
:101A5000016841F400710160202084F83D0084F8A1
:101A60003E7084F83C7007B00020BDE8F08F0000A5
:101A7000020010000000FFFF10B586B000210091A9
:101A800001910291039100680F4988421AD10F4CCD
:101A9000A06940F00800A061A069694600F0080054
:101AA0000490C02000901220019003200390084869
:101AB000FFF7E4FAE06940F40010E061E06900F447
:101AC0000010049006B010BD005400400010024009
:101AD000000C01400248816802781144816070471F
:101AE000A800002010B50748016841F0100101600E
:101AF000032000F08BF80F2000F006F800F026F825
:101B0000002010BD0020024070B504460D4D4FF47A
:101B10007A712878B1FBF0F00B490968B1FBF0F05D
:101B200000F068FC08B1012070BD102C07D2002223
:101B30002146501E00F036F86C60002070BD012078
:101B400070BD0000A8000020B40000200C4808B5BB
:101B5000816941F001018161816901F00101009118
:101B6000C16941F08051C161C06900F080500090AE
:101B70000448416821F0E06141F00071416008BD16
:101B8000001002400000014000280ADB00F01F01A5
:101B9000012202FA01F14009800000F1E020C0F8C2
:101BA0000011704710B4184B1B68C3F30223C3F134
:101BB000070CBCF1040F01D94FF0040C1C1D072CBD
:101BC00001D2002300E0DB1E012404FA0CFCACF17E
:101BD000010C0CEA0101994004FA03F35B1E1A4060
:101BE0001143002806DB00F1E020090180F8001411
:101BF00010BC704700F00F0000F1E020090180F8F0
:101C0000141D10BC704700000CED00E000F0070050
:101C1000064A11684FF6FF03194041EA002040F0E0
:101C2000FD7040F080601060704700000CED00E037
:101C30002DE9F04704460D46002C17D0DFF85C81F3
:101C4000D8F8000000F00700A84212D2D8F800002F
:101C500020F007002843C8F80000D8F8000000F082
:101C60000700A84205D00120BDE8F0870120BDE8AB
:101C7000F08720684A4E10F0020F14D010F0040FC5
:101C800003D0706840F4E0607060207810F0080FB6
:101C900003D0706840F460507060706820F0F0010C
:101CA000A06808437060207810F0010F3AD0606897
:101CB000012806D002280BD0316811F0020F27D07E
:101CC0000AE0316811F4003F06D10120BDE8F08739
:101CD000316811F0007F18D0716821F003010843CA
:101CE0007060FFF7D9FA07467068616800F00C0071
:101CF000B0EB810F16D041F28839FFF7CDFAC01B47
:101D0000484508D90320BDE8F0870120BDE8F087E9
:101D10000120BDE8F0877068616800F00C00B0EB4E
:101D2000810FEAD1D8F8000000F00700A8420FD9CF
:101D3000D8F8000020F007002843C8F80000D8F8C1
:101D4000000000F00700A84202D00120BDE8F087A3
:101D5000207810F0040F05D07068E16820F4E0608E
:101D600008437060207810F0080F06D07068216971
:101D700020F4605040EAC100706000F03FF87168E4
:101D8000084AC1F30311515CC8400749086007487D
:101D90000068FFF7B9FE0020BDE8F0870020024090
:101DA000001002401EBB0008B4000020AC00002060
:101DB0000148006870470000B400002000B5FFF73C
:101DC000F7FF04494968044AC1F30221515CC84045
:101DD00000BD0000001002402EBB000800B5FFF758
:101DE000E7FF04494968044AC1F3C221515CC84075
:101DF00000BD0000001002402EBB00082DE9F0419C
:101E0000214B586800F00C01042904D0082905D0A2
:101E10001E48BDE8F0811E48BDE8F0811D49C0F3B1
:101E200083428C5C10F4803F29D0D86A0E3100F0D8
:101E30000F00085CD96A11F4803F17D0D96AC1F34A
:101E400003114A1CD96AC1F30321891CA2FB002398
:101E5000A1FB0415DFF838C00026A1FB0C0705FB29
:101E60000C7C01FB06C1FEF791F903E008496143D0
:101E7000B1FBF0F00D2CCFD14008BDE8F081064851
:101E80006043BDE8F08100000010024000127A00BB
:101E900040787D0100BB000800093D0030B587B0E7
:101EA0000D460020049002200390032005904FF47B
:101EB00080700290094CA06940F00400A061A06904
:101EC00000F00400019002A90548FFF7D7F8606808
:101ED00020F070602843606007B030BD0010024001
:101EE000000801402DE9F84F0446002C0FD020785F
:101EF000FE4D10F0010F6CD0686800F00C00042853
:101F00000CD0686800F00C00082803D010E0012015
:101F1000BDE8F88F686810F4803F09D0286810F495
:101F2000003F56D0A068002853D10120BDE8F88FAB
:101F3000A068B0F5803F15D0C8B1B0F5A02F1FD074
:101F4000286820F480302860286820F480202860E9
:101F5000A06858B3FFF7A0F90646286810F4003FC0
:101F600017D036E0286840F480302860F0E7286811
:101F700020F480302860286820F480202860E7E77B
:101F8000286840F480202860286840F48030286069
:101F9000DEE7FFF781F9801B642802D90320BDE842
:101FA000F88F286810F4003FF3D012E0FFF774F9BF
:101FB0000646286810F4003F0BD0FFF76DF9801B30
:101FC000642802D90320BDE8F88F286810F4003F88
:101FD000F3D12078C64F10F0020F4FF001094FF0F7
:101FE000000854D0686810F00C0F14D0686800F036
:101FF0000C00082803D1686810F4803F0BD060699A
:1020000078B3C7F80090FFF747F90646286810F044
:10201000020F12D01DE0286810F0020F05D0606991
:10202000012802D00120BDE8F88F2868A16920F0BE
:10203000F80040EAC100286029E0FFF72DF9801B75
:10204000022802D90320BDE8F88F286810F0020F9B
:10205000F3D02868A16920F0F80040EAC1002860A8
:1020600015E0FFE7C7F80080FFF716F90646286875
:1020700010F0020F0BD0FFF70FF9801B022802D9D6
:102080000320BDE8F88F286810F0020FF3D1207804
:1020900010F0080F30D09748E169C1B1C0F8009046
:1020A000FFF7FAF80646686A10F0020F0BD1FFF747
:1020B000F3F8801B022802D90320BDE8F88F686A74
:1020C00010F0020FF3D0012000F026FE14E0C0F85B
:1020D0000080FFF7E1F80646686A10F0020F0BD0A7
:1020E000FFF7DAF8801B022802D90320BDE8F88F39
:1020F000686A10F0020FF3D1207810F0040F6FD04F
:102100000026E86910F0805F08D1E86940F080504F
:10211000E861E86900F0805000900126DFF8D8B14E
:10212000DBF8000010F4807F1BD1DBF8000040F4E6
:102130008070CBF80000FFF7AFF88246DBF80000B4
:1021400010F4807F0DD1FFF7A7F8A0EB0A006428F8
:1021500002D90320BDE8F88FDBF8000010F4807F7F
:10216000F1D02069012816D0D0B1052821D0286AE5
:1021700020F001002862286A20F00400286220690B
:1021800041F2883B68B3FFF787F88246286A10F06F
:10219000020F17D03AE0286A40F001002862EEE70B
:1021A000286A20F001002862286A20F004002862D2
:1021B000E5E7286A40F004002862286A40F0010040
:1021C0002862DCE7FFF768F8A0EB0A00584502D95F
:1021D0000320BDE8F88F286A10F0020FF2D015E056
:1021E0001AE0FFE7FFF758F88246286A10F0020F5E
:1021F0000CD0FFF751F8A0EB0A00584502D9032094
:10220000BDE8F88F286A10F0020FF2D1012E03D139
:10221000E86920F08050E861E06A98B3696811F4D9
:10222000803F0BD0696801F00C01082906D1E96AEA
:1022300011F4803F02D00120BDE8F88F022814D0AD
:10224000E86A20F48030E862C7F86880FFF724F875
:102250000646286810F0006F59D0FFF71DF8801B64
:10226000642850D90320BDE8F88F286810F0805FFB
:1022700009D0E86A616B00F0F000884203D00120C9
:10228000BDE8F88F43E0C7F86880FFF705F8064619
:10229000286810F0006F0BD0FEF7FEFF801B64284B
:1022A00002D90320BDE8F88F286810F0006FF3D141
:1022B000E86A616B20F0F0000843E862E86A216B8D
:1022C00020F470600843E862C7F86890FEF7E4FF06
:1022D0000646286810F0006F19D1FEF7DDFF801B5D
:1022E00064280BD90320BDE8F88F000000100240DD
:1022F000000042428004424200700040286810F012
:10230000006FEAD003E0286810F0006FA5D1206AC2
:10231000E8B3696801F00C01082957D002280FD0F2
:10232000C7F86080FEF7B8FF0446286810F0007F09
:102330005DD0FEF7B1FF001B022842D90320D2E78F
:10234000C7F86080FEF7A8FF0646286810F0007FF7
:102350000AD0FEF7A1FF801B022801D90320C2E7A3
:10236000286810F0007FF4D1606AB0F5803F09D191
:10237000E86A61680843E862E86AE16820F00F00F3
:102380000843E862A16A606A0843696800E02EE0D9
:1023900021F4741108436860C7F86090FEF77CFF71
:1023A0000446286810F0007F21D1FEF775FF001B5E
:1023B000022801D9032096E7286810F0007FF4D0A6
:1023C00015E0286810F0007FB3D110E001280CD090
:1023D0006868626A00F48031914204D1A16A00F415
:1023E0007010884203D001207DE701207BE70020A8
:1023F00079E70000401EB0F1807F01D301207047D3
:102400004FF0E0214861044AF020107000208861FC
:10241000072008610020704723ED00E070B50446F6
:10242000002C04D094F84100002510B106E00120F2
:1024300070BD84F84050204600F024F8242084F831
:1024400041002068C16821F40051C160204600F0BD
:10245000F9FC2068016921F490410161206841691B
:1024600021F02A0141612068C16841F40051C16036
:102470006564202084F8410084F8420065630020F0
:1024800070BD000030B585B0002400940194029422
:1024900003942B4D03682B4802210322AB4222D127
:1024A000836943F480438361836903F48043049325
:1024B000836943F0040383618069234D00F00400C5
:1024C00004900802CDE90001039269462846FEF710
:1024D000D5FD2815CDE90004694628460294FEF78B
:1024E000CDFD05B030BD194DAB42FAD1C36943F4FF
:1024F0000033C361C36903F400330493836943F079
:10250000200383618069124D00F020000490202098
:10251000CDE90001039269462846FEF7AFFD402051
:10252000CDE90004694628460294FEF7A7FD094854
:10253000416841F0E06141F008014160D1E70000ED
:1025400000380140001002400008014000440040F3
:1025500000140140000001402DE9F84304460E46F6
:1025600015461F4694F84100202802D00220BDE8FD
:10257000F8837EB175B100206064212084F84100A9
:10258000FEF78AFE8146A584E584A068B0F5805FE9
:1025900003D004E00120BDE8F883206990B13546FE
:1025A0000026E08C4FF02008C8B14B460022802165
:1025B0002046009700F0AAFC30B184F84180032047
:1025C000BDE8F8830025ECE7B5B1216828784860BC
:1025D0006D1CE08C401EE084E08C0028E5D14B4669
:1025E000002240212046009700F090FC58B184F86A
:1025F00041800320BDE8F88330882168C0F30800DB
:102600004860B61CE5E784F841800020BDE8F88307
:10261000FEE701684A6912F4806F11D06FF480629E
:102620004A6100210163202280F83D2080F83E109D
:10263000026C42F00402026480F83C1001207047F2
:10264000002070472DE9F84F0446DDF828A00B9DC7
:102650000F4690461E462068016841F48061016083
:102660002068016841F480710160534600224FF0F8
:1026700001112046009500F02AF94FF4007948B185
:102680002068006810F4807F01D0C4F840900320D7
:10269000BDE8F88F216807F0FE000861DFF8F4B0AC
:1026A0002B4652465946204600F086F910B10120CB
:1026B000BDE8F88F20684169806900902A4651463C
:1026C000204600F032FA50B1206C042804D1206872
:1026D000016841F4007101600120BDE8F88F3046C7
:1026E00008F0FF0601280DD021684FEA1820086184
:1026F0002A465146204600F018FA70B1206C042892
:1027000003D007E02068066109E02068016841F411
:10271000007101600120BDE8F88F206806612A463B
:102720005146204600F001FA50B1206C042804D133
:102730002068016841F4007101600120BDE8F88F54
:102740002068016841F480710160534600224FF017
:1027500001112046009500F0BAF848B120680068E1
:1027600010F4807F01D0C4F840900320BDE8F88FBA
:102770002168F8B240F0010008612B4652465946E4
:10278000204600F019F910B10120BDE8F88F0020B3
:10279000BDE8F88F020001002DE9F8430446DDF89A
:1027A0002090099F0D46164698462068016841F41E
:1027B000807101604B4600224FF0011120460097C6
:1027C00000F085F850B12068006810F4807F02D0D6
:1027D0004FF4007020640320BDE8F883216805F001
:1027E000FE0008613B464A461E49204600F0E4F8D8
:1027F00010B10120BDE8F88320684169806900902C
:102800003A464946204600F090F950B1206C042821
:1028100004D12068016841F4007101600120BDE825
:10282000F883F5B2B8F1010F0CD02168300A0861C5
:102830003A464946204600F078F970B1206C0428E9
:1028400003D007E02068056109E02068016841F4D1
:10285000007101600120BDE8F88320680561002057
:10286000BDE8F8830200010070B504460D46164627
:102870002068406910F0040F18D12046FFF7C9FE08
:1028800008B1012070BDB5F1FF3F0AD0FEF704FD8D
:10289000801BA84200D825B92068406910F0040FB9
:1028A00006D02068406910F0040FE6D0002070BD0B
:1028B00000202063202184F83D1084F83E00216C24
:1028C00041F02001216484F83C00012070BD2DE915
:1028D000F0470446DDF820900D4617461E46C5F326
:1028E00007482068B8F1010F13D0806925EA00007D
:1028F0000004000C17D00020B8424DD1B6F1FF3FC4
:102900003DD0FEF7C9FCA0EB0900B0420DD866B17E
:1029100035E0406925EA00000004000C01D00020E9
:10292000EAE70120E8E70120E6E7B8F1010F19D056
:102930002068806925EA00000004000C1DD00020FA
:10294000B8421CD100202063202184F83D1084F877
:102950003E00216C41F02001216484F83C000120FC
:10296000BDE8F0872068406925EA00000004000CFB
:1029700001D00020E4E70120E2E70120E0E7B8F120
:10298000010F0CD02068806925EA00000004000CCB
:1029900010D00020B842B1D00020BDE8F0872068F8
:1029A000406925EA00000004000C01D00020F1E796
:1029B0000120EFE70120EDE72DE9F04704460D4641
:1029C00016469846C5F307472068012F26D0806930
:1029D00025EA00000004000C59D04FF000094FF028
:1029E000200A2068406910F4806F1ED020680168BA
:1029F00041F40071016021686FF480604861C4F89F
:102A0000309084F83DA084F83E90206C40F00400A3
:102A1000206484F83C900120BDE8F087406925EAF5
:102A200000000004000C32D0D7E7B6F1FF3F25D0FC
:102A3000FEF732FCA0EB0800B04200D8F6B9012F37
:102A400015D02068806925EA00000004000C15D02C
:102A5000C4F8309084F83DA084F83E90206C40F09B
:102A60002000206484F83C900120BDE8F0872068B5
:102A7000406925EA00000004000CE9D1012F09D0CB
:102A80002068806925EA00000004000CA9D100201C
:102A9000BDE8F0872068406925EA00000004000CCA
:102AA0009FD1F4E72DE9F04104460D461646206813
:102AB000406910F0400F27D100274FF02008206810
:102AC000406910F0100F0FD020686FF010014161C5
:102AD000276384F83D8084F83E70206C206484F87D
:102AE0003C700120BDE8F081FEF7D6FB801BA842B8
:102AF00000D825B92068406910F0400F07D0206841
:102B0000406910F0400FDAD00020BDE8F081276363
:102B100084F83D8084F83E70206C40F020002064F2
:102B200084F83C700120BDE8F08170B504460D4684
:102B300016462068406910F0800F18D12046FFF734
:102B400068FD08B1012070BDB5F1FF3F0AD0FEF766
:102B5000A3FB801BA84200D825B92068406910F06B
:102B6000800F06D02068406910F0800FE6D000206A
:102B700070BD00202063202184F83D1084F83E00C1
:102B8000216C41F02001216484F83C00012070BDDB
:102B9000114810B50F49016001218A03C0E90112F3
:102BA000CA02C26001820D49002280230A704B7064
:102BB000E1238B70CA700A714A71C0E905124FF4A3
:102BC0000001C0E90721FEF743F8002801D072B6E2
:102BD000FEE710BD0080024010160020800000209B
:102BE0002DE9F04385B00025284800950195029510
:102BF0000395816941F010018161816901F0100143
:102C00000491816941F004018161816901F004014D
:102C10000491816941F008018161816901F0080135
:102C20000491816941F0200181618069DFF8608051
:102C300000F020000490002201214046FEF724FB12
:102C4000DFF850904FF20407002239464846FEF75D
:102C50001BFB02240126CDE902540096694640463A
:102C60000196FEF70BFACDE90254CDE900766946EC
:102C70004846FEF703FAE001CDE90004694606483C
:102C80000394FEF7FBF905B0BDE8F08300100240A5
:102C9000000C014000140140000801402DE9FF41F3
:102CA00000254FF4005701260224DFF85C80CDE9AF
:102CB0000254CDE9007669464046FEF7DFF901226D
:102CC00039464046FEF7E0FACDE90046DFF83C80A1
:102CD000CDE9025469464046FEF7D0F900220221B0
:102CE0004046FEF7D1FA6703CDE90254CDE90076FC
:102CF00069464046FEF7C2F9002239464046FEF7D3
:102D0000C3FABDE8FF81000000100140000C014043
:102D1000FEE7FEE77047000081B007494FF4FA5222
:102D20000968B1FBF2F14843009000BF0098411ED2
:102D30000091FAD201B07047B40000207047000043
:102D400010B5FEF7C7FEFEF7A7FA0149086010BDEF
:102D50004800002030B593B038216846FDF77EFA70
:102D600014210EA8FDF77AFA012528040421CDE9E3
:102D700002010224CDE908400095019005954FF429
:102D8000E010CDE90A044FF4C0600C9040200D9093
:102D90006846FFF7A7F808B172B6FEE70F20CDE945
:102DA0000E0400204FF48061CDE910011290022141
:102DB0000EA8FEF73DFF08B172B6FEE700224FF005
:102DC00030611046FFF76AF80848C16A21F0F00147
:102DD00041F04001C162C16A21F4704141F40041F7
:102DE000C1620348056713B030BD00000010024007
:102DF00000004242704701680C3151E8002F22F474
:102E0000907241E80023002BF5D10168143151E89C
:102E1000002F22F0010241E80023002BF5D1016BC5
:102E2000012909D101680C3151E8002F22F010026C
:102E300041E80023002BF5D1202180F84210002129
:102E40000163704770B5044620680169E26821F4A7
:102E50004051114301612169A06808436169014340
:102E60002068C26822F4037222F4A0521143C160A8
:102E700020684169A26921F44071114341612068D1
:102E8000A0F18041B1F59C313AD0FEF797FF00EBFD
:102E9000C00101EB001061681B4A8900B0FBF1F32F
:102EA000A2FB0353B0FBF1FC5B096FF018056B4309
:102EB0000CEB83034FF0320C0CEB0313A2FB035318
:102EC0005B0903F0F005B0FBF1F3A2FB03635B09C0
:102ED00005EB0313B0FBF1F5B0FBF1F0A2FB001022
:102EE00040096FF01801484305EB80000CEB00101F
:102EF000A2FB00102168C0F343101844886070BD25
:102F0000FEF76CFFC3E700001F85EB512DE9F84386
:102F10000446089E0D46174698462068006835EA24
:102F2000000028D00020B84232D1B6F1FF3F27D0B0
:102F3000FEF7B2F9A0EB0800B0421ED8EEB120684F
:102F4000C16811F0040F1BD0802D19D0402D17D06F
:102F5000016811F0080F13D0002521680968406846
:102F600000902046FFF747FF0820606484F8405037
:102F70000120BDE8F8830120D5E70320BDE8F883F0
:102F80002068006835EA000005D00020B842CCD0A7
:102F90000020BDE8F8830120F8E700F0FDBEFEE761
:102FA0000FB4054B10B503A9044A029800F032F89B
:102FB00010BC5DF814FB00000562000868010020E9
:102FC0000FB47CB50C0009AD01D0611E00E00021FA
:102FD000CDE90001064B6A462946089800F01AF828
:102FE000002C02D0009A002111707CBC5DF814FB0B
:102FF000DF34000802E008C8121F08C1002AFAD115
:1030000070477047002001E001C1121F002AFBD168
:10301000704700002DE9FF4F8DB00F460546002692
:1030200006E025280BD0DDE90F1290476D1C761CB9
:1030300028780028F5D111B03046BDE8F08F002483
:10304000A246A1460122E94900E0044315F8013FE8
:10305000203B02FA03F00842F7D128782A2810D042
:103060006FF02F022878A0F13001092914D80AEB5B
:103070008A0102EB410144F0020400EB010A6D1CDD
:10308000F0E701CF5FEA000A03D544F40054CAF127
:10309000000A44F002046D1C28782E2817D115F878
:1030A000010F44F004042A280ED06FF02F02287874
:1030B000A0F1300109290AD809EB890102EB41018D
:1030C00000EB01096D1CF2E757F8049B6D1C287892
:1030D0006C280FD006DC4C2817D068280DD06A2841
:1030E00014D104E0742810D07A280FD10DE044F4F4
:1030F00000140AE044F4801401E044F440146978B8
:10310000814202D104F580146D1C6D1C28786E2854
:103110001ED00CDC632830D004DC00288BD058286B
:1031200011D19FE0642867D069280CD164E073282E
:103130002DD004DC6F2872D0702804D194E075285B
:103140006ED078286DD0DDE90F129047761C4BE1E8
:10315000C4F30250022806D0032809D0042801CF66
:1031600009D0066040E101CFF117C0E900613BE101
:1031700001CF068038E1067036E117F8040B8DF8B0
:10318000000000208DF80100EB46012003E057F815
:1031900004BB4FF0FF3061074FF0000102D40DE097
:1031A00008F10101884649450FDA8045F8DB1BF834
:1031B00008100029F4D108E008F101018846814295
:1031C000FADB1BF808100029F6D1DDE90F23AAEB82
:1031D00008008146214600F031F9304400EB080632
:1031E00004E0DDE90F121BF8010B9047B8F101086C
:1031F000F7D221464846F2E00A21C4F302524FF0CA
:10320000000B0891022A04D001CFC117032A09D06C
:103210000AE0FF1D27F00707F7E8020108E02CE0AD
:103220001EE01FE000B2C117042A01D140B2C1174D
:10323000021E71F1000206DA0023D0EB030063EBFB
:1032400001012D2202E0220504D52B228DF8242035
:10325000012203E0E20701D02022F7E7904653E085
:103260000A210BE0102109E010214FF0000B44F07F
:1032700004044FF00809089103E008214FF0000B07
:103280000891C4F30252022A04D001CF0021032A7C
:1032900006D006E0FF1D27F00707F7E8020103E06C
:1032A00080B2042A00D1C0B24FF0000822072BD50B
:1032B0002A78702A07D0DDF820C08CF0100C5CEA68
:1032C0000B0C05D00EE040228DF82420012208E0EE
:1032D00050EA010306D030238DF824308DF82520E4
:1032E00002229046089B83F0080353EA0B030BD19C
:1032F00050EA010201D1620706D530228DF8242060
:103300004FF00108A9F101092A78582A04D038A2FF
:103310000B9208AA0A920BE03AA2F9E75B46089AD8
:10332000FCF734FF0B9B9B5C0A9A521E0A921370A7
:1033300050EA0102F2D10A98ADEB000000F1200B37
:10334000600702D524F4803401E04FF00109D9452B
:1033500002DDA9EB0B0000E0002000EB0B01414473
:103360000890AAEB010AE00306D4DDE90F23214609
:10337000504600F063F806444FF0000908E009A940
:1033800011F80900DDE90F12904709F10109761CD7
:10339000C145F4DBE0030CD5DDE90F23214650469F
:1033A00000F04CF8064404E0DDE90F1230209047AD
:1033B000761C0899481E08900029F5DC08E00A9858
:1033C0000A990078491C0A91DDE90F129047761C92
:1033D000BBF10001ABF1010BF1DC21465046DDE908
:1033E0000F2300F019F806446D1C21E6092801009E
:1033F000303132333435363738396162636465666B
:10340000000000003031323334353637383941422C
:1034100043444546000000002DE9F04104460025E4
:103420001E461746880404D405E039462020B047DC
:103430006D1C641EF9D52846BDE8F0812DE9F041E8
:10344000044600251E469046C80301D5302700E0FB
:103450002027880404D505E041463846B0476D1C56
:10346000641EF9D52846BDE8F081F0B51E1EC1B036
:1034700014460B4602D004F1060101E004F10501F7
:10348000CFB24FF055018DF800104FF0AA018DF822
:1034900001108DF8020001D0201D00E0E01C8DF825
:1034A0000300224619466D4601A8FCF7B0FE300025
:1034B0000DEB040607D0A11CA81C00F0C3F8010AFC
:1034C0003171707105E0A41CE1B2A81C00F0D8F8BD
:1034D00030713946684600F091FC41B0F0BD4A6851
:1034E000002A06D00A68531C0B6010704868401E02
:1034F000486070472DE9F14FADF5016D41F2883913
:103500004FF00008FDF7C8FE06460024EA4649E0F1
:103510000DF60C0008F090F8F0B3FF2C0CD89DF8D5
:103520000C0855460AF83400FDF7B6FE801B05EB83
:10353000C401641CA4B248609DF80C08AA2831D1CB
:103540008DF800080125FDF7A7FE07464FF47A7BAA
:103550000AE000BF0DF50060284408F06DF808B1DE
:103560006D1CEDB20B2D06D2FDF796FEC01B584523
:10357000F0D30B2D16D39DF80108552812D1BDF8B4
:10358000020840BAA0F5985166390BD109210DF611
:10359000020000F075F800E004E018B908F101003D
:1035A0001FFA80F8FDF778FE801B484503D2DDF84E
:1035B00010188845ACD321460EA0FFF7F1FC00257A
:1035C000564609E006EBC50016F8351042680FA014
:1035D000FFF7E6FC6D1CADB2A542F3D30E4843895C
:1035E000028941460DA0FFF7DBFC0DF6140D4046A5
:1035F000BDE8F08F5B434849505D207265637620DB
:1036000025752062797465733A00000020253032F8
:103610005840256C75000000000000200D0A5B4337
:103620004849505D20666F756E643D2575202046C3
:10363000452F4E453D2575204F52453D25750D0AB8
:1036400000000000F0B505464FF6FF74204600224A
:1036500041F2210611E0AB5C80EA0320002307045D
:1036600003D586EA400080B201E004EA40005B1C1A
:10367000DBB2082BF3D3521C92B28A42EBD3F0BDDB
:1036800070B506461F20002212E0B45C0023E50955
:1036900085EA1015640645EA40005B1C240E80EAAA
:1036A0008500DBB200F01F00082BF0D3521CD2B211
:1036B0008A42EAD370BD000001484078704700009C
:1036C0000000002001480078704700000000002042
:1036D0002DE9F04389467F49054691B0886940F05D
:1036E000080088618869002700F008000090012028
:1036F000CDE9040703900220774C069003A92046E9
:10370000FDF7BCFC75A0FFF74BFC00220121204611
:10371000FDF7BAFD6420FDF787FA01221146204625
:10372000FDF7B2FD6420FDF77FFA794E00243046A4
:1037300000F008FB641C032CF9DB76A1D1E9000141
:10374000CDE900010721684600F01EFA2846FFF780
:10375000D1FE040020D0714E71A207AB347007CAAD
:1037600083E807000B2107A800F00EFA6FA207AB51
:1037700007CA83E807000B2107A800F005FA022218
:1037800069465320009700F0CBF94FF4807898FBFE
:10379000F4F07070002510E0002011B0BDE8F08357
:1037A0007178029705FB01F08DF80800022202A94A
:1037B000402000F0B5F96D1CEDB2A542F0DB5EA033
:1037C00007AB07C883E807000B2107A800F0DCF966
:1037D0005CA207AB07CA83E807000B2107A800F02B
:1037E000D3F9404600F0F8F959A207AB07CA83E8BD
:1037F00007000B2107A800F0C7F958A007AB07C8BE
:1038000083E807000B2107A800F0BEF956A207AB1A
:1038100007CA83E807000B2107A800F0B5F90027C5
:1038200040E0707853A107FB00F5D1E90001CDE934
:1038300007018DF81C50062207A9412000F070F9FD
:103840004EA00622D0E90010CDE909108DF82450D1
:1038500009A9412000F064F94AA00622D0E900102D
:10386000CDE90B108DF82C500BA9412000F058F930
:1038700046A10622D1E90001CDE90D018DF83450B1
:103880000DA9412000F04CF942A10622D1E9000126
:10389000CDE90F018DF83C500FA9412000F040F90F
:1038A0007F1CFFB2A742BCDB484600F0BDF90246D0
:1038B00070200090A3B20020384900F0EFF938A240
:1038C00007AB07CA83E807000B2107A800F05CF9E3
:1038D000204662E700100240000C01405B4348496B
:1038E000505D2072657365742070756C7365202857
:1038F000525354206C6F772031306D73202D3E2051
:10390000686967682035306D73290D0A0000000072
:1039100000E0FF1F55AA520500000A000000002029
:1039200055AA510900A800070000030055AA510933
:103930000018FF0FC100000055AA5109003C80008B
:1039400085400C0055AA5109003C800080201900D8
:1039500055AA51090054000000031D0055AA510941
:10396000005802111111060055AA4109002C007CD3
:103970000003030000A8000701F000000018F00099
:10398000C1000000003C800085400000003C800039
:1039900080200000003C800082AA00000000F03F70
:1039A00055AA510900A49000FFFF1C002DE9FF5FFC
:1039B0004FF0000A2D4E934650E000BF4FF0010833
:1039C00001243CE0012538E02846FCF726FE81462C
:1039D0002046FCF722FE07464046FCF71EFE39460D
:1039E000FCF7B3FC4946FCF7B0FC07465846FCF729
:1039F00014FE1F49FCF7A9FC3946FCF7D8FC8146A8
:103A000030460199FCF79BFC20F00047484601999D
:103A1000FCF795FC20F000403946FCF72FFE0AD257
:103A200050466BF3070068F30F2064F3174065F30B
:103A30001F6082464E466D1CEDB2A542C4D3641C85
:103A4000E4B2072CBED908F1010000F0FF08B8F17C
:103A5000020FB5D90BF1010000F0FF0B03998B4564
:103A6000ACD90098C0E900A6BDE8FF9F286B6E4E58
:103A70000000C8412DE9F84388460746FDF70CFCD5
:103A8000254D264C0646684607F0D6FD0028A0784E
:103A900015D0F0B1012822D09DF800102954401C07
:103AA000C0B2A0700B28EED10020A0700921A81C84
:103AB000FFF7E6FD28B32069401C2061E3E70028FA
:103AC00005D0FDF7E9FB811B4145DCD30020BDE8B3
:103AD000F8839DF80000AA28D5D128700FE09DF842
:103AE0000000552807D02870E168491CE160AA2829
:103AF00005D0002001E068700220A070C3E701201B
:103B0000FBE7286838606868786028893881A87A77
:103B1000B8720120DBE700007401002000000020E3
:103B20000023FFF7A2BC30B5044695B000788DF8AD
:103B3000000001208DF80100D4F8D000CDF802007B
:103B4000D4F8CC00CDF80600D4F8C800CDF80A00AF
:103B500004F18005202204F1A8010DF10E00FCF70C
:103B600056FB202204F188010DF12E00FCF74FFBDB
:103B70006868CDF84E005222012369462120FFF7E4
:103B800074FC15B030BD000070B506460D460BA0A4
:103B9000FFF706FA002405E0315D0CA0FFF700FAFC
:103BA000641CE4B2AC42F7D30AA0FFF7F9F9294646
:103BB0003046BDE8704000F021B900005B43484941
:103BC000505D2054582025753A00000020253032E1
:103BD000580000000D0A00007CB56C46002101E091
:103BE0004008491C0128FBD80020012520708D4089
:103BF000142060706D1E280E04F092FCA070C5F3B6
:103C0000074004F08DFCE070C5F3072004F088FC49
:103C10002071E8B204F084FC6071062269465120EC
:103C2000FFF77EFF7CBD00007FB50146EB239022AD
:103C300002A8FFF7BBFE9DF808209DF8091002EBD3
:103C4000C20404EB0214B4FBF1F49DF80A309DF8B1
:103C50000B00B4F5166F01D3502400E040245B1E26
:103C600003F00F03401E0BA563F31F10D5E90035C9
:103C7000CDE900358DF804108DF802408DF8032051
:103C80008DF80500062269465120FFF749FF039889
:103C900004B070BD00080000000000002DE9FC41E8
:103CA00006461C4617468846089803F0FDFD054663
:103CB000204603F0F9FDFCF7B0FC04462846FCF76B
:103CC000ACFC01464FF09F40FCF771FB2146FCF72E
:103CD0006EFB05463846FCF7BEFC07460C462846F8
:103CE000FCF7B9FC0022144BFCF79FFB3A46234635
:103CF000FCF70DFC6FF00502FCF778FC32464346FA
:103D0000FCF793FBFCF78EFC0CA2D2E90012CDE984
:103D10000012010E8DF80210010C8DF80310010A3B
:103D20008DF804108DF80500062269465120FFF732
:103D3000F7FEBDE8FC8100000000394000100000E3
:103D4000000000001CB508A2400BD2E90012CDE92A
:103D50000012010A8DF804108DF80500062269464C
:103D60005120FFF7DDFE1CBD00A490000000000004
:103D7000084810B50068C16841F02001C160002208
:103D800001212520FDF70EFFBDE810402520FDF79D
:103D9000FBBE0000AC160020154810B5016800F10C
:103DA000040214488B061BD5126811F0060FD2B21C
:103DB00002D003895B1C0381090702D54189491C94
:103DC00041814169491C41618188C388491CC1F313
:103DD0000901994203D0084B84881A55818010BD8F
:103DE0000907FCD511684189491C418110BD0000BB
:103DF00000380140000000207F01002030B5084B52
:103E000000221C1D06E01D682D06FCD5855C256082
:103E1000521C92B28A42F6D318684006FCD530BDD7
:103E2000003801402DE9F0410F46064614461D4674
:103E3000511C184607F040FE2E7124B12246394627
:103E4000681DFCF7E4F9641DA0B2BDE8F081000034
:103E500070B5234D98B0E86800283FD0002104A831
:103E6000FFF708FE002839DD9DF81A00000635D559
:103E7000002001900390BDF81800DDF8124046BA0A
:103E80009DF81700029400F0F8018DF8041000F07E
:103E900007008DF80700600E8DF80600FFF70CFC98
:103EA000C4F34741B1FBF0F08DF805009DF8040024
:103EB0000C49C0F3C30051F8200000B9A86940EADA
:103EC0004630039007A80090D5E9122301A804F01A
:103ED00083F8010002D007A801F0F4FD18B070BD0E
:103EE00040000020D01500202DE9FC41050055D0F0
:103EF0002C6A002C52D000266682A16A4FF03C0248
:103F00004B1C4FF480374FF6FF7009D01E31B1FBC8
:103F1000F2F1B94201D3014601E001B90121A182C8
:103F2000E16A4B1C0AD01E31B1FBF2F3BB4201D354
:103F3000034601E003B901236381E381216B4B1C3C
:103F40000AD01E31B1FBF2F2BA4201D3024601E0BF
:103F500002B90122A28122826289A1898A4201D307
:103F600001B16681E179C90701D0206A08E0217FAB
:103F70007F2901D8FF2003E0C02901D36FF07F40E3
:103F80000090606A01900A21204600F05BFE01ABC0
:103F90006A4604F11C01284603F022FCBDE8FC81BE
:103FA00070B5294804684CE0206AA0B3417991B308
:103FB000818A69B1418A491C89B24182828A9142CF
:103FC00006D1204600F0C0FC204600F043FE37E05A
:103FD000018A19B14A1E0282012906D0C189D1B1D4
:103FE0004A1EC281012917D02AE0256A2046697934
:103FF000012905D00A2903D0052901D004291FD1A0
:1040000000F028FBA88A698A401A022818DB00EB16
:10401000D0704008288213E0256A2046697901297A
:1040200003D00A2901D005290AD100F0EFFCA889A4
:10403000698A401A022803DB00EBD0704008E8814F
:104040002468002CB0D170BDD80000202DE9F047C5
:10405000994616460D4607000ED06DB14FF49A7A78
:104060004FF420725146382003F052FCB0F10008A2
:1040700003D0032E06D102E00020BDE8F087687966
:1040800003280BD1A879254C08B1606805E0FDF73D
:1040900003F923490968484060602860D8F8044063
:1040A00051462046FCF7DAF801202070607097F83E
:1040B0003000A070286802F025FD6060082E0AD04C
:1040C000042E08D0072E06D0032E06D168790528C5
:1040D00001D0042801D17868E06000203918221846
:1040E000401C91F82A1080B211770628F6D30D48AB
:1040F000C4F8EC0004F1F001012335220C46002045
:1041000000F04EF93246214600F051F9B9F1000FA6
:1041100001D0A9F800004046AFE7000040010020B0
:10412000E8F7FF1F6382536310B5064C2078401EEA
:1041300010F0FF00207004D1A06807F011FC0020EF
:10414000A06010BD400100202DE9FE4F046A074623
:104150004FF0000906212046C4F81C9000F072FDC3
:1041600002AB012221463846FFF770FF060041D01E
:1041700071680223F0318A4639225546BDF808009D
:1041800000F00EF9ADF808003A8D294600F047F925
:10419000ADF808003A46294600F00DF9ADF80800E0
:1041A00003233722294600F0FBF8DFF88480ADF8BE
:1041B00008000025514618F80520BDF8080000F059
:1041C000F6F86D1CEDB2ADF80800032DF2D33246BF
:1041D000514680B200F02BF916484323CDE9007018
:1041E0001348154A401E3146806807F0F1FB3046FF
:1041F00003F0D5FCA079FF2801D2401CA071C1B208
:10420000062902D20120884000E03C2000EB40015A
:10421000C1EBC0104FF6FF7101EAC0004FF4FA7114
:1042200000F2F310B0FBF1F020814846BDE8FE8FAC
:10423000410100201CBC000820BC00081B4810B530
:1042400004682FE0206AF8B10189012903D9A1F19E
:104250000101018125E024D14FF000010181216A93
:1042600048790C2806D0062804D0012806D0032857
:1042700011D016E02046FFF767FF12E08879052885
:10428000204602D800F032FC0BE000F05DFB204637
:1042900000F0E0FC05E088790228EBD2204600F02F
:1042A0004BFA2468002CCDD110BD0000D8000020AE
:1042B00070B5046A0020184D20626062E878174EDD
:1042C00008B1F068A062287908B1306901E0A06AFD
:1042D0004008E062687908B1706903E0A06AC0EB49
:1042E000C000C00820630869E061A87938B1B069EE
:1042F00002F008FC2062E07940F0010002E0E07981
:1043000020F00100E071E879002803D0F06902F0A4
:10431000F9FB606270BD00004C01002000570020D6
:1043200010B5104C2078A8B907F008FBA060B0B118
:10433000417A442241F0200141720B4907F092F981
:1043400043220949A06807F0E9F900220749A0685B
:1043500007F001FB2078401C2070002010BD4FF0BA
:10436000FF3010BD400100201CBC0008454800087B
:10437000016A002913D04B790022042B0CD004DCF5
:10438000002B0CD0032B04D106E0052B04D00A2B04
:1043900002D08A71FFF7D8BE8A7100F0CDB970479C
:1043A0000A54401C80B20B54401C80B270470A541F
:1043B000401C80B270472DE9F0410546506A144612
:1043C0000E46C8B1FBF755FFB0B1646AC5F14101B3
:1043D000884200D308460746C3B20C22314628461D
:1043E000FFF7DEFF05E014F8012B31462846FFF702
:1043F000DEFF05467F1EF6D22846BDE8F081130E8B
:104400000B54401C80B2130C0B54401C80B2130A96
:104410000B54401C80B20A54401C80B27047130AEF
:104420000B54401C80B20A54401C80B27047FF23DA
:104430000B54401C80B2002302E00B54401C80B29D
:104440004428FAD3F03081B2104603F005BC0000D6
:104450002DE9F04F87B08246002004907B48002170
:10446000C1600161BAF80A002C2814D3774FF024F8
:10447000BAF808006FF005090C375646059404E0B9
:10448000621A401A366894B280B226B17189A1428C
:10449000F6D90290B1E06FF0010007B0BDE8F08FEF
:1044A000A01C80B24FF0FF380190A042F3D3738973
:1044B000621C934203D903982044407803E030689B
:1044C00008B1406800783429054624D007DC89B15A
:1044D000012912D0032914D0332908D117E0352936
:1044E0002ED0362930D03A2932D03B2935D000257C
:1044F00091B317E000200546FAE704287ED1062391
:1045000003E0042504287DD307239846F0E7042818
:1045100078D10323F9E7012874D10599F02971D1E5
:104520004FF000082044801CB0F5803FB3D284B225
:10453000F5B30020CDF8000017F8080098B14FE05F
:1045400001285FD10123E0E704285BD10223DCE7E7
:10455000042857D10423D8E703E0042852D10523C7
:10456000D3E794B23CE0042D01D2284600E00420B9
:104570008346024669463046019B03F085FA58455A
:1045800089D1042D19D9A8073CD1012007F80800CA
:10459000009802F0B7FA2E4A2D1FEDB242F828001B
:1045A00001980199001D80B28842FFF474AF00E0C9
:1045B00016E008F101080190BEE7042D02D0012D9C
:1045C00020D103E0009802F09DFA01E09DF8000080
:1045D000009001201E4907F80800009A41F82820A1
:1045E0007089A04210D8211A8CB20299081A80B2A0
:1045F000029084429AD2366806B100E002E0706808
:10460000039002E0484648E73EB10298844204D253
:104610000398015DFF297FF443AF387848B10C4817
:1046200000210068397001280DD0022804D0032829
:1046300007D004980028E6D000202C2404906C2099
:104640001BE7012004906C24EC2016E740010020B9
:10465000005700202DE9FC47046A07460421204644
:1046600000F0F0FA01AB032221463846FFF7EEFCDA
:10467000060041D071680223F031894639224D4647
:10468000BDF80400FFF78CFEADF804003A8D294612
:10469000FFF7C5FEADF80400032337222946FFF7D4
:1046A0007FFEDFF88C80ADF804000025494618F83D
:1046B0000520BDF80400FFF77AFE6D1CEDB2ADF8E1
:1046C0000400032DF2D33A46494680B2FFF773FE49
:1046D000ADF8040032464946FFF7A9FE144800979A
:1046E000401E4323134A3146806807F053F90546BC
:1046F000304603F054FA01E04FF0FF35A079FF286F
:1047000001D2401CA071C0B20A2803D24FF47A71C2
:10471000484301E042F2107080B24FF4FA7100F2A7
:10472000F310B0FBF1F020812846BDE8FC870000C3
:104730004101002020BC00082DE9FC47046A07461F
:104740000321204600F07EFA01AB032221463846C1
:10475000FFF77CFC060055D071680223F0318946D2
:1047600039224D46BDF80400FFF71AFEADF80400EB
:104770004FF410722946FFF752FEADF804000423EF
:1047800032222946FFF70CFEADF80400E06902F082
:10479000B9F902462946BDF80400FFF730FEADF82E
:1047A0000400032337222946FFF7FAFDDFF88C8047
:1047B000ADF80400002500BF18F805204946BDF8F3
:1047C0000400FFF7F4FD6D1CEDB2ADF80400032DFD
:1047D000F2D33A46494680B2FFF7EDFDADF804004A
:1047E00032464946FFF723FE14480097401E4323F4
:1047F000134A3146806807F0CDF80546304603F08D
:10480000CEF901E04FF0FF35A079FF2801D2401C1E
:10481000A071C0B20A2803D24FF47A71484301E074
:1048200042F2107080B24FF4FA7100F2F310B0FB54
:10483000F1F020812846BDE8FC87000041010020FE
:1048400020BC00082DE9F0413B48516816464468F9
:10485000256A002D6BD02879002868D070892C2813
:1048600065D30878022862D1002094F8302008E04F
:1048700023180F1893F82A303F7FBB4257D1401CB2
:10488000C0B2824201D90628F2D3486802F03AF950
:10489000296888424BD129463046FFF7D9FD98BB9D
:1048A0002649487880B3264A77681079052804D0CD
:1048B000062813D0022828D039E06879012805D0CD
:1048C000032803D0042801D0052830D139462046DA
:1048D000FFF7EEFC2046FFF707FB28E06879032886
:1048E00005D0012803D0042801D005281FD10C21B0
:1048F000206A00F0A7F9134B20461A46114602F031
:104900006FFF2046FFF720FC11E0687906280ED1E2
:104910002546246A887850B100202081906802F0F2
:10492000F1F8A0613869E061284600F0DFF8304610
:10493000BDE8F04103F033B9885600204C01002057
:10494000005700201CBC00082DE9FE43046A0746FE
:10495000002C55D06079002852D0A0690290002523
:10496000A561E561256265622563E562A562A582B0
:1049700065822582E581384600F0A6F9002829469F
:10498000204635D000F05EF901AB072221463846BB
:10499000FFF75CFB060024D071680423F031362257
:1049A0008846BDF80400FFF7FBFCADF80400029850
:1049B00002F0A8F802464146BDF80400FFF71FFDCB
:1049C000ADF8040032464146FFF731FD0D4800972F
:1049D000432302AA3146806806F0DCFF304603F02C
:1049E000DEF8094B38461A46114602F0F9FE01E09E
:1049F00000F028F92079002802D0FFF795FB2571F7
:104A0000BDE8FE83400100201CBC00082DE9FC47E6
:104A1000046A07460521204600F014F901AB032281
:104A200021463846FFF712FB060042D07168022388
:104A3000F031894639224D46BDF80400FFF7B0FC3D
:104A4000ADF804003A8D2946FFF7E9FCADF8040003
:104A5000032337222946FFF7A3FCDFF88C80ADF84B
:104A600004000025494618F80520BDF80400FFF7AA
:104A70009EFC6D1CEDB2ADF80400032DF2D33A4656
:104A8000494680B2FFF797FCADF80400324649462C
:104A9000FFF7CDFC14480097401E432304F1180291
:104AA0003146806806F076FF0546304603F077F819
:104AB00001E04FF0FF35A079FF2801D2401CA07122
:104AC000C0B20A2803D24FF4FA61484301E044F629
:104AD000206080B24FF4FA7100F2F310B0FBF1F0F5
:104AE00020812846BDE8FC87410100202DE9FE43D6
:104AF00006007AD0346A002C7BD00121204600F0D9
:104B0000A1F802AB032221463046FFF79FFA0700C7
:104B100072D079680223F031894639224D46BDF8BA
:104B20000800FFF73DFCADF80800328D2946FFF77D
:104B300076FCADF80800042332222946FFF730FC4A
:104B4000ADF80800E06901F0DDFF02462946BDF836
:104B50000800FFF754FCADF808000423362229466C
:104B6000FFF71EFCADF80800A06901F0CBFF02467C
:104B70002946BDF80800FFF742FCADF80800032302
:104B800037222946FFF70CFCDFF8AC80ADF80800AF
:104B9000002500BF18F805204946BDF80800FFF7BA
:104BA00006FC6D1CEDB2ADF80800032DF2D33246C1
:104BB000494680B2FFF7FFFBADF808003A46494688
:104BC000FFF735FC1D484323CDE900601A481C4A15
:104BD000401E3946806806F0FBFE0546384602F066
:104BE000DEFF0BE001E004E006E06FF00F00BDE83F
:104BF000FE836FF00500FAE74FF0FF35A079FF283C
:104C000001D2401CA071C0B2062802D2012181400D
:104C100000E03C2101EB4100C0EBC1104FF6FF71F9
:104C200001EAC0004FF4FA7100F2F310B0FBF1F0AA
:104C300020812846DBE70000410100201CBC000861
:104C400020BC000842798A4203D041710021817161
:104C50000181704770B505006FF00F0017D095F80F
:104C60003110C90713D0288D2C6A4FF0FF36B0F5EC
:104C7000107F0BD364B1207908B1FFF755FA3421C6
:104C80002046FBF7EBFAFFF74BFB40B1304670BD17
:104C9000342002F0A2FC0400F8D02C62EFE70120DF
:104CA000207195F83100400705D402212046FFF716
:104CB000C9FF002070BD2846FFF746FA0028F9D04A
:104CC0002846FFF741FEE1E740B1006A30B1407984
:104CD0000A2805D0052803D0042801D000207047F9
:104CE0000120704770B505460C4603F0F1FCA96839
:104CF00009682160A9680C60BDE8704003F0EABC57
:104D000010B5044603F0E4FCA1680C682CB12268DD
:104D10000A6003F0DFFC204610BD03F0DBFC00203E
:104D200010BD00002DE9FC412A4C05460F46A06845
:104D300010B10120BDE8FC81E068002848D105F0F1
:104D400073FE288841BA0A04A97846BA42EA0123C8
:104D5000EA783604134346EA01261B06B6B243EA54
:104D6000062346BA40BA000440EA01201949F6B2C7
:104D700043EA06231043203143EA1060086027808D
:104D800004F0E7FCE06050B10022134903F022FE7A
:104D9000002640B1E06803F07FFDE66018E00FA058
:104DA000FEF7FEF814E0E878CDE90007AB786A7802
:104DB00029780EA0FEF7F4F80649154B3A46203143
:104DC000E06804F011F80028E4D1FCF765FA2061EE
:104DD0000020AFE7180000201CBC00085B544350C3
:104DE0005D204E6F205043420D0A00005B5443503B
:104DF0005D20436F6E6E6563742025642E25642EDE
:104E000025642E25643A25642E2E2E0D0A000000FE
:104E1000698A0008F0B589B001265BA0FEF7C0F8EA
:104E2000002401AD04F1110081B23046FBF7A4FE6D
:104E300025F81400641C0F2CF4DB5EA0FEF7B0F81C
:104E40005FF0000463A035F81410FEF7A9F8641CA5
:104E50000F2CF7DB61A0FEF7A3F818213046FBF713
:104E60008BFE044619213046FBF786FE024621469A
:104E70005BA0FEF795F8BDF8041066A0FEF790F869
:104E800003213046FBF778FE044603213046FBF74A
:104E900073FE054603213046FBF76EFE0746AC4223
:104EA00003D1BD4201D163A000E064A000903B4665
:104EB0002A46214664A0FEF773F8AC4212D1BD42E7
:104EC00010D1A4F52040B0382BD0A4F5B8409038CC
:104ED00025D002213046FBF74FFE0146224667A04F
:104EE000FEF75EF871A0FEF75BF840F6B830FBF70E
:104EF0009BFE01213046FBF73FFE0446052130466C
:104F0000FBF73AFE074600213046FBF735FE054623
:104F100072A0FEF745F8E80508D577A007E078A16C
:104F200000E078A178A0FEF73BF8DBE780A00090D6
:104F3000A80401D580A300E081A3E80401D581A2E3
:104F400000E081A2294681A0FEF72AF8A00601D53B
:104F50008CA300E08DA3600701D58EA200E08FA294
:104F6000214690A0FEF71CF80FB19BA200E09CA286
:104F700039469DA0FEF714F8600702D5A4A0FEF7FD
:104F80000FF809B0F0BD00005B5048594442475D3E
:104F9000203D3D3D204450383338343844534B2075
:104FA00032354D487A20524D4949203F3F203D3D02
:104FB0003D0D0A005B5048594442475D20457874D6
:104FC000207265677320307831312D307831463A60
:104FD0000000000020253034580000000D0A0000B9
:104FE0005B5048594442475D205354524150283049
:104FF000783138293D3078253034582020535452A8
:1050000041502830783139293D3078253034580DD9
:105010000A0000005B5048594442475D20504859FF
:1050200043522830783131293D3078253034580DBD
:105030000A000000737461626C650000554E5354A1
:1050400041424C45210000005B5048594442475DB5
:1050500020504859494452322072656164733A20A5
:105060003078253034582030782530345820307846
:1050700025303458202025730D0A00005B50485914
:105080004442475D20556E7265636F676E697A654D
:1050900064205048592049443D3078253034583AEE
:1050A0003078253034580D0A000000005B50485914
:1050B0004442475D2057616974696E6720337320ED
:1050C000666F72206175746F6E656720746F2073F0
:1050D0006574746C652E2E2E0D0A00005B504859C5
:1050E0004442475D203D3D3D203F3F3F3F3F3F2005
:1050F0003D3D3D0D0A00000046554C4C00000000AF
:105100004B535100432F49005B5048594442475D7F
:1051100020504859203D2044503833383438202519
:10512000732028636F6E6669726D6564290D0A00CD
:1051300048414C46000000003130304D0000000076
:1051400031304D00454E0000444953005B504859F2
:105150004442475D204243523D3078253034582048
:10516000206175746F6E65673D25732020737065CF
:1051700065643D257320206475706C65783D2573EA
:105180000D0A0000444F4E450000000050454E44BB
:10519000494E47005550212121000000444F574EF1
:1051A000000000005B5048594442475D20424D5387
:1051B000523D30782530345820206C696E6B3D2587
:1051C0007320206175746F6E65675F646F6E653DF7
:1051D00025730D0A0000000050524553454E5400FF
:1051E000414253454E5400005B5048594442475D8C
:1051F00020414E4C5041523D3078253034582020CB
:10520000706172746E65723D25730D0A00000000B6
:105210005B5048594442475D202A2A2A203F3F3F9D
:105220003F3F3F3F3F3F3F3F3F3F202A2A2A0D0A53
:105230000000000004490A7902704A7942708A79B4
:105240008270C979C1707047980500200248406893
:10525000002800D0012070479805002030B5404D4F
:10526000044687B0002204212846FCF70DF83220BE
:10527000FBF7DAFC012204212846FCF705F84FF47D
:105280009670FBF7D1FC612204210120FBF7A6FCFC
:105290004FF4905200210120FBF7A0FC4FF4FA607C
:1052A000FBF7C2FC2FA0FDF77BFE00F069FF204654
:1052B000FBF744FC354883690268416934A0FDF777
:1052C0006FFE4048426801683FA0FDF769FE47480D
:1052D000416847A0FDF764FE01F018FC0020039030
:1052E00004904E4A4E4905908DE8070004AB05AA8C
:1052F00003A94C4802F0B8F900282BD0494802F025
:105300009FFA484802F0C2FA0121464800F075FFB2
:10531000444821681838434D40F8421FA1888180D5
:10532000062085F8300061792079CDE90001E37825
:105330003DA21821A5F11800FDF742FEA5F11800C5
:1053400068621830FFF786FC3DA0FDF729FE0120BA
:1053500007B030BD46A0FDF723FE0020F8E70000AF
:10536000001401405B5048595D20466F72636564CC
:105370002031304D20284554485F464F5243455F09
:1053800031304D3D31290D0A0000000000900240EF
:105390005B444D415D20444D4153523D30782530B2
:1053A00038582020444D41424D523D307825303808
:1053B000582020444D414F4D523D307825303858CB
:1053C0000D0A0000008002405B444D415D204D41CC
:1053D0004343523D30782530385820204D414346D4
:1053E00046523D3078253038580D0A000000014003
:1053F0005B444D415D204146494F5F4D4150523D18
:1054000030782530385820202862697432343D4580
:1054100054485F524D4949290D0A00009160000827
:10542000AD610008980500204254434D696E6572D5
:105430002D253032582530325825303258000000A2
:105440005B4C5749505D204448435020737461724F
:10545000746564202877616974696E6720666F726D
:10546000206C65617365292E2E2E0D0A0000000048
:105470005B4C5749505D206E657469665F6164647A
:10548000206661696C65640D0A000000014880684F
:10549000704700001800002010B501210846FBF7F6
:1054A0006BFBC0F3800010BD01480068704700002E
:1054B000540100200148406870470000540100205A
:1054C0000248002101604160704700005401002043
:1054D000F0B589B0304800F081FEFBF7DDFE2F4CBF
:1054E00005466069281AFA2802D9656103F0F4F8C4
:1054F000A069F0B928494868D8B10120A0610846E0
:1055000002460DF1140CD77A967A537A127A8CE807
:10551000CC00C37B827B467B007BCDE90106CDE9D5
:105520000323C87900908B794A7909791C48FDF7E3
:1055300037FDE0690026281AB0F5FA6F11D9E56148
:10554000FFF7AAFF08B1012108E0A06828B115A063
:10555000FDF726FDA66005F067FA00210E4800F071
:105560004CFEA068002814D1E068002811D0206902
:1055700041F28831281A88420BD90FA0FDF710FD9F
:10558000E06803F089F9E66009B0BDE8F04005F095
:105590004BBA09B0F0BD00009805002018000020AB
:1055A00030BC00085B4554485D204C696E6B206C34
:1055B0006F7374210D0A00005B5443505D205469E1
:1055C0006D656F75742C2072657472790D0A000018
:1055D0002DE9FF41FFF71EFC7C4E002531467CA0E3
:1055E000FDF7DEFC346980A02146FDF7D9FCC4F349
:1055F0000043C4F3C422C4F38411C4F380008DE8D3
:105600000F0004F00101C4F3C003C4F3001284A02E
:10561000FDF7C6FC346902210120FBF7ADFA3269BF
:10562000034621468CA0FDF7BBFC9BA0FDF7B8FC10
:1056300000244FF6FF77A0B20221FBF79DFA064641
:10564000A0B20321FBF798FA03463EB1BE4205D053
:10565000324621469AA0FDF7A3FC0125641C202CAC
:10566000E9DBC5B1012402212046FBF785FA074694
:1056700003212046FBF780FA064601212046FBF76E
:105680007BFA05463246394697A0FDF789FCA80605
:1056900015D5A2A014E0A3A0FDF782FC02210120F1
:1056A000FBF76AFA044601210846FBF765FA04B0E5
:1056B0002146BDE8F0410246A5A0FDF771BCAFA0B0
:1056C0000090E80401D5AFA300E0AFA3680701D5BF
:1056D000AEA200E0AFA22946B0A0FDF761FC102108
:1056E0002046FBF749FA0146800601D5BAA000E042
:1056F000BAA00090480701D5BAA300E0BBA3880771
:1057000001D5BCA200E0BCA2BDA0FDF749FC002170
:105710002046FBF731FA0146000501D5C6A000E09E
:10572000C6A04A0501D5C6A200E0C6A2CB0501D598
:10573000ACA300E0ADA38D0401D5AFA500E0ADA5FD
:10574000CDE90220CDE90053C80401D5BEA300E095
:10575000BEA3080401D58BA200E0BDA2BE48FDF7A0
:105760001FFC04212046FBF707FA054605212046C9
:10577000FBF702FA0446C5F38022C5F34011C5F3D6
:1057800080108DE80700C5F3C013C5F30022294639
:10579000B248FDF705FCC4F38022C4F34011C4F302
:1057A00080108DE80700C4F3C013C4F30022214623
:1057B000AB48FDF7F5FB0CB1AAA100E0ABA104B02A
:1057C000ACA0BDE8F041FDF7EBBB0000008002405B
:1057D0005B5048595D204554485F424153453D3038
:1057E00078253038580D0A005B5048595D204D41EE
:1057F000434D494941523D307825303858202028C2
:10580000657870656374204D423D626974303D3047
:105810002C2043523D62697473343A32290D0A00D8
:105820005B5048595D2020204D423D256420435265
:105830003D25642E25642E2564204D523D3078256B
:105840003032582050413D307825303258204D5765
:105850003D25640D0A0000005B5048595D20534D02
:105860004920746573743A206265666F72653D30D5
:105870007825303858202061667465723D3078256F
:105880003038582020726573756C743D307825303F
:1058900034580D0A000000005B5048595D205363E6
:1058A000616E6E696E67206164647265737365739F
:1058B00020307830302D307831462E2E2E0D0A00D3
:1058C0005B5048595D202041646472203078253057
:1058D00032583A2049443D3078253034583A253002
:1058E00034580D0A000000005B5048595D204450B8
:1058F00038333834382049443D3078253034583AEC
:1059000025303458202865787065637420307832EB
:105910003030303A41304230290D0A00444F4E4574
:10592000000000005B5048595D20204E6F20504819
:105930005920726573706F6E6465642061742061B4
:105940006E792061646472657373210D0A00000032
:105950005B5048595D2020526561642030783031B9
:1059600020726567323D3078253034582072656783
:10597000313D3078253034580D0A000050454E44F2
:10598000494E47004F4E00004F46460055502120DB
:1059900000000000444F574E000000005B50485983
:1059A0005D20424D53523D30782530345820206CD4
:1059B000696E6B3D257320206175746F6E65673D60
:1059C000257320206175746F6E65675F646F6E6507
:1059D0003D25730D0A0000004F4B000049444C4523
:1059E0000000000046554C4C0000000048414C4669
:1059F0000000000031304D003130304D000000001B
:105A00005B5048595D205048595354533D307825D8
:105A1000303458202073706565643D257320206400
:105A200075706C65783D25732020706167655F72C5
:105A3000783D25730D0A0000504400007570000089
:105A400049534F006E6F0000454E0000444953001B
:105A5000646F6E6500000000FCBC000874BC0008A8
:105A6000B8BC000850524553454E5400414253457E
:105A70004E5400005B5048595D206C696E6B5F703E
:105A80006172746E65723D25730D0A00F0B50A4AA5
:105A9000054600205488094E07E0F75C2F54401C4F
:105AA0005B1CC3F30B0380B29380884202D29388BD
:105AB000A342F2D1F0BD000018000020D005002064
:105AC00004F0B2BF70B50A4C0E460146A0684FF014
:105AD000FF3530B1E06820B10123324605F088FA85
:105AE00008B1284670BDE06803F0A8FE304670BDDE
:105AF000180000202DE9F74F0422054682B000204F
:105B00008B46DFF8DC901146144616460190864617
:105B1000CDF8000000EB400A09EBCA03042C1F7DFE
:105B200029D0C7B175B1D5F800C0D3F80480C445F9
:105B300008D1DDF810C0BCF1000F4ED0D3F80880BA
:105B4000E0454AD0012F1AD0022F04D35B8A734557
:105B500001D301469E46401C00B20428DADB5FEA0E
:105B60008B734FF0FF3038D4042C18D025DB042978
:105B700019DA0C461EE0002FD4D10446EBE759F8A1
:105B80003A705B8A2FB1019FBB42E4D30646019372
:105B9000E1E7009FBB42DED302460093DBE75FEA0A
:105BA000CB731AD0E3E7042A01DA144602E0042E8C
:105BB00013DA3446204600F015F82DB104EB440208
:105BC00009EBC2002968416004EB440109EBC10004
:105BD0000022428204998160204605B0BDE8F08F22
:105BE000A056002070B5074C00EB4005002654F885
:105BF000350018B101F0D3FF44F8356004EBC5005F
:105C0000067570BDA05600202DE9F04786B00D0046
:105C1000804643D0D8F804404FF480792088484526
:105C200039D12079062836D16079042833D16088AB
:105C3000082830D1D4F80E100491A269686818B110
:105C4000824204D1012603E00026374608E0002600
:105C5000814201D1012700E000270EB1012300E0BD
:105C6000022304F10802924604A9284600F0CEF966
:105C7000E08848450FD176B16FB9022204ABCDE977
:105C80000232291DCDE9001A05F12A0319465246B0
:105C9000284600F02FF9404601F081FF06B0BDE82C
:105CA000F0870000FEB504460E46154621461068F2
:105CB00000F02FFC08B1354B3FE02868C0F303111A
:105CC0000E2925D0A168636800EA01020B409A42C0
:105CD00008D080B2A0F57E41A93903D0E068B0B306
:105CE00004F10C052A4B2B481A7802EB420100EB19
:105CF000C1010F7D022F2ED38F68A7422BD12F68B1
:105D000049688F4227D13146204600F045F8FEBD54
:105D100001208DF8040000208DF805005E208DF82C
:105D20000600687801AB00F07F008DF80700A878C6
:105D30008DF80800E8788DF809004FF400600090B5
:105D400004F12A023146204600F0F4F9FEBDFFE7D7
:105D50006FF00300FAE7002202EB420100EBC10101
:105D60000F7D022F08D38F68A74205D12F6849689D
:105D70008F4201D11A70C6E7521CD2B2042AEBD36B
:105D800032462946204600F037F8DFE724BC0008F9
:105D90003E010020A05600202DE9F8430646884623
:105DA000144802EB420100EBC10404F10C05207D14
:105DB000022813D1608A0327B0F58E7F04D9211DF4
:105DC000304600F0DDF807E0B0F5877F06D32A46BD
:105DD000211D304600F0DAF800B927754FF4006055
:105DE00000902B4606F12A024146304600F0A2F907
:105DF000BDE8F883A05600202DE9FC5F83462A30D9
:105E000001900F46086814464FF0FF364FF0000A25
:105E1000594600F07EFB80B93868C0F303110E29A3
:105E20000BD057B148B15A4601213846FFF762FE00
:105E3000002805DA40B2BDE8FC9F6FF00F00FAE7DA
:105E400000F0FF09294909EB490801EBC805287D45
:105E500008B134B114E04FF0010A85F814A0C5F878
:105E600008B03946584600F08BF8060007D1287D67
:105E7000012804D1BAF1000F01D1002068827CB35F
:105E8000287D1A4F02280ED319494FF4006005F1FE
:105E90000C0381F80090009021465846019A00F0CA
:105EA00049F906461FE001281DD12046017B49061D
:105EB00007D522464FF42071102001F0CEFD044694
:105EC00005E000680028F1D1204601F0ECFE44B165
:105ED00057F8380008B101F062FE47F83840002654
:105EE00001E04FF0FF363046A5E70000A056002045
:105EF0003E0100202DE9FF4F81B09346DDE90F9868
:105F00001F4600264FF420721C211020DDF838A017
:105F100001F0FEFC05002FD06C68119800F0F4FD34
:105F2000E0803868A060B888A081D9F80010C4F873
:105F30001210B9F80400E082DAF80000C4F80E008C
:105F4000D8F80000A0614FF48070208008206080A5
:105F5000062020710420607140F606000090DDE903
:105F600001025B46294600F0E5F8284601F017FEDD
:105F7000304605B0BDE8F08F4FF0FF30F9E7000084
:105F8000014A00F003B8000024BC00087FB5064DAC
:105F9000031D0124CDE90035CDE90214263319464D
:105FA000FFF7A8FF04B070BD2ABC000870B5164DFD
:105FB000002400BF04EB440005EBC002117DF1B1E9
:105FC000508A401C80B25082B0F5967F0AD20129D7
:105FD00006D003290AD004290AD001290BD00EE0EB
:105FE000052808D32046FFF7FDFD08E0042000E067
:105FF0000220107503E0111D9068FFF7C1FF641CBB
:10600000042CD7DB70BD0000A0560020F8B51F4659
:1060100016460D00044613D0286888B1214600F0CA
:1060200078FA68B92878C0F303100E2808D0224601
:1060300039462846FFF75EFD002804DA40B2F8BD75
:106040006FF00F00F8BD114900EB400201EBC200F8
:106050000223037584603368C360B388038200231E
:10606000438251F8325075B141F832304FF400603C
:106070000090334604F12A022946204600F05AF8DF
:10608000284601F08CFD0020F8BD0000A05600203D
:106090002DE9F041044640890E270D460E283CD9D3
:1060A0006068E17B868919B995F83410491CE17361
:1060B0000178CA0714D0012905D006221C49FAF735
:1060C000DFF848B10CE0417851B980785E2807D1FB
:1060D000607B40F0100002E0607B40F008006073DD
:1060E000082E03D0B6F5C16F17D10DE095F8310039
:1060F000000712D53946204601F0E2FD68B929466D
:10610000204600F01DFA10E095F83100000704D594
:106110003946204601F0D4FD18B1204601F03FFD7C
:1061200003E029462046FFF76FFD0020BDE8F0811F
:1061300024BC00082DE9F04180461E4617460D4656
:10614000069800F0E1FC04460E21284601F0B9FB58
:1061500018B16FF00100BDE8F08168688481316892
:106160000160B18881803968C0F80610B988418122
:1061700040462946D8F81820BDE8F04110470000F5
:106180001FB5094A00924FF4BE600121CDE901100C
:10619000A2F5BF5303F1200103900422A1F1A00056
:1061A000FAF756FB1FBD0000806F0020652180F8C4
:1061B0003210302180F83310064940F8141F064988
:1061C000416040F2DC5181821A214177062101773A
:1061D00000207047A55C0008B169000870B504464E
:1061E00006E022692146904710B1284601F0D7FC0D
:1061F00000F032FB0500F4D170BD09B101F031BBF4
:1062000001F024BB13B54FF0FF3301226946024869
:10621000FCF7A2F900981CBDF416002010B5002868
:1062200021D0114B0022001F196803E0814203D8DE
:106230000A4649680029F9D152B11368841A9C4270
:1062400004D1006818441060104602E0506000E07D
:10625000186039B102680B1A934203D10B681A44D3
:1062600002604968416010BD6C0100200A460321AC
:1062700000F096B82DE9FE4F8B46484904468E68DB
:1062800030780007850E142D47D3608904287FD30A
:106290006068007800287BD0082879D1486901F12E
:1062A0001409C0F303120E2A72D08A46096800F05E
:1062B00030F900286CD12089082869D3204600F0E5
:1062C000B9F8002864D105F110010F46204601F00D
:1062D000F8FA40B32089411989B2884258D84FF45E
:1062E0002072102001F014FB070051D0798905F1CC
:1062F000080081420ED32A4631467868F9F787FFB5
:106300002946384601F0DCFC20B92146384601F028
:10631000B3FB18B1384601F042FC39E0204601F0E9
:106320003EFC3C4604E03946204601F0C9FC78BBFF
:1063300029462046D4F8048001F0C3FA40BB6668C1
:10634000D9F800000027F060DAF81000306188F812
:106350000070E773B8F802004FF6F771884201D970
:10636000093000E00830A8F80200FF203072778181
:106370002946304600F058F870810121CDE90071BE
:10638000FF230022CDF808B04946204600F0B6F9B8
:106390002046BDE8FE4F01F002BC000088560020F8
:1063A0002DE9FF47074600891C25924689461C288F
:1063B00000D2054605F1080081B24FF42072242076
:1063C00001F0A6FA06002DD07468D7F804800823DF
:1063D00084F8009084F801A04FF00009C4F80490FC
:1063E0002A463946304601F082FBD8F80C0003906B
:1063F00003A800F0FBF9050011D0A4F802904F4665
:106400007189204600F010F8608001200097CDE9E6
:106410000105FF2303AA0021304600F06FF9304642
:1064200001F0BDFBBDE8FF8700B500F07FFBC04376
:1064300080B200BD70B500263446054612E0698979
:10644000686800F073FB204481B201EB1044A87A25
:10645000C00706D08EB10026E0B2C4F3072141EA9E
:1064600000242D68002DEAD126B1E0B2C4F3072143
:1064700041EA0024E04380B270BD0126ECE730B46D
:106480001B68029D9CB204EB13442B689DB22C4404
:1064900004EB13439CB204EB13439CB204EB134391
:1064A00030BCAFF300802DE9F0411C4690460F460A
:1064B0000026054612E06989686800F037FB204431
:1064C00081B201EB1044A87AC00706D0FEB10026C5
:1064D000E0B2C4F3072141EA00242D68002DEAD17F
:1064E00026B1E0B2C4F3072141EA0024384600F0A7
:1064F0000BFB0444404600F007FB204481B201EB53
:10650000104000EB1040C04380B2BDE8F08101268E
:10651000DEE7421C12D088B191F8312092070BD5EA
:106520004B68834208D0896800EA01020B409A4216
:1065300002D10143491C01D000207047012070475F
:106540002DE9F047456880460E4628780421B1EBD6
:10655000101F03D0404601F022FBB2E00007870E77
:10656000688800F0D1FA0446B8F80800A04203D9C0
:106570002146404601F070FBB8F80A00B842E9D362
:10658000B8F80800A042E5D3142FE3D339462846D3
:10659000FFF74AFF0028DDD12969DFF82C91C1F30C
:1065A00003100E28C9F81410EA68C9F8102005D0A5
:1065B000304600F08DF850B1344616E096F83100C0
:1065C000C00702D070680028F6D1002412E099F8C4
:1065D000140000247F280DD03C48046808E0B44231
:1065E00005D0204600F074F808B11CB10AE0246818
:1065F000002CF4D1687A112804D1E8194088B0F54C
:10660000884F30D0D9F810205AB131461046FFF7E4
:1066100080FF00289ED199F81000C0F303100E28C7
:1066200098D0002C96D0E88830F0C00092D1C9F8FC
:106630000850C9E90046297840460907890EA9F89B
:106640000C10394601F03CFB687A012817D0062867
:1066500010D0112809D04D462146D9F81400FFF773
:1066600058FF88B11DE03446DBE73146404605F06F
:106670008FF819E03146404602F074FD14E03146CF
:106680004046FFF7F7FD0FE0287DC0F303100E280A
:1066900007D03946404601F0C7FA02214046FFF7CD
:1066A000E5FD404601F07BFA0021C9F80010C9F869
:1066B0000410C9F80810A9F80C10C9F81010C9F88E
:1066C00014100020BDE8F08788560020D800002074
:1066D00010B590F83110C9070CD0416851B1064A85
:1066E00052698A4204D001461046FFF712FF08B1F2
:1066F000012010BD002010BD88560020FEB5DDE948
:106700000954089E1AB109B10F6807B9211D0096F6
:10671000CDE9015400F002F8FEBD00002DE9F84F6C
:106720009946DDE90A87DDF830B016008A4605464D
:106730006FF0010444D0142101F0C3F8E0BB6C6891
:10674000390247EA092084F80890677241EA10216B
:106750003068206182B2114401EB10404521217064
:106760004FEA082248F48A4142EA112184F8018064
:106770000F18288900F0C8F900EB07086080194F4E
:106780000020E080388800F0BFF9A08039884044BC
:10679000491C3980BAF1000F0FD0DAF80010E1601F
:1067A0008AB2104400EB114081B201EB104000EBC3
:1067B0001040C04360810DE005E00B490968EEE739
:1067C0006889142802D22046BDE8F88F68686E46B2
:1067D00000690090DBF81430584632462946984745
:1067E000F2E700003C0100201CBC000870B5014627
:1067F000144813E090F83120D3070FD053070DD57C
:1068000043685BB184680D68234005EA04069E4234
:1068100016D0920702D4C268954211D000680028B1
:10682000E8D10948006850B190F83120D30706D06C
:10683000520704D5426812B109787F2900D100209F
:1068400070BD0000D8000020DC00002038B5049C9A
:106850000094FFF714FE38BD2DE9FF5F3C4E4FF466
:10686000BE60DFF8F0B04FF0040A002406F1A00982
:10687000CDF80C0006EB4415286800282FDBDBF868
:106880001010002916DD491ECBF810102868296861
:10689000C0F30D402A68C1F3C031C2F30022009258
:1068A000CDE9011028682A68C0F3402321462AA0B8
:1068B000FCF776FB2846FAF759F880B25FEA000841
:1068C00002D00399884511D9C4EB441000EB841120
:1068D00009EB011152462846039BFAF775F9641C2F
:1068E0005445C7DB002004B0BDE8F09F01464FF4DB
:1068F000C172002001F00CF8009020B30646C4EBF2
:10690000441000EB8410002709EB00197489E11989
:10691000414501D9A8EB070409EB0701224670683D
:10692000F9F775FC36682744002EEFD149465246E8
:106930002846039BFAF748F9DBF80010491CCBF80E
:1069400000100098CFE7414611A0FCF729FBBBE7F8
:1069500020570020540100205B5258445D2064659C
:1069600073633D2564207374617475733D307825BD
:1069700030386C582046533D2564204C533D2564E7
:106980002045533D256420464C3D256C750D0A007D
:106990005B4554485D204E6F207062756620666FBF
:1069A000722052582025642062797465730D0A00A4
:1069B0002DE9FE4F2F4FDFF8B8802F48BA6808EB5B
:1069C000421501E0401E09D02B68002BFADBD5F8F8
:1069D000089000260C464FF4BE6A19E0114627A025
:1069E000FCF7DEFA6FF00200BDE8FE8F62899019B5
:1069F000504505D929A0FCF7D3FA6FF00100F3E761
:106A000009EB06006168F9F702FC60892468064416
:106A1000002CEBD1C6F30C006860274828600020EA
:106A2000B860F9F70BFF7868401C7860F8680028B8
:106A30001CDD401EF860214800232968002902DA85
:106A40005B1C8342F9D31E4840692968CA0F45453B
:106A500001D0012100E00021C0F30255CDE900057D
:106A6000C0F3800402941748FCF79AFA0020BBE7B1
:106A7000A05700205401002040420F005B455448BD
:106A80005D205458206465736320256C75207374F1
:106A900075636B20284F574E290D0A005B455448FB
:106AA0005D20545820627566666572206F76657247
:106AB000666C6F770D0A0000000010F0A0860100E0
:106AC0000090024078BF000810B504464068804737
:106AD00001F02CFE094A216852688B181A1AB2F18B
:106AE000004F03D308442246054902E004492246E8
:106AF0001846BDE8104001F029BE0000E400002067
:106B0000C96A000800BA704740BA704710B500F073
:106B100063FD00F07BFD00F04DFE04F027FE02F067
:106B20000FFBBDE8104001F039BE000018B500228F
:106B3000ADF8002010F001030CD000290ADD10F898
:106B4000014B8DF80140491E04E000BF30F8024BB4
:106B5000891E22440129F9DC002902DD00788DF824
:106B60000000BDF80000104481B201EB104081B27A
:106B700001EB104023B1C1B2C0F3072040EA01206D
:106B800080B218BD8AB0FAF7ADFFFCF7E3F8F24E19
:106B9000B06940F01000B061B0694FF0000800F03B
:106BA00010004FF40055049001AA444600950120BE
:106BB0004FF0020ADFF8A4B382E8110469465F4689
:106BC0005846FAF75BFA002229463846FAF75CFB8A
:106BD000C820FAF729F8012229463846FAF754FB6B
:106BE000C820FAF721F8002229463846FAF74CFB6C
:106BF000C820FAF719F8012229463846FAF744FB6B
:106C0000FBF7EEFFFCF74AF8D648D5494FF4E137D9
:106C10000160C0E901744FF00C09C460C0E9044987
:106C20008461C461FBF7FAFB08B172B6FEE7CD4C94
:106C3000CD4D48342046C4E90057C4F80880C4F854
:106C40000C80C4E90489C4F818804746C4F81C8045
:106C5000FBF7E4FB08B172B6FEE7C3485521001DFF
:106C6000016029684906FCD50D21016029684906A3
:106C7000FCD50A21016028684006FCD5BBA0FCF7C2
:106C80008FF9C449C4A0FCF78BF9CA480168CAA0AF
:106C9000FCF786F9FBF792F80146CFA0FCF780F9E4
:106CA000FBF79CF80146D5A0FCF77AF994F841105F
:106CB000DBA0FCF775F9E648E64C0168001F0268A6
:106CC000C4E91221E4A0FCF76BF904F15009082192
:106CD00089F800A089F80110DC2189F80210E16C24
:106CE000E7480A0E89F803200A0C89F80420090AEB
:106CF00089F805103168890001D4401EFAD1316845
:106D0000B0467368C1F340713268DEA0FCF748F901
:106D100000244FF400565D46002231462846FAF71B
:106D2000B3FA5020F9F780FF012231462846FAF7DE
:106D3000ABFA5020F9F778FF641C032CECDBE1A0E0
:106D4000FCF72EF9D8F8141041F48041C8F814105B
:106D5000D8F8141001F480410091D8F8141041F4CF
:106D60000041C8F81410D8F8141001F40041009143
:106D7000D8F8141041F48031C8F81410D8F8140071
:106D8000CDE902A700F4803003240090049401A907
:106D90007248CDF804A0FAF771F90420019001A916
:106DA000D148FAF76BF900210120F9F7E5FE01213E
:106DB00006900846F9F7E0FE054602210120F9F7A2
:106DC000DBFE059003210120F9F7D6FE009010218B
:106DD0000120F9F7D1FE834618210120F9F7CCFEF6
:106DE000824619210120F9F7C7FEDDE90531804609
:106DF0002A46BE48FCF7D4F8434652465946BCA042
:106E0000FCF7CEF8680701D5C9A100E0C9A1CB48BD
:106E1000FCF7C6F84FF496784046F9F705FFC8A08E
:106E2000FCF7BEF8FBF7B4FECDA0FCF7B9F8D3A091
:106E3000FCF7B6F84B48D94954384FF4804201600A
:106E4000D749C0E90117C0E9037247618761C7618B
:106E5000BA460762FAF726FA08B172B6FEE7D1A081
:106E6000FCF79EF83F497B485439583004F01DFB2D
:106E70003C4978485439603004F0CEFA00F038FFCD
:106E800001F05CFBFAF708FA724DE862286399F8A2
:106E9000031099F8053099F804208DE80E0099F850
:106EA000023099F8012099F80010C4A0FCF778F896
:106EB000CDA0FCF775F841F268010320CDE900018F
:106EC000012308220A21D2A0FCF76AF8FAF7E4F9B4
:106ED000A860D7A0FCF764F8E1A0FCF761F80422F1
:106EE0000221E8A0FCF75CF8EAA0FCF759F8F4A04E
:106EF000FCF756F805F15000FEF7B0F9002829D04C
:106F0000F4A0FCF74DF8FEF763FBF6A0FCF748F899
:106F1000FCF72EFF4FF4FA70F9F786FEF7490120CF
:106F2000FCF7D6FB011E00DC0020E8600122F4A083
:106F3000FCF736F8FCA1FEA0FCF732F842F210771D
:106F40004FF47A7BFAF7A8F90446FEF79FFA002877
:106F50006869FBE1FDE10000001002400010014003
:106F600000380140AC160020004400400D0A3D3DB1
:106F70003D3D3D20555341525432204F4B202D2052
:106F800044494147205354415254203D3D3D3D3DED
:106F90000D0A000040787D015B444941475D20486F
:106FA00053455F56414C55453D256C7520487A0D3B
:106FB0000A000000B40000205B444941475D2053B3
:106FC000797374656D436F7265436C6F636B3D25B8
:106FD0006C7520487A0D0A005B444941475D20509A
:106FE000434C4B313D256C7520487A202855534140
:106FF00052543220636C6B290D0A00005B444941F6
:10700000475D2050434C4B323D256C7520487A201B
:107010002855534152543120636C6B290D0A0000EE
:107020005B444941475D206875617274322E675335
:10703000746174653D2564202865787065637420EB
:10704000307832303D5245414459290D0A00000044
:10705000ECF7FF1F400000205B444941475D2042A0
:107060006F6172642049442028554944293A2030F0
:10707000782530386C582530386C580D0A000000DF
:10708000400D03005B434C4B5D20504C4C3328506B
:107090004C4C4932532972656164793D2564202046
:1070A0005243435F43523D30782530386C5820209E
:1070B0005243435F434647523D30782530386C5841
:1070C0000D0A00005B444941475D204D44494F2073
:1070D00070726F6265206F6620504859204030788A
:1070E00030312E2E2E0D0A000008014090BD000800
:1070F0005B50485950524F42455D205048595354B7
:10710000532830783130293D307825303458205399
:107110005452415031383D30782530345820535442
:1071200052415031393D3078253034580D0A000035
:1071300055500000444F574E00000000D8BD0008D5
:107140005B444941475D2041626F757420746F2034
:10715000696E6974204554482E2E2E0D0A000000D9
:107160005B444941475D204554482048414C2069D3
:107170006E697420646F6E650D0A00005B444941BE
:10718000475D2041626F757420746F20696E697469
:10719000204932432E2E2E0D0A00000000540040DC
:1071A000A08601005B444941475D20493243206984
:1071B0006E697420646F6E650D0A00005B4E455465
:1071C0005D204D41433A20253032583A253032581F
:1071D0003A253032583A253032583A253032583A2A
:1071E000253032580D0A00005B4E45545D20495051
:1071F0003A20444843502028616371756972656480
:107200002061742072756E74696D65290D0A000025
:107210005B4E45545D205365727665723A20256455
:107220002E25642E25642E25643A25640D0A00005F
:107230000D0A3D3D3D3D3D3D3D3D3D3D3D3D3D3DE1
:107240003D3D3D3D3D3D3D3D3D3D3D3D3D3D3D3D6E
:107250003D3D3D3D3D3D3D3D3D3D0D0A00000000B5
:1072600020204254434D696E65724D5320463130A3
:107270003756435436202B20445038333834380D99
:107280000A00000020204657207625642E25640D34
:107290000A0000003D3D3D3D3D3D3D3D3D3D3D3D08
:1072A0003D3D3D3D3D3D3D3D3D3D3D3D3D3D3D3D0E
:1072B0003D3D3D3D3D3D3D3D3D3D3D3D0D0A0000DB
:1072C0005B5359535D2045544820696E69742E2ED6
:1072D0002E0D0A005B5359535D20455448204F4BF7
:1072E0000D0A00005B5359535D20424D3133363651
:1072F00020696E69742E2E2E0D0A0000000048438E
:107300005B5359535D20424D313336363A20256464
:107310002F2564206368697028732920646574656B
:10732000637465640D0A0000454E41424C454400BB
:107330005B5359535D204A6F6220646973706174B6
:1073400063683A2025730D0A0000000014D038B19C
:1073500035E05EA0FBF724FE4046F9F765FCFBE74D
:1073600001206861A5F806A05FA0FBF719FE01F0F7
:107370007FF901F09DF909E050B1C5F814A0A5F816
:1073800006A0FEF79DFB5CA0FBF70AFE6869B0B99A
:10739000FDF75CFF98B1686A201A58450FD941F291
:1073A000680803216C62CDE90018012308220A2134
:1073B00059A0FBF7F5FD41466148FDF7B3FCFEF728
:1073C00087F800F0BBFEFCF743FD287808B1687829
:1073D00030B9E86A201AB84202D3EC6200F088FCA7
:1073E000286B201AB0F5FA6F06D32C6301F0A6F8CB
:1073F000686960B101F05CF9686940B1A86A44F657
:107400002061201A884202D9AC6201F031F9A86BE0
:10741000201AB84245D909A8AC63FDF70BFFFEF767
:1074200049F80190FEF740F80090FEF735F810B1EA
:10743000AFF2043001E0AFF204308146E86808B1F1
:10744000FCF740F9B4FBFBF83E494969DDE900234C
:10745000CDE90731CDE90592E96809B13AA200E02A
:107460003AA2696909B13AA300E03BA39DF827104D
:10747000CDE90320CDE901139DF8260000909DF889
:1074800025309DF8242041463548FBF789FD47F219
:107490003050B4FBF0F100FB1140584501D2FEF72B
:1074A0000FF8686B201AB0F5FA7F7FF64BAD6C636E
:1074B000686928B1002231462A48F9F7E5FE41E51E
:1074C00031462848F9F7D8FE3CE500005B455252AA
:1074D0005D2045544820696E6974204641494C45F9
:1074E00044210D0A000000005B4E45545D205443CA
:1074F00050204F4B0D0A00005B4E45545D20544315
:107500005020646F776E2C2077696C6C20726574E4
:1075100072790D0A000000005B4E45545D20436FF8
:107520006E6E656374696E672025642E25642E2552
:10753000642E25643A25642E2E2E0D0A00000000CC
:1075400060000020009002404F4B00004F46460074
:10755000434F4E4E000000005741495400000000C8
:1075600098BE000800100140F0B50B30154D20F01A
:1075700007010024144A0FE003688B420BD38B42AF
:1075800005D95E1A43184768C3E9006700E04368FD
:10759000136002C004E0021D10680028ECD12046F0
:1075A000002802D1286808B10020F0BD064A07482B
:1075B0001060074A121A22F00702C0E900240120D5
:1075C0002860D7E7700100206C010020747500204E
:1075D00070770020FEF722BE704710B5FFF7C4FF9A
:1075E000040003D101F074F801F074F8204610BDD6
:1075F00070470000072806D2002904D0024A52F83A
:107600002000FDF76FBB70478CBB000830B5064DFE
:10761000002400BF55F8240000F008F8641CA4B250
:10762000072CF7D330BD00008CBB00088268002116
:1076300011600022416807E08368521C1B680B60E0
:10764000836819600388194443889342F4DC7047C7
:10765000072801D300207047024951F82000FDF7A8
:107660004FBB00008CBB00082DE9F0410400DDE9B0
:107670000770069E1FD0F7B101B9224902B9214A0D
:1076800003B9204B00256560A560DFF87CC0C4F815
:1076900014C0E560258584F83150C4E907651B4EA8
:1076A00096F800C084F834C02061204600F098F8B5
:1076B0002046B84710B10020BDE8F081D6F804207C
:1076C00094F83400FF2801D184F83450104694F81F
:1076D00034100AE090F834308B4205D1491C84F80C
:1076E00034100028ECD102E000680028F2D1C8B2C2
:1076F000FE2805D0401C3070226020467460DBE715
:107700003570F9E71CBC0008DB770008D4000020C6
:1077100070B50C46054601F0E5FF21462846BDE858
:10772000704004F0F1B80A68C3689A4204D001B905
:107730000022C260012070470020704738B505461E
:107740000C4608686968884212D020680090686812
:10775000106069461046FFF7DBFF3CB120686860A7
:107760000121284600F027F8012038BD0020F6E767
:10777000002038BD0A6883689A4204D001B900220B
:1077800082600120704700207047000001000CD08B
:107790000748406807E000BF90F83420521CD2B27E
:1077A0008A4203D000680028F6D10020704700000C
:1077B000D400002070470A4690F831104B070BD5D3
:1077C000CB0709D0D20707D04268002A04D00907A6
:1077D00002D5011DFEF7D4BB70476FF00B00704758
:1077E0002DE9F84F4FF000091D4616460C00824661
:1077F000C84600D1114C06B9104E05B90F4DACB1B9
:10780000206898B100274A4631465046FFF7B2FF3C
:10781000424629465046FFF786FF002F04D16A46AC
:1078200021465046FFF78AFFBDE8F88F01276A46D8
:1078300021465046FFF782FFE5E700001CBC000828
:107840000149886070470000D4000020002807D05C
:1078500090F831104A0703D501F0FB0180F8311090
:10786000704710B5040010D094F8310041070CD4D3
:1078700040F0040084F831002046FCF779FD2046F2
:10788000BDE810400321FFF796BF10BD00280AD0C5
:1078900090F83110CA0706D141F0010180F831108B
:1078A0000321FFF788BF7047401E80B240EA5000B6
:1078B00040EA900040EA101040EA1020401C80B2DC
:1078C00070470022AFF3008030B5F0B1B1F5803FD2
:1078D0001BD279B104898BB21C44A4B29C4214D34C
:1078E000057B2D0608D54268511A00F1100291421D
:1078F0000BD304E0002030BD3AB14268511A416018
:107900004189194441810481F4E7012030BD000020
:107910002DE9FC5F064690460C461046012A0AD027
:10792000412808D04FF0000BB0F5C17F09D0B2F567
:10793000207F50D138E00246002000F051F8054683
:1079400046E00025A9460F460620FFF781FE040009
:107950001CD0A6F2F450404280B2B84200D938465A
:107960008246CDE9008BA11953463A462046103194
:1079700000F064F9B5B1C9F80040A7EB0A000704AC
:10798000A1463F0C4FF00006DED121E000F0A0FE42
:10799000124A0121117000F09DFEE5B1284600F069
:1079A000FEF818E02546E8E7311901F11000A14280
:1079B00011D3A0420FD3FFF710FE05000BD0CDE985
:1079C000008BA91923461A462846103100F036F9D3
:1079D0002846BDE8FC9F0020FBE70000E0000020F7
:1079E0002DE9FC41074615460E460520FFF730FEFF
:1079F00004004FF0000008D0CDE9005033461A468D
:107A00003946204600F01AF92046BDE8FC8110B541
:107A100000280FD000290DD004E003890C892344ED
:107A2000038110460268002AF7D102890B891A44A3
:107A30000281016010BD10B50C46FFF7E8FF20463B
:107A4000BDE8104000F02FB9002102E0491C006899
:107A500089B20028FAD10846704770B514460A4624
:107A60002189FFF755FF050004D0214600F004F8F6
:107A7000284670BD002070BD19B10A89002300F0AE
:107A800036B86FF00F0070472DE9F0470027164613
:107A90008946B846002805D0B9F1000F01D0044648
:107AA00020E00020BDE8F0872BB16089984202D821
:107AB000181A83B215E06089C01A85B2B54200D9A0
:107AC000354660682A46C11809EB0700F8F79FFBA6
:107AD00008EB05001FFA80F8781987B2701B86B290
:107AE000002324680EB1002CDED14046DAE72DE9F0
:107AF000F05F90460C0005461E464FF000076FF001
:107B00000F0A35D02189414532D38DB3298906EB3F
:107B1000080081422CD36FF0050B6889811B6089B6
:107B2000C01B814200D208464146804500D208462B
:107B3000814660684A46C11968683044F8F767FBB7
:107B4000A8EB09001FFA80F860894F444E44B84200
:107B500005D82468002714B9B8F1000F08D1688946
:107B6000B04208D12D6800262DB9B8F1000F02D01F
:107B70005046BDE8F09F2CB160892189884201D12F
:107B8000206830B93DB168892989884203D12868C5
:107B900008B15846EDE75FEA0800BED1E9E770B5E5
:107BA00004000AD0002500F093FDA17B491ECEB24F
:107BB000A67300F08FFD16B11AE0002070BD207B87
:107BC000266800F00F00022803D0012804D040B13D
:107BD0000AE02146062001E021460520FFF70AFDC4
:107BE00002E02046FFF7F6FC6D1CEDB23400DAD15E
:107BF000284670BD10B500F06BFD094A00211170D8
:107C000000F068FD0748006806E0416F19B1BDE863
:107C1000104001F077BAC0680028F6D110BD00000E
:107C2000E0000020080100200122AFF300800029BD
:107C300002DA494200F044B8FFF746BE70B50024AE
:107C4000DDE90456C0E900410281438105734673B2
:107C500001218173C47370BD70B502898A4221D934
:107C6000521A92B20D46044605E0281A85B22089C0
:107C7000801A208124686089A842F6D3207B0007FF
:107C800008D16089A84205D06068001B41192046D0
:107C9000FFF7AEFC65812581206808B1FFF77FFF03
:107CA0000020206070BD10B5040008D000F010FD69
:107CB000A17B491CA173BDE8104000F00BBD10BDB5
:107CC00010B538B1B1F5803F04D229B143898AB2E9
:107CD000934203D2012010BD002010BD446821440E
:107CE0004160991A41810189891A0181F4E70000F4
:107CF00010B51C4C207870B904F1580003F0D9FB82
:107D0000207040B1217904F1580003F065FC10B9EE
:107D100015A0FBF745F9607820B91248603003F0F0
:107D20007FFB6070A1782078814209D008B11AA247
:107D300000E01CA224211FA0FBF732F92078A070DC
:107D4000E178607881420CD030B10648603001792A
:107D500020A0FBF725F902E027A0FBF721F96078C6
:107D6000E07010BD400000205B4932435D2054505C
:107D700053353436443234412064656661756C7421
:107D800020706F77657220636F6D6D616E64206621
:107D900061696C65640D0A0064657465637465648B
:107DA000000000006E6F7420646574656374656420
:107DB000000000005B4932435D2054505335343697
:107DC0004432344120403078253032583A202573EF
:107DD0000D0A00005B4932435D20544D503130376D
:107DE0003520403078253032583A20646574656318
:107DF0007465640D0A0000005B4932435D20544DF8
:107E000050313037352040307834382D3078344692
:107E10003A206E6F742064657465637465640D0A3E
:107E2000000000002DE9F0410F46054614460229E6
:107E300010D3D4211046F8F711FA2878207068780A
:107E40000226411E6070042904D2522101EB401029
:107E5000B84202D90020BDE8F08100270AE004EB17
:107E60004710A9192022801CF8F7D1F920367F1C71
:107E7000B6B2FFB26078B842F1D8A81900F03DF967
:107E8000361DB6B2C4F88400A919202204F1880076
:107E9000F8F7BDF92036B6B2A919202204F1A800DE
:107EA000F8F7B5F92036B6B2A81900F026F9361D54
:107EB00044F8C80FB6B2A81900F01FF9361D60606B
:107EC000B0B2284400F019F9A0600120C3E730B532
:107ED00010B10AB1082901D0002030BD00210B46A5
:107EE0000C461B02055D43EA1163641C45EA01214F
:107EF000082CF6DBC2E90013012030BD042901D2B1
:107F000000207047018849BA1180408840BA5080EB
:107F10000120704711B10078012801D90020704775
:107F200010700120704710B51446042901D20020BA
:107F300010BD00F0E2F82060012010BD13B50B4623
:107F4000012269460620FBF76DFF1CBDF0B5054612
:107F5000A1B016460F460846F8F78BF984B2782C84
:107F600000D978248DF80050224639460DF10100E1
:107F7000F8F74DF9641CA2B233466946FF20FBF7BF
:107F800051FF21B0F0BD3EB504460D46D4E90023B3
:107F9000684603F099FD207A8DF8080061890DF19B
:107FA000090003F085FD207B8DF80B002B460C2289
:107FB00069460420FBF736FF3EBD1CB5D0E900231F
:107FC0000C46684603F080FD2346082269460920D6
:107FD000FBF728FF1CBD000070B586B00446007892
:107FE0000A9D8DF8000060788DF801006E46B01C87
:107FF000616803F061FDB01DA16803F05DFD0948F3
:1080000000684FF47A71A0FB01230DF10A0003F020
:108010005BFD2B46122269460220FBF703FF06B0E8
:1080200070BD00004800002070B586B0044600789E
:108030008DF8000060788DF80100A0788DF80200BE
:10804000E0788DF803000E46A1886D4601A803F084
:108050002FFDA81DA16803F02FFD0DF10A00E168B6
:1080600003F02AFD218A0DF10E0003F021FD618A43
:1080700004A803F01DFDA18A0DF1120003F018FD04
:108080003346142269460720FBF7CCFE06B070BDCC
:108090002DE9F0410746002010801D4614460E468B
:1080A0001880042911D3384600F027F8411E40F209
:1080B000FC72914203D34FF6FF70208005E0001D53
:1080C000208029802088B04202D90020BDE8F081BC
:1080D0003879FBE73EB501241923CDE9002402934A
:1080E0000279006854000A4601232146F9F774FA20
:1080F00008B100203EBD01203EBD0188827849BA0A
:108100000904C07841EA0221084370477FB514464C
:108110001925022303AA8DE82C0002790068550076
:108120000A4601232946F9F757FA10B1002004B096
:1081300070BDBDF80C0020800120F8E72DE9F04368
:10814000BBB0FDF7A3F9874C4FF0000888B1E08879
:10815000854EC0F5006189B23044FDF797FC0028D8
:1081600002DDE1880844E080E088002803D0002593
:10817000DBE0A4F806803BB0BDE8F083401B81B291
:10818000771938AB39AA3846FFF782FF0146BDF8A8
:10819000E400A0F57F42FF3A0BD000297ED07F1D7E
:1081A000B946082967D006DC01290DD0052906D17A
:1081B00038E06EA0D2E0092971D00A2948D079A010
:1081C000FAF7EEFE0027A2E003AABDF8E010384659
:1081D000FFF728FE00284DDD6348D42203A9D438D8
:1081E000F8F715F8012020612498A0619DF80C1083
:1081F000744BC1F3C302249835AF43F8220097E8CB
:108200000D00CDE9002002939DF80D206E48249BBF
:10821000FAF7C6FE03A8FBF786FCE068002829D120
:108220006AA07CE06A46BDF8E0103846FFF766FEBB
:10823000002876DDBDF80220BDF800106EA0FAF728
:10824000AFFEE06800286CD0BDF8001073A00FE00E
:108250006A46BDF8E0103846FFF765FE002860DD8D
:108260000098E061E16809B1FBF76CFD77A0E16976
:10827000FAF796FE55E010AABDF8E0103846FFF771
:1082800049FE88B1207898B136489DF840105830A2
:1082900003F0A2F990B19DF8400001E04AE023E02C
:1082A000207178B172A10EE06A4672A1202002E02E
:1082B0006A4676A12120FFF749FE0FE06A4679A1C0
:1082C0002220F8E77FA180A0FAF76AFE00F036F9D5
:1082D00000F0EEF969460820FFF730FE010020D0DB
:1082E0006846FDF7EFFB1CE004AABDF8E010384635
:1082F000FFF7EDFDA8B1694604A8FFF75EFEEDE7C4
:1083000019F8071076A0FAF74BFE7F1CBFB2BDF834
:10831000E000102800D91020B842F1D820A0FAF7C8
:108320003FFEBDF8E400284485B2E088291D814263
:108330007FF624AFE08865B1401B0204120CE28096
:108340003FF419AF3BB07119BDE8F0430648F7F7A9
:108350005EBFB0F5006F7FF40EAF63A0FAF720FEAA
:1083600007E7000040000020101800205B54435035
:108370005D20496E76616C6964206672616D65206E
:108380006C656E6774683B2064726F7070696E67AD
:108390002062756666657265642073747265616DCE
:1083A0000D0A00005B5443505D20556E6B6E6F7775
:1083B0006E2074797065203078253032582C206812
:1083C00065783A00D015002040BE00085B55415248
:1083D00054312D544553545D204A6F6220666F72AC
:1083E00077617264656420776974686F7574204181
:1083F0005349430D0A0000005B504152414D5D203E
:10840000667265713D2564204D487A20766F6C74E4
:108410006167653D2564206D560D0A005B50415231
:10842000414D5D20667265713D2564204D487A207E
:1084300049474E4F52454420286C6F772D706F7717
:1084400065722074657374290D0A00005B4D4153F9
:108450004B5D2076657273696F6E206D61736B2062
:1084600073657420746F203078253038580D0A00F9
:108470004F4E0000696E76616C696420706F77659D
:108480007220636F6D6D616E64000000545053354F
:10849000343644323441206E6F74206465746563F1
:1084A000746564005450533534364432344120707E
:1084B0006F77657220636F6D6D616E6420666169B0
:1084C0006C6564004F4646005B504F5745525D2037
:1084D000545053353436443234412025730D0A004C
:1084E00020253032580000005B5443505D20526517
:1084F0006365697665206672616D65206578636580
:10850000656473206275666665723B2064726F7085
:1085100070696E672073747265616D0D0A000000EA
:108520000246002001464006030E02F001001843F7
:108530005208491C0829F6DB704700002DE9F0437A
:108540004FF0000887B04646ADF800804746182136
:108550003548F7F783FE354D334C2878F0B101A943
:1085600005F1580002F0B6FF060010D0BDF8040077
:10857000A0800298A0600398E060BDF810006082BF
:10858000BDF81200A0829DF81400E07006E02748B4
:10859000583002F08EFF08B985F80080DFF88C9023
:1085A000687809F16009B0B16946484602F050FFA9
:1085B000070003D0BDF8000020820CE099F8040009
:1085C0001423410001221A48F8F742FF18B185F838
:1085D000018089F80480287818B1217841F00101E0
:1085E0002170697819B1227842F0020222701EB11E
:1085F000227842F0040222701FB1227842F0080271
:1086000022701EB1227842F01002227010B1074889
:1086100058300079607011B199F8040000E0002032
:10862000A07007B0BDE8F0831020002040000020BB
:1086300058160020C0F30A03C20A580501D5A3F555
:108640000063D00600D5203A03FB01F0002A01DBCD
:1086500090407047524201219140002802DB00EB1C
:10866000510001E0A0EB510090FBF1F070470000D9
:1086700000B50D4B95B00DF1400C0FCB8CE80F0001
:108680000A48D0E91212CDE91012007B8DF848009B
:10869000694610A8FFF777FC010002D06846FDF795
:1086A00011FA15B000BD0000F0BA0008400000202B
:1086B00000B589B069460548FFF7B6FC010002D055
:1086C0006846FDF7FFF909B000BD0000102000204A
:1086D00000207047704700002DE9F04700F026F8B1
:1086E000104E114C05464FF00047307808B1FFF7A7
:1086F00081FA2168002912D048682A1ABA420ED29B
:108700000A682260D1E9028960600420FEF772FFE6
:10871000B8F10002E9D0484611468847E5E7BDE8D0
:10872000F0870000E0000020E4000020F8F7B4BD6E
:1087300070B515460E460446FFF7F8FF20442A465A
:108740003146BDE8704000F001B8000070B5044645
:1087500015460E460420FEF77BFF00280ED00021B0
:10876000C5600D4A80E85200116831B14B68E51AC6
:108770004FF000439D420AD30160106070BD556800
:10878000651B9D4202D30260086070BD11460A68F5
:10879000002AF8D0F3E70000E400002070B5074D90
:1087A000012400BF05EBC40255F834000449FFF76B
:1087B000BFFF641C042CF5D370BD0000A8BB0008EB
:1087C000C96A00082DE9FE4F040060D0207D0A2808
:1087D0003CD00025DFF8BC80D4F850B0D4F824A0F9
:1087E000D4F81090D4F890602F4670B30D46E78A05
:1087F000214608F1180001F08EFA012188F80010D6
:10880000206F08B102F03AF9E06E08B102F036F9D3
:10881000606F08B102F032F955B1208B211DCDE90E
:1088200000172346029052465946184602F0B4F803
:10883000204600F033FC002E29D003B04846B44651
:10884000BDE8F04F6FF00C01604709E01148214688
:108850001C3001F060FA2046BDE8FE4F00F01EBC5F
:10886000E08A0028CCD0D8F81000A0420AD1C06815
:10887000C8F8100008E0C168A14202D1E168C160F7
:1088800002E008460028F6D10020E060B8E7BDE825
:10889000FE8F0000F00000200121FFF793BF0000D1
:1088A0002DE9F04106460120FEF7D2FE454D0400B9
:1088B0005BD1A86909E0418BC4680A0704D521F09F
:1088C0000801418300F068FA20460028F3D1002215
:1088D0001146EC68E86906E0036AE31A934201D3A3
:1088E0001A460146C0680028F6D111B10846FFF7C4
:1088F000D3FF0120FEF7ACFE040036D1092000F0C2
:108900004FFE0120FEF7A4FE04002ED1082000F047
:1089100047FE0120FEF79CFE040026D17F2E01D9E0
:108920007F2001E030001BD0401EC2B20023194658
:10893000EC68A8690EE0477D974206D309D1D0F8CC
:1089400020C0A4EB0C0C9C4503D3016A3A46631A81
:108950000146C0680028EED111B10846FFF79CFF20
:108960000120FEF775FE040029D0A421F7F776FC5C
:10897000667541F2D060A4F86400608520854021CE
:10898000E1724FF4067161860621A4F84010E18778
:10899000C91F21860121A4F84810E9682162A9783D
:1089A000A177A4F84A000848C4F884000748C4F82E
:1089B00094000748C4F898000920C4F89C00204699
:1089C000BDE8F081F0000020CBA7000800DD6D00BD
:1089D000F82401002DE9F0410D0004464FF0040396
:1089E00000D11E4D2CB1207D30B16FF00500BDE8E7
:1089F000F0816FF00F00FAE732B1194E002100BF8D
:108A000056F82100006817E000F0A6FE020018D119
:108A1000801EECE7C78A97420DD148B107683FB185
:108A200035B1D5F800C0BCF1000F01D0674502D1C7
:108A30006FF00700DBE7C0680028EBD1491C9942C2
:108A4000DEDB15B1286800B120600648E2820169CA
:108A5000E160046102F04EFA0020C8E71CBC000887
:108A60000CBC0008F00000207CB51F4D16000C4621
:108A70000AD011461DA0FAF793FA0020A860E8601A
:108A800001F0D2FF30467CBD0120A860608B40F031
:108A90004000608314482A882030C178CDE9001254
:108AA00083784278017818A0FAF77AFA1F492046AD
:108AB00001F086FE1E49204600F0B5FA02221D494B
:108AC000204601F050F9607A40F00800607242F2EE
:108AD0001070C4F894004FF4FA60C4F898000320B2
:108AE000C4F89C00CEE70000180000205B544350FF
:108AF0005D20436F6E6E656374206661696C6564AA
:108B00003A2025640D0A00005B5443505D20436FFA
:108B10006E6E656374656420746F2025642E256411
:108B20002E25642E25643A25640D0A00798B0008F1
:108B3000398B0008758B000810B505A0FAF730FADC
:108B40000B4800218160C160BDE8104001F06CBF9E
:108B50005B5443505D204552522063616C6C6261EE
:108B6000636B3A206572723D25640D0A00000000B7
:108B700018000020002070472DE9FF5F294C1646A1
:108B80004FF0000B4BB946B1B6F808A0A788DFF844
:108B900098C0154600206B6835E024A0FAF700FA6B
:108BA0005D46C4F808B001F03FFFE06838B10198B5
:108BB00000F05EF810B10198FFF76EFEE56000204E
:108BC00004B0BDE8F09F628802F10109C9F30B010E
:108BD000B94211D11CA0FAF7E3F93046FEF7DFFFE6
:108BE000C4F808B0C4F80CB001F01EFF0198FFF7FC
:108BF00053FE6FF00C00E3E713F800800CF80280DE
:108C0000401C618080B269898142DCD82D68002DCA
:108C1000C0D15146019801F0EEFD3046FEF7BFFF8E
:108C2000CDE7000018000020D00500205B54435021
:108C30005D20436F6E6E656374696F6E20636C6F49
:108C40007365640D0A0000005B5443505D20525868
:108C50002072696E67206F766572666C6F773B2055
:108C60007265636F6E6E656374696E670D0A0000EE
:108C700048B1017D012903D0418B41F010014183AE
:108C8000012100F003B86FF00F007047FEB50446F5
:108C90000127007D3D4D002681B3042801D007281F
:108CA00031D1A16F21B9218DA1F5B052D03A2AD08E
:108CB000228BE18A201D8DE8070023461846626A50
:108CC000216D01F069FE204601F002F8A869A0427A
:108CD00009D1C068A86108E0C168A14202D1E16879
:108CE000C16002E008460028F6D12948E6602F70EE
:108CF0000068A04203D102F05BF93DE003E02046AA
:108D000000F0CCF938E040B101281AD0022835D063
:108D10002046BDE8FE4000F03FB8E08A0028EED0D3
:108D20002869A04209D1C068286108E0C168A14251
:108D300002D1E168C16002E008460028F6D1E66091
:108D4000DDE7144B012100BF53F8210022460068E3
:108D500004E0C56F954200D1C667C0680028F8D10D
:108D6000491C0429F0D309481146143000F0D3FF00
:108D700021460220FEF73EFC0020FEBD03482146AE
:108D8000183000F0C8FF2F70B9E70000F000002095
:108D9000300100200CBC000870B50546007D05269A
:108DA000032804D0042802D0072816D106E028465C
:108DB00001F090FE040006D12E7509E0284601F06E
:108DC00089FE040002D0601C09D004E00920287547
:108DD000284600F033FD204670BD002070BD688B32
:108DE00040F008006883F8E72DE9F04704001E46CC
:108DF0006FF00F0005D0002903D0207D18B16FF06F
:108E00000900BDE8F087086860602283207A10B10D
:108E1000FEF7BCFC02E0201DFDF7E8FC05006FF04A
:108E200003010BD0206818B9281D07D00068206006
:108E3000B4F81680B8F1000F02D005E00846E0E76C
:108E400000F08AFCE08238B3204600F0B5FC4FF019
:108E50000009C4F824902065401E6064A065E065A8
:108E600041F2D06060852085C4F82C90A4F86000A1
:108E70004FF406706086221D294600F081F8608656
:108E80000127A4F8487002212046C4F8886000F049
:108E900086F8060003D022E06FF00100B1E702205F
:108EA000104D2075B8F1000F10D02869A04209D1EB
:108EB000C068286108E0C168A14202D1E168C160D0
:108EC00002E008460028F6D1C4F80C90A869E060DA
:108ED000AC6102F00FF82F70204600F0AFFC304676
:108EE0008FE70000F00000202DE9F0470746DDF88D
:108EF00020809A4691460D465FEAC87001D004264C
:108F000000E000260320FEF7A3FB040013D084F842
:108F10000A804FF00008C4E9008528891421801BCD
:108F200020812846FEF7CDFC48B1204601F098FD8F
:108F30000020BDE8F0872846FEF731FEF8E76068BC
:108F40004068E060F88AFDF7DFFDE1680880388B53
:108F5000FDF7DAFDE16848805046FDF7D3FDE16892
:108F60004860B008000300F5A04040EA0900FDF7A2
:108F7000CBFDE1688881E1682046A1F81280D8E73E
:108F800000290BD0098D002908D0282902D92839B9
:108F90008AB200E00022904200D310467047F8B534
:108FA000044600270D46880700D50127F80701D0A1
:108FB000042100E000214FF420723820FEF7A8FCC5
:108FC00001004FF0FF360AD000972A462046E36D95
:108FD000FFF78AFF010002D0E06E30B108E0608B3D
:108FE00040F0800060833046F8BDE16604E0104642
:108FF0000268002AFBD101600020A4F86800A807DD
:1090000002D0E06D401CE065E80703D0608B40F0C3
:10901000200060834868FEF717FD34F8661F084497
:1090200020800020F8BD002801D0C0F890107047C3
:1090300070B5194DA878401CA870AC6928E0A17FD4
:10904000A878814223D0A077608BC10709D040F077
:1090500002006083204600F0F1FB608B20F00300EB
:10906000608380B2010705D520F0080060832046A8
:10907000FFF792FEE668A06F38B100202870204606
:1090800001F038F828780028D7D1344600E0E468A9
:10909000002CD4D170BD0000F0000020014601205A
:1090A000FEF7A8BA2DE9F0410C460746144E10E031
:1090B0002546D5E90040FEF7C7FCB7F86610081A48
:1090C000A7F866002889318908443081284601F0D4
:1090D000C7FC8CB1E0684068FDF714FD0546E06808
:1090E0008089FDF711FD800700D0012021892844E7
:1090F0000844B169081ADBD52046BDE8F0810000BC
:109100001001002010B50446406F002803D001F084
:10911000B5FC0020606710BD0849C888421CCA80A1
:109120000A6912B18B88984203D2C9681431085C6D
:109130007047C01AC0B2105C7047000010010020D8
:1091400010B5F8F7A9F80549096848400449C0F383
:109150000D0000F54040888010BD0000E8F7FF1FBB
:10916000F00000202DE9FF5FEA4E05464068F06000
:10917000688914287ED3DFF8A093D9F80010D9F8B5
:109180001400FDF7C6F9002874D199F81400C0F353
:1091900003100E286ED009F1140003900090031FF5
:1091A0002A89062128460193FDF750FB0028EBD1C0
:1091B000F0688089FDF7A8FC000B81001429D9D341
:1091C00028898842D6D3A1F1140080B270804FF074
:1091D000000AC6F810A06A898A4204D3B0802846E3
:1091E000FEF76EFD17E014212846FEF769FD698938
:1091F000B1807088401A84B22846FEF761FD286865
:109200004189A142B6D3416831612146FEF758FD3C
:109210002889001B2881F0680088FDF775FC01464D
:10922000F06801804088FDF76FFC0146F0684180DE
:109230004068FDF767FC0146F06841607161806835
:10924000FDF760FC0146F0688160B161C089FDF7FF
:109250005BFC0146F068C1818089FDF755FC00F098
:109260003F00307029897181820706D04A1C92B272
:10927000728100E07DE091427BD8DFF8A082D9F8CE
:1092800010E0D9F804B0D8F80030F168D9F81470BB
:1092900000221C4600974BE0277A3FB19BF834C070
:1092A0000CF1010C0CF0FF0C67453FD1278BB1F896
:1092B00000C067453AD1E78AB1F802C0674535D1A9
:1092C000D4F804C0F44531D1D4F800C0009FBC45A7
:1092D0002CD122B1E768D760E360C8F800404CB3F6
:1092E000DFF83C9257460007C9F800A02B89A9F87F
:1092F0000830C9F80450C9F80C10C6F81CA086F84C
:1093000001A0A6F808A003D5687B40F001006873AF
:10931000A06F78B3204600F0EDFE0D3003D0A06FB3
:1093200040B3708930B3608DF0B3CAE02246E46880
:10933000002CB1D17B48D9E904280068D9F8044051
:109340001AE0037A2BB194F834707F1CFFB2BB4251
:1093500011D1038B0F88BB420DD1C38A4F88BB420A
:1093600009D14368934206D10368434503D101F014
:10937000DBFDC8E031E0C0680028E2D16A4F00227E
:10938000B2463868034618E0067A3EB194F834C015
:109390000CF1010C0CF0FF0C66450CD1C68AB1F83B
:1093A00002C0664507D100E013E00668464507D0D5
:1093B000002804D02EB10246C0680028E4D18CE019
:1093C000F0B31AB1C168D160C360386000F006F92B
:1093D00099E0204601F05BFB73E02046346200F028
:1093E000C9FC0D306DD07078354600070ED5D4F825
:1093F00090201AB16FF00D0120699047214647482F
:1094000000F089FC2046FFF749FE5AE02A8942B164
:10941000D4F8803023B12146206998470D3050D0D0
:109420002F81204600F082F8F0BBE86910B3A17EDE
:10943000C90606D5FEF7B3FB2046FFF72DFA40E03C
:109440004BE0D4F884C0BCF1000F07D0D4F81080F2
:109450000246002321464046E04705E0002302463D
:109460002146184601F0B1F910F10D0F29D008B1CD
:10947000E869A067687880061BD5A06F20B1417BA2
:1094800041F02001417314E0208DA0F5B051D03996
:1094900001D0401C2085D4F884C0BCF1000F08D056
:1094A00000231A46214600E00BE02069E0470D301A
:1094B00007D020462F6200F039F810B9204600F09E
:1094C000BDF93762F761D9F804004C46002802D094
:1094D000FEF765FB6760BDE8FF9F54468889FDF78E
:1094E00013FB40070FD4E068039B01884288019872
:1094F000CDE900020291618960694218D9F804003F
:10950000A16901F07AFA04B02846BDE8F05FFEF7E1
:1095100046BB0000100100208856002008010020F2
:10952000785600200C0100200401002010B50446EC
:109530000C484078C00612D5A07EC00606D4D4F8E8
:1095400090201AB16FF00E0120699047214606481D
:1095500000F0E1FB2046FFF7A1FD012010BD002037
:1095600010BD0000100100200801002070B5044665
:10957000006D0025401EFDF7C5FA0346002229466E
:10958000204600F057FA010006D02246231DBDE810
:109590007040104600F098BA4FF0FF3070BD0000E8
:1095A00030B40D4B044600210846DD689A6909E095
:1095B000137DA34205D1136AEB1A8B4201D31946DE
:1095C0001046D268002AF3D1002803D030BC002115
:1095D000FFF7F8B830BC7047F0000020FEB53D4DF5
:1095E00006462878410713D43B4FC10611D5E868D9
:1095F00007F1100207F11403018840880092CDE9B9
:1096000001016989686942187868A96901F0F5F96A
:10961000FEBD8007FCD5707DFFF742F9040048D0FD
:109620007869206038696060F08AE082E8680088C4
:109630002083032020756869401C6062E062204638
:1096400000F0BAF8A06520656064E0656869401EB6
:1096500060653069E6672061707A00F00C00607226
:10966000307A20721D480168E160046001F042FC1C
:109670001B4901200870204600F0CAFAE868C0893A
:10968000A4F86000A4F86200201DFDF7AFF80146C1
:10969000608E221DFFF774FC608612212046FFF7C2
:1096A0007EFC88B103B02046BDE8F0400021FFF702
:1096B00089B8B369002BABD0306903B04FF0FF32EB
:1096C000BDE8F040002118472046BDE8FE4000F00C
:1096D000B5B80000100100208856002008010020C5
:1096E000F000002070B50D4604001DD02068002851
:1096F0001AD00E4E2046B16900F01AF820463169A2
:1097000000F016F8002D0FD0286800280CD006F1C4
:109710001400026806E010682168884201D12868B8
:109720001060D268002AF6D170BD0000F000002061
:1097300070B50546084609E001682A68914204D1DF
:10974000C468FFF7A9F8204600E0C0680028F3D1FC
:1097500070BD4020FFF7A4B8F0B5154D154A0023A1
:109760004FF6FF764FF440474FF4804E9088401CF0
:1097700080B29080B04200D19780B2F804400020BF
:1097800055F8201009680AE0B1F816C0A44505D1C3
:109790005B1C9BB27345E9D30020F0BDC96800296A
:1097A000F2D1401CC0B20428EAD3A0B2F0BD000040
:1097B0000CBC0008F00000200249D1E9020210446C
:1097C00088607047F000002070B50546C0680C4600
:1097D0008089FDF799F9184EC00715D0204601F091
:1097E0004DF9002425E08089FDF78EF9C00707D0E8
:1097F0000120FDF789F90146E868828911438181DA
:109800002046246801F02CF99CB1E0682289736934
:10981000416811442A891A44511AE4D52A894068BA
:109820001A44821A05D5C01A81B229816868FEF7E8
:1098300013FA2C6070BD0000100100202DE9F05FCC
:1098400004467B480068A04202D10020BDE8F09F9A
:10985000B4F86010B4F84800814200D20846E56EC2
:1098600081466DB12146221D084601F08DF85FEA60
:10987000000A6FF003012ED054B1206840B10CE013
:10988000A07E80077ED52046BDE8F05F01F0FFB8DE
:109890001AF104001FD000682060E8684068FDF7F6
:1098A00031F9616C401A2989421800204A4514D9BF
:1098B000B4F860204A45E3D1216F0029E0D194F843
:1098C000A1100029DCD184F8A000012184F8A110A6
:1098D00084F8A200D4E70846B8E784F8A100266F10
:1098E00083460EB990E0064630680028FBD18AE036
:1098F000E8688089FDF708F9206FA8B1618B11F045
:10990000440F11D1E06E28B102686AB90089628EF5
:10991000904209D2B4F8640030B1B4F8660010285F
:1099200002D211F0A00F7AD0207D022807D010209B
:10993000FDF7EAF80146E8688289114381815246C1
:109940002146284600F0FEF820B1618B41F08001ED
:1099500061837BE72868E066207D022803D0608B66
:1099600020F003006083E8684068FDF7CBF8074605
:10997000E8688089FDF7C8F8800700D001203844E6
:10998000298900E04FE00844216D091A00D52065BF
:10999000E8688089FDF7B8F8800700D001202989A0
:1099A000C8422CD0C5F800B0206F68B1E8684068A4
:1099B000FDF7A8F80746F0684068FDF7A3F8381AE5
:1099C0001AD504F1700003E0256716E0D8F800000E
:1099D0008046006850B1C0684068FDF793F80746BC
:1099E000E8684068FDF78EF8381AEFD4D8F8000020
:1099F0002860C8F8005005E035602E4602E0284691
:109A000001F02EF8E56E55B1E8684068FDF77AF888
:109A1000616C401A2989014449457FF669AFE06EBF
:109A200008B9A4F868B0608B20F0800060830CE770
:109A3000300100202DE9FF410446478D058BC08A87
:109A400010268DE8E100606A00F009F8002803D0D4
:109A5000628D616A1144E16204B0BDE8F0812DE9D4
:109A6000F05F834688180E46DDE90B98143081B20A
:109A70001F464FF420722420DDF828A0FDF748FF90
:109A800005001ED050466C68FDF73EF82080484621
:109A9000FDF73AF8608067605846FDF733F8A0603C
:109AA000B008000300F5A04080B240EA0800FDF7CE
:109AB0002BF8A0810D98FDF727F8E0810020208287
:109AC00060822846BDE8F09FF8B515460E461C4654
:109AD00007461A46294600F057FF38B10090234642
:109AE0002A463146384600F007F8F8BD3046FEF702
:109AF00056F86FF00300F8BD2DE9FE434F68DDF81E
:109B00002880914600930D461E4604460A894B461E
:109B100006212846FCF79AFE388214B1E37AA07A2F
:109B200001E04023002006228DE805013246494627
:109B30002846FCF7E3FD04462846FEF730F82046A9
:109B4000BDE8FE83FEB516460C46054600F058F803
:109B500008B10020FEBD606AFCF7D4FFE9688860A8
:109B6000608DFCF7D1FFE968C881618D606A0844A7
:109B7000E062EF68A87A1437C0070AD0221D314688
:109B800040F2B450FFF7FCF940F00170FCF7BAFF67
:109B90003860B4F930000027002800DA2786606BAF
:109BA00038B9164800686063E8684068FCF7AAFFA7
:109BB000A0636968A88923468A88801A4A89121A8C
:109BC0004A8169680A89101A08816968E8684860EA
:109BD000E86806210782201D009068680289FCF76A
:109BE00035FEE968221D0882A07A06218DE843002F
:109BF000E37A21466868FCF781FDFEBDFC00002089
:109C00004068807B012801D0012070470020704708
:109C10002DE9F0411A4C06466088002818D0002033
:109C2000E08040F2B4550FE0FFF776FA00280FD03D
:109C3000012809D002280DD0FFF76EFA022807D3B9
:109C4000E1880844801EE080E08861888842EBD388
:109C5000BDE8F081FFF760FA0428F9D1E088618857
:109C6000801C8842F4D8FFF757FA0702FFF754FA2E
:109C70003843A84200D800B928467086E4E70000BF
:109C8000100100202DE9F0411D46DDE90637089E50
:109C90000C4691420FD2BF0707D49F7E7F060AD49D
:109CA0001EB1DE6E0EB91B6F2BB104F2B4518A42A5
:109CB00000D2114689B24FF42072FDF729FE002828
:109CC00004D04189091B298004814481BDE8F081C9
:109CD00070B504001ED0207D00281BD00A2819D0A2
:109CE000012817D0A06F002510B1FDF758FFA56718
:109CF000606F10B12046FFF705FA4FF0FF30208665
:109D0000E06E00F0BBFE206F00F0B8FEE566256750
:109D1000A4F8685070BD70B50C4601460068A042BA
:109D200009D1C068086008E0C168A14202D1E168B9
:109D3000C16002E008460028F6D100252046E56013
:109D4000FFF7C6FF207D0A280AD0012808D0608BC3
:109D5000C10705D040F0020060832046FFF76EFD8A
:109D60002575E58270BD002802D0C0F88C104277BE
:109D7000704700002DE9FE4FD84D04462878410772
:109D800021D5207D02280ED0616A686981420ED0FB
:109D9000421A07D4228D1144081AFAD4608B40F07D
:109DA0000200608397E1206DA9698842FAD1687842
:109DB00040F008006870608B20F0010060836FF055
:109DC0000D00BDE8FE8F800704D5207D022801D05C
:109DD0000328E3D1A07EC00602D4C14800682062F7
:109DE0004FF0000A84F8A3A084F8A2A02046FFF751
:109DF0000FFF2A78900704D5207D022801D0032880
:109E0000D0D1B84B94F814C003F110000421DFF84E
:109E1000D8B2B64FB64E1433ACF1020C4FF0010974
:109E2000BCF1080FBED2DFE80CF00473CBCFF5CB4A
:109E3000F4F3D606B6D5920754D5626CAE69521CBF
:109E4000B2424FD16869421C62626664E262EA68AB
:109E5000401ED289A4F86020A4F8622060652175B4
:109E6000201DFCF7C3FC0146608E221DFFF788F819
:109E700041F21C116086B1EB400F01D2420000E0BC
:109E80000A46B2EB800F01D9810003E0B1EB400F2D
:109E900000D24100A4F84810B4F86600401EA4F8AF
:109EA0006600206FB0B10168C4F8701000F0D8FDF2
:109EB000206F98B1A4F830A084F842A0D4F888307C
:109EC000002B3FF46BAF00222146206998470D30EC
:109ED00042D063E7E06E0168E166E7E74FF0FF30EC
:109EE0002086EBE7E9680A8849888DE807006989D8
:109EF000686942182046A96900F04EFD94F84200B6
:109F000006288FD2A4F830A0204600F0F5FCE2E04D
:109F1000960708D5606A6969401E884202D12046CA
:109F200000F089FCD7E0D20649D5626CAE69B21A5E
:109F3000012A38D4226D921B35D42175E06F40B1CF
:109F4000836933B1002221462069984738B10D302A
:109F500002D02046FEF7A0FC6FF00C0031E720464F
:109F600000F004F9288908B1401E2881618E41F271
:109F70001C10B0EB410F01D24A0000E00246B2EBE8
:109F8000810F01D9880003E0B0EB410F00D24800F7
:109F9000A4F848006878800611D5608B40F0020074
:109FA000608307204AE0E9680A8849888DE807004D
:109FB0006989686942183146204600F0EDFC8AE064
:109FC000204600F0D3F8E5E7204600F0CFF86878A7
:109FD000800628784FEAC06027D5002805DA206D72
:109FE000A969884201D1E06E28B1608B40F002007F
:109FF0006083082022E0608B40F0020060832046EE
:10A00000FFF766FE3068A0420CD1C068306048E0BF
:10A0100051E02DE014E0C168A14202D1E168C160C5
:10A020003FE008460028F6D13BE0002853DA206DD7
:10A03000A96988424FD1E06EE0BB062020754AE056
:10A04000204600F093F86878800644D5608B40F095
:10A05000020060832046FFF73BFE3068A042D4D068
:10A0600003E0C168A142D9D008460028F9D118E020
:10A07000204600F07BF82878C0062CD5206DA96911
:10A08000884228D1E06EA8B92046FFF721FE30684B
:10A09000A042BAD003E0C168A142BFD00846002860
:10A0A000F9D18BF800900A2020753868E0603C6098
:10A0B00000F020FF0FE0204600F058F82878C00696
:10A0C00009D5206DA969884205D1E06E18B9687874
:10A0D00040F010006870002073E6000010010020BE
:10A0E000FC00002088560020F00000200C01002019
:10A0F000080100202DE9F04104000CD0A56F0020DC
:10A100006E7BA067D4F884704FB100232A462146A5
:10A110002069B84709E06FF00F00BDE8F081002327
:10A120002A462146184600F050FB6FF00C0728B174
:10A130000D3018D06FF00400A567EEE7B00610D51B
:10A14000208DA0F5B051D03901D0401C2085D4F825
:10A15000845035B100231A4621462069A8470D30A6
:10A1600001D00020D9E73846D7E700002DE9F047B5
:10A17000F74D04464FF000062878C0067ED52846E5
:10A18000B4F860C0A36D676D6A69C16880690CEB43
:10A190000309B7EB020808D4974201D11F1A04D46F
:10A1A00083420DD1CB8963450AD9C989A4F86010CF
:10A1B000B4F862308B4201D2A4F86210C4E91520D1
:10A1C000626C4FF6FF71131A2CD46B89002B28D1C7
:10A1D000B4F86070A36D1F444F4522D1B4F93030FC
:10A1E000002B1EDB82421CD194F84300421CD2B2E9
:10A1F000824201D984F8432094F8430003280CD903
:10A20000B4F84800628E024492B2824202D3A4F8AB
:10A21000482003E0A4F8481000E002D3204600F0F4
:10A220003DFB8AE0821A012A76D4236D1B1A73D46F
:10A23000678B7B0708D527F004036383B4F84A30A3
:10A24000A4F84830A4F86A6084F84260E38FB4F957
:10A250003C7092B203EBE703A4F8403084F843600B
:10A260006064207D042831D3B4F84800B4F84A3043
:10A27000984217D2638B1B0503D500E07DE00123D4
:10A2800000E00223678E5F43BBB2934200D81A46B8
:10A29000024492B2824202D3A4F8482016E0A4F805
:10A2A000481013E0B4F86A301A4492B29A4202D3CA
:10A2B000A4F86A2001E0A4F86A10B4F86A20824287
:10A2C00004D3121AA4F86A20628EE1E7D4E91B31A4
:10A2D000A0A22046FEF7E6FE206703469FA2204686
:10A2E000E16EFEF7DFFEE066216F19B12686267764
:10A2F00020B105E04FF0FF322286F8E7A4F868604D
:10A30000B4F864202B891A44A4F86420628B1205E7
:10A3100013D511B1C86802E00CE030B1C0684068E4
:10A32000FCF7F0FBE16C401A07D4608B20F400606E
:10A33000608302E0204600F0AAFB606BE8B1A16BED
:10A34000AA69891A19D587490988081AB4F93C10ED
:10A35000A0EBE10000B2014409B2A187002801DAB4
:10A36000404200B2B4F93E20A0EBA2001044E087C6
:10A3700000EBE100A4F8400066636B89002B7DD000
:10A38000207D07287AD2606A6A69774F811A01298D
:10A390001ED413441B1A012B1AD43A8989B2786847
:10A3A000521A3A810289521A92B204E0028146811D
:10A3B000C91A006889B243898B42F7D3FDF780FC44
:10A3C000606A6861F9684860616A401A07D5E2E12D
:10A3D000101A04D5608B40F002006083DBE1208D11
:10A3E000616A0A186869121A012AF0D4A8468142E3
:10A3F00073D1F8688089FCF787FB800701D00121C1
:10A4000000E000213889B946084480B2A8F80A0063
:10A41000218D4546814230D2D9F80C004F468089C3
:10A42000FCF772FBC0070FD0F8688089FCF76CFB63
:10A43000C0F344004000FCF767FB0146F8688289DE
:10A4400022F47C5211438181208D3881F868808903
:10A45000FCF75AFB800702D53889401E38813989BC
:10A460007868FDF7F9FBF8688089FCF74DFB8007F9
:10A4700000D0012039890844688100E090E1606FD4
:10A4800060B3D9F80C008089FCF73EFBC00704D10B
:10A4900007E00168616700F0E3FA606F0028F8D117
:10A4A0006BE0676F24E08089FCF72EFBC0071BD0B0
:10A4B000D9F80C008089FCF727FB800714D4012011
:10A4C000FCF722FBD9F80C108A8910438881FCF72D
:10A4D0001BFB800703D0012102E0BAE04DE0002120
:10A4E000B9F808000844688138463F6800F0B8FAB7
:10A4F0006FB3F86839896B89426811446A691A44F4
:10A50000511AD0D5696940689AB20A44821A33D583
:10A51000411AA9F80810D9F80C00A8468089FCF760
:10A52000F3FA800704D5B9F80810491EA9F80810F5
:10A53000B9F80810D9F80400FDF78EFBD9F80C0023
:10A540008089FCF7E1FA800710D001210FE013E0C9
:10A5500010010020756E61636B656400756E736534
:10A560006E740000FC000020785600200021B9F82D
:10A5700008000844A8F80A00676768896969014407
:10A580006162218D081A2085204600F019FDD9F856
:10A59000041048460A890AB1E9614660D9F80C00FE
:10A5A0008089FCF7B1FAC00741D0687840F02000FC
:10A5B00068703CE06A618889FCF7A6FA800700D0E1
:10A5C00001203A89616A114408446062F868808910
:10A5D000FCF79AFAF8688089FCF796FA800700D0B1
:10A5E000012039890844218D081A2085204600F071
:10A5F000E7FC7968088930B1E86910B1FDF707FA1E
:10A6000000E0E9617E60F8688089FCF77DFAC007A8
:10A6100008D0687840F020006870207D042801D1BF
:10A620000720207538686067384600F019FA676FB0
:10A6300027B1F968606A4A688242BBD0608BC10763
:10A6400002D020F00100B6E040F001006083BDE8D8
:10A65000F087656F95B10026E9684968814212D19B
:10A660003889298988422FD9286868B3534800F06F
:10A67000E3F948B37EB33060294623E04F4800F049
:10A68000DBF9606787E006B3F2685268821A012A34
:10A6900023D40A1A012A20D4484800F0CDF9070033
:10A6A00079D0F068416830890A18D8F81400821A05
:10A6B00005D5401A81B231817068FDF7CDFA29467F
:10A6C00038463760FFF780F865E0421A05D53B4809
:10A6D00000F0B2F9E8B36067CEE72A682E46CABB3D
:10A6E000091A55D5E8688089FCF70EFAC00752D1DF
:10A6F000324800F0A1F9286058B3E8682989464635
:10A7000040684218D8F814108A1A05D5081A81B280
:10A7100029816868FDF7A0FA218D606A7269084492
:10A7200071891144401A36D52868C0688089FCF7C1
:10A73000EBF9C00713D02868C0688089FCF7E4F9FA
:10A74000C0F344004000FCF7DFF92968C9688A8932
:10A7500001E020E01CE022F47C5210438881A08CB0
:10A76000218D0844B18A401A81B228680181286885
:10A770004068FDF771FA2868C0688089FCF7C4F961
:10A78000800700D00120296809890844708102E00F
:10A7900015007FF461AF2046BDE8F04700F077B9BF
:10A7A000616A6869421A05D4228D1144081A012889
:10A7B0007FF54DAF608B40F0020047E778560020F0
:10A7C000002801D0C0F88410704710B51446080066
:10A7D00007D04CB1218900F00EF82046FDF7DFF9D3
:10A7E00003E06FF00F0010BD0BB1002010BDBDE8FD
:10A7F0001040FEF73DBA10B504001BD0228D501852
:10A8000080B241F2D061884201D8824201D92185CB
:10A8100000E02085204600F0D3FB40F2B45188428E
:10A8200008D3608B40F0020060832046BDE81040F2
:10A83000FFF704B810BD2DE9F041056F04466FF035
:10A8400005061DB12846FFF7DBF910B13046BDE81B
:10A85000F081286804F16C06206700E036683068F3
:10A8600050B1C0684068FCF74DF90746E868406899
:10A87000FCF748F9381AF1D4306828603560286848
:10A88000002108B9A4F8681094F84200FF2802D209
:10A89000401C84F8420000206163D8E710B50446EC
:10A8A000006F002827D0A07E400724D42046FFF761
:10A8B000C2FF00281FD1B4F84810B4F860008142EC
:10A8C00000D208464108A4F84A10608EB1EB400F50
:10A8D00005D24FF6FF7101EA4001A4F84A1089B28F
:10A8E00000EB40000844A4F84800608B40F00400EE
:10A8F00060830020208610BD10B5044600F011F8DA
:10A90000002804D12046BDE8104000F001B810BD79
:10A9100090F84210FF2902D2491C80F84210FEF73D
:10A920008DBF2DE9F041056F04466FF005065DB15E
:10A9300003E0FFF765F938B92D6828680028284634
:10A94000F7D1FFF75DF910B13046BDE8F081E06E58
:10A9500028600026206FC4E91B06608B40F400606D
:10A960006083E8684068FCF7CDF80746E8688089AE
:10A97000FCF7CAF8800700D0012029893844084430
:10A980006663E0640020E0E718B1007A08B1FCF7E4
:10A99000FDBE1046FBF72ABFFEB51D460646DDE9A3
:10A9A0000930089C0094CDE901302B46304600F078
:10A9B0000BF8010007D003B023462A463046BDE815
:10A9C000F040FFF781B8FEBD2DE9FF411546DDE9F6
:10A9D0000B78084600244DF21606FCF793F8142174
:10A9E000CDE90216CDE9007803460022214628462B
:10A9F000FFF735F804B0BDE8F081FEB51E4604004F
:10AA0000DDE90930089D0ED00095CDE901303346CF
:10AA10000020FFF7D9FF010005D02B463246002069
:10AA20000094FFF769F8FEBD024800214180818053
:10AA3000704700001800002070B505460320FCF7A1
:10AA400007FE04000AD004CD95E80B0004C484E896
:10AA50000B00241FFDF727F9204670BD002070BDB4
:10AA600010B5040009D0606808B1FDF798F82146D8
:10AA7000BDE810400320FCF7BDBD10BD10B503E0DC
:10AA80000468FFF7EDFF20460028F9D110BD70B52E
:10AA900004460025006DFCF735F8034600222946E0
:10AAA0002046FEF7C7FF010009D02246231D1046AD
:10AAB000FFF70AF8618B48B141F0030108E0608BB1
:10AAC00040F0030060836FF0010070BD21F00301CE
:10AAD000618370BD70B5C46E05460CB909E00446CB
:10AAE00020680028FBD1E0688089FCF70DF840075A
:10AAF00005D02846BDE870400121FEF750BA01207C
:10AB0000FCF702F8E1688A8910438881688B40F07D
:10AB100020006883002070BD2DE9FE4FAC4D47F644
:10AB2000FF7B4FF4FA78E8684FF00009401CE860BA
:10AB3000A878401CA8700027AC692BE1A17FA878F9
:10AB4000814202D12746E46824E1A0770026207DD7
:10AB5000B246022805D194F84200062801D3012606
:10AB600088E094F842000C2806D294F8A10058B36B
:10AB700094F8A2100C2901D301266FE09549415C9D
:10AB800094F8A000884202D2401C84F8A000C0B211
:10AB9000884263D3B4F86010204619B100F01EF962
:10ABA00020B107E000F0CCFBE8BB03E02046FEF755
:10ABB00045FEC0B384F8A09094F8A10007284DD2B8
:10ABC000401C84F8A10049E0B4F93000584501D296
:10ABD000401C2086B4F93000B4F9401088423DDBB7
:10ABE0002046FFF79EFE18B1206FE0B9E06ED0B1AD
:10ABF000207D022813D094F842000C2800D30C20AA
:10AC0000B4F93E10B4F93C2001EBE201724A105C49
:10AC100081405846814200DA0846A4F84000484680
:10AC2000A4F8309000E019E0B4F84820B4F86010BF
:10AC30008A4200D211464A08A4F84A20618E4FF693
:10AC4000FF7303EA41039A4201D2A4F84A30A4F800
:10AC50004810A4F86A002046FFF75AFE207D062817
:10AC600008D1A07EC00605D5206AE968081A282800
:10AC700000D9761C607A000726D5207D042801D0F3
:10AC8000072821D1D4E9250CD4F89C10226A01FBB5
:10AC90000C01B1FBF8F1EB689A1A914203D24FF024
:10ACA000010A761C10E094F8A31001FB0C00B0FB25
:10ACB000F8F0904208D22046FEF758FC20B994F8EC
:10ACC000A300401C84F8A300606F60B1216AE868AB
:10ACD000411AB4F9400000EB4000B1EB400F02D341
:10ACE0002046FEF70FFA207D032802D0092807D05E
:10ACF0000BE0206AE968081A282806D9761C04E0C7
:10AD0000206AE968081AF028F8D84EB32046D4F82B
:10AD10009060FEF7DDFFE0680FB1F86000E0A86129
:10AD2000BAF1000F0AD0228BE18A201D8DE80700BE
:10AD300023461846626A216DFFF72EFE2046D4F89E
:10AD400010A0E468FEF7AAF985F8009016B36FF03A
:10AD50000C015046B047287800287FF4ECAE19E08B
:10AD60002746E468387F401CC0B23877797F884234
:10AD700010D387F81C9085F80090D7F88C2032B15A
:10AD800039463869904729780029E6D110B9384604
:10AD9000FEF754FD002C7FF4D1AE0026EC6913E0E1
:10ADA000206AE968081AF02806D92046FEF790FFC5
:10ADB000E06826B1F06003E02646E46804E0E8615C
:10ADC0002046E468FEF76AF9002CE9D1BDE8FE8F61
:10ADD000F0000020C7BB0008FCBB00082DE9F84FBD
:10ADE000C46E0F460546002C7DD04FB12089B84275
:10ADF00077D994F80AB05FEACB7105D0042604E055
:10AE00006FF00500BDE8F88F0026C01B1FFA80F820
:10AE100008EB060081B24FF420723820FCF778FD71
:10AE20005FEA000A63D0606822890189891A39447F
:10AE30008BB2DAF8041042463144FCF725FE404557
:10AE400052D1E0688089FBF75FFE00F03F064FF0CB
:10AE50000009300703D526F008064FF00809F0076F
:10AE600003D026F0010649F00109E0684068FBF7CD
:10AE700049FEC3194A4651462846CDF800B0FEF7B0
:10AE800033F8070033D06068FCF7DEFD35F8661F45
:10AE9000081A288060680289A2EB080189B2FCF7D1
:10AEA000DBFE2189A1EB080020813046FBF72CFE58
:10AEB000E1688A89104388816068FCF7C5FD2988AC
:10AEC000084428807868FCF7BFFD2988084425F8E5
:10AED0006609206838602760386810B90020A5F836
:10AEE000680000208EE702E05046FCF758FE4FF065
:10AEF000FF3087E70848816800290CD10749084AD4
:10AF000009681268114306D00121816000220549B9
:10AF1000FA20FDF70DBC7047E40000200801002076
:10AF20000C010020E1B30008FEB516490B785A0762
:10AF300017D40A469C07528914D5446A4B691D1BD5
:10AF400015D4058D2C44E41A11D4CC680E4E1A4445
:10AF5000258864880096CDE90145331D8969FFF78E
:10AF60001BFDFEBDD90702D0084909680162002A0D
:10AF7000F7D0418B41F002014183BDE8FE40FEF76E
:10AF80005DBC00001001002098560020FC0000204D
:10AF900010B5FEF74DF805484178491C4170C807C7
:10AFA00003D0BDE81040FFF7B7BD10BDF000002092
:10AFB0000248417841F010014170704710010020B3
:10AFC00070B5048D456A428E2B1940F66836C16A09
:10AFD000B24200D932460A449A1A02D44485581A19
:10AFE00070BD491B00D500214185002070BD0000C7
:10AFF0002DE9FF4F4FF0000B93B01746CDF838B056
:10B0000004005D46CDF834B05E46CDF824B0CDF8EE
:10B0100044B0ADF828B0D846DA466FF00F021BD026
:10B02000608EB4F86210B0EB510F01D2014600E01F
:10B03000490801B108460690149868B1207D04289B
:10B040000CD007280AD0022808D0032806D06FF0B9
:10B050000A0017B0BDE8F08F1046FAE767B1B4F800
:10B060006410B94203D3B4F86600102804D3608B8F
:10B0700040F08000608360E1B4F8669000200790A3
:10B08000E06E002877D0054600680028FBD1A87A3A
:10B09000C00700D004202B8919180698401A82B2E4
:10B0A000B4F86800ADF82800C8B10D95B84201D2D7
:10B0B000014600E03946914201D9114604E0B84208
:10B0C00001D2014600E039468846A0EB0800ADF801
:10B0D000280006EB0801A2EB08008EB282B2BE4245
:10B0E00049D2002A47D0002B45D0B81B904200DD42
:10B0F000104680B2CDE90C051698C00715D0012185
:10B1000016980094CDE901010AAB00200C99FEF7D6
:10B11000B9FD5FEA000B7CD014980C9A8119DBF81A
:10B120000400F5F774F858461EE0686800E0084629
:10B1300001680029FBD1017B890908D14168408958
:10B1400001441498814202D1DDF830A011E00122BF
:10B1500000200C99FCF7DCFB5FEA000BDBD01498B5
:10B1600081195846CBF80410FCF76EFC48441FFACE
:10B1700080F90C9866E067E0B81B81B2DDE9062033
:10B18000101A80B2814200D2084603901698C00778
:10B190001DD00998C8B1002116980094CDE901018D
:10B1A000039907980AAB084481B23820FEF76AFD7C
:10B1B000019000282DD014988119019842680798B1
:10B1C0001044039AF5F723F818E00121E4E701227F
:10B1D00038200399FCF79CFB0090002819D01498A4
:10B1E0004FF4207281190098416038200799FCF7CC
:10B1F0008FFB019088B10099FCF709FC0198FCF7DE
:10B2000023FC48441FFA80F9B9F1100F07D90198BF
:10B2100000E04BE0FCF7C3FC82E00098F8E71198EF
:10B220000090E06D0022831920460199FDF75CFE35
:10B230000D90D8B3099870B1DDE90D0108600D9843
:10B240000E900398304486B2BE4295D3B8F1000FF9
:10B250001CD06E6814E00D980990F0E7318901EB7D
:10B2600008003081306850B97189706842460844DE
:10B270001499F4F7CCFF718901EB080070813668EE
:10B28000002EEBD1298901EB08002881BDF82800A8
:10B29000A4F86800BBF1000F09D059466868FCF7B4
:10B2A000B6FB2989BBF80800084418E038E0BAF179
:10B2B000000F15D0686804E0038903EB0A020281DD
:10B2C000084601680029F7D1028902EB0A010181D1
:10B2D000428902EB0A014181298901EB0A00288198
:10B2E0000998DDB1C5F8000054F85C0F38442060BF
:10B2F0002089C01B2081A4F80A900D9860B1C06815
:10B3000050B11698800707D40820FBF7FDFB0D9974
:10B31000C9688A891043888100209AE6E066E3E7DD
:10B32000608B40F080006083BBF1000001D0FCF72F
:10B3300036FC099808B1FFF7A1FB4FF0FF3088E613
:10B340002DE9F041C56E0446002635B394F8A200FD
:10B35000FF2802D2401C84F8A200E8688089FBF72D
:10B36000D3FBC00701D02889D0B100270122E868AB
:10B37000314643682046FEF75DFB060013D0716836
:10B3800088469FB11120FBF7BFFBB8F80C1021F4E1
:10B390007C510843A8F80C0011E00020BDE8F081C2
:10B3A00001270022E3E74FF0FF30F7E768682B89B9
:10B3B00014310289D21A93B20122FCF765FBE868C6
:10B3C0004068FBF79FFB216D401C091A00D52065E2
:10B3D0002246231D3146BDE8F0411046FEF774BBFE
:10B3E00010B5FFF7D5FD084808490068096808430B
:10B3F00006D00022BDE810400549FA20FDF798B9B3
:10B4000004490020886010BD080100200C010020C4
:10B41000E1B30008E40000200160002101717047E1
:10B4200070B505000FD0286868B148246100142366
:10B4300001222868F6F70CF838B1641CE4B24F2CEE
:10B44000F4D900202871002070BD2C71012070BD3E
:10B450007FB50C4680B1056875B1007960B15CB10B
:10B460001423022203A98DE80E00410001230022CB
:10B470002846F6F7B1F810B1002004B070BDBDF851
:10B480000C0040BA0009010501D5A0F5805040F23A
:10B49000712148434FF0640101D4323000E032386A
:10B4A00090FBF1F020800120E7E701602421017189
:10B4B000704710B548B104683CB1007919234100C8
:10B4C00002222046F5F7C4FF08B1002010BD01207C
:10B4D00010BD00002DE9F04186B00E46040034D0C6
:10B4E00096B302AA0121FCF7F5FD68B36A46202154
:10B4F0002046FCF7EFFD38B301AA8B212046FCF76C
:10B5000005FE08B303AA8C212046FCF7FFFDD8B145
:10B5100004AA8D212046FCF7F9FDA8B105AA7921DE
:10B520002046FCF7F3FD78B1BDF804509DF800000B
:10B530004FF47A7100F01F004D43C20600D5203849
:10B54000002806DB85400BE0FFE7002006B0BDE8E1
:10B55000F08142420120904005EB5002B2FBF0F531
:10B560008846BDF80C00FDF765F807466421BDF874
:10B570001000FDF75FF80446002F00DA0027B5F54C
:10B58000803F01D34FF6FF75B4F5004F02DB47F65D
:10B59000FF7403E00F48844200DA04461421304669
:10B5A000F4F75CFEA5FB07014FF4FA7280183580B2
:10B5B000776041F1000142460023F4F7E7FDB060F7
:10B5C000B481BDF81400F0819DF80800C009307402
:10B5D0000120BBE70080FFFF30B585B00D000446B9
:10B5E00001D0802100E000217CB1206868B18DF895
:10B5F000101004AB192101220093CDE9012121791A
:10B6000013464900F6F77EF910B1002005B030BDB1
:10B610000220F5F709FB03AA01212046FCF75AFD99
:10B620000028F3D02DB100209DF80C1080EAD11035
:10B63000ECE70120F8E7000008498A88CB889A42A5
:10B6400001D100207047064ACB88D25C0270C888BE
:10B65000401CC0F30900C880012070470000002092
:10B660007F0100202DE9F04F01B92A4920B12A4C71
:10B67000002663681D4608E06FF00F00BDE8F08FFC
:10B68000A84201D1012602E0ED68002DF8D16FF04B
:10B6900007097ABB00254FF6FF784FF4404A4FF474
:10B6A000804B2288571C2780424501D1A4F800A076
:10B6B0001A4627880AE000BFB2F812C0BC4504D180
:10B6C0006D1CADB25D45ECD31CE0D268002AF3D10D
:10B6D0003A04120C16D00FE098420AD05D8A9542C7
:10B6E00007D11F680D68AF420CD059B155B14BB1AD
:10B6F00047B1DB68002BEFD101B1096801604282DC
:10B7000016B104E04846B9E76168C1606060002096
:10B71000B4E700001CBC00083401002070B5040030
:10B7200016460D466FF00F0017D0002D15D0628A17
:10B730002AB921460846FFF795FF00280DD1286851
:10B740006060A682207C084A40F0040020745068A3
:10B75000014604E0844201D1002070BDC068002889
:10B76000F8D1E1605460F7E73401002010B5F5F737
:10B7700093FD0549096848400449C0F30D0000F5F0
:10B780004040088010BD0000E8F7FF1F3401002092
:10B790002DE9F34F0646408983B008287ED3584DE3
:10B7A000776829686869FAF7B4FE83463888FBF73A
:10B7B000ABF901907888FBF7A7F9DFF848A181463B
:10B7C0000021DAF804200846144657E0B4F812C005
:10B7D000CC4551D1237A4BB1D5F804C09CF834C084
:10B7E0000CF1010C0CF0FF0C634545D1BBF1000FCF
:10B7F00013D0CCB12368BBB1D5F814C0E046BCF17E
:10B80000FF3F11D0DDF810C0DCF808C003EA0C03DC
:10B8100008EA0C08434507D02EE02CB123681BB181
:10B82000D5F814C0634527D1237C5B0711D478B1C8
:10B83000BBF1000F0DD06B695B1C0AD1049BD0F8E3
:10B8400000C05B689C4504D0D4F800C09C4500D182
:10B850002046B4F814C0019B9C450DD163681BB110
:10B86000D5F810C0634507D121B1E368CB60E26031
:10B87000CAF8044024B10AE02146E468002CA5D1AE
:10B88000040004D1049841686869814232D1F88883
:10B890001B4F103750B1381D009000E02AE032896C
:10B8A0003B4611213046FAF7D1FF18BB082130463C
:10B8B000FCF706FAF0B95CB1A569DDB1019800901A
:10B8C0003B4632462146E069A84705B0BDE8F08F07
:10B8D000BBF1000F0ED1287DC0F303100E2809D054
:10B8E000A889083001B23046FCF79EF903213046A2
:10B8F000FAF7BCFC05B03046BDE8F04FFCF74FB995
:10B90000885600203401002010B5002813D00268AA
:10B91000002A10D000290ED00A68002A0BD0064A4F
:10B92000526806E013680468A34201D10B681360F3
:10B93000D268002AF6D110BD3401002010B50020D5
:10B94000FBF786FE040004D02021F4F787FCFF20DB
:10B95000E072204610BD002801D0C0E906127047F1
:10B96000002814D00A494A6882420AD1D2684A6043
:10B9700009E0D16821B1814202D1C168D16002E001
:10B980000A46002AF5D101460020FBF733BE704776
:10B99000340100207CB56FF00F05069C70B169B1D1
:10B9A00062B15CB105685DB1C5F303160E2E07D018
:10B9B0006668B54206D06FF003007CBD28467CBDAA
:10B9C000251D00E00546CDE9004500F001F87CBDED
:10B9D0002DE9FE4F0500DDE90C9A9B4690460E4688
:10B9E0006FF00F002FD0002E2DD0B8F1000F2AD00D
:10B9F0005FEA0A0127D05FEA090124D06A8A2AB9DE
:10BA000029460846FFF72EFE00281CD130894FF04A
:10BA1000FF3700F1080189B2814213D30821304673
:10BA2000FBF74FFF88B14FF4207208212420FBF769
:10BA30006FFF040006D0308940B131462046FBF745
:10BA4000FAFF03E03846BDE8FE8F3446688A67682F
:10BA5000FBF75AF838805846FBF756F878800020F4
:10BA6000F8802089FBF750F8B880287CC0070BD1FC
:10BA7000CDF800802289534611212046FAF7E6FED0
:10BA800008B94FF6FF70F880EB7AAA7A1120CDE959
:10BA90000020CDF80890424651462046FAF73EFE77
:10BAA0000546B44202D02046FCF779F82846CAE79A
:10BAB0000A0A0270417070470A0E02700A0C427046
:10BAC0000A0A8270C17070472DE9F04115461E4682
:10BAD00007460724E20028463146F4F788FBC4F104
:10BAE0000701641E7854F5D5BDE8F0810000000020
:10BAF0000000000000000000000004020000000040
:10BB0000000004050607080900000000000D0102FE
:10BB1000030405060708090A0B0C0D0E0F100000A0
:10BB200000000000000001020304060708090000ED
:10BB3000000001020304000020000400282000206F
:10BB4000B8000020A4000400A8200020BC000020B1
:10BB50001C00080038230020C00000201000100046
:10BB600018240020C4000020100004001825002024
:10BB7000C80000201000100058250020CC00002034
:10BB80000406080058260020D000002038BB00081A
:10BB900044BB000850BB00085CBB000868BB000841
:10BBA00074BB000880BB0008FA00000091AF0008D9
:10BBB000E8030000AD5F000860EA0000A13F000854
:10BBC000F40100003D42000803060C1830607800C4
:10BBD00024BF00084CBF00086CBF00082CBF000841
:10BBE00018BF000800BF00080CBF000860BF0008B5
:10BBF00038BF000840BF000854BF0008010203041A
:10BC000005060707070707070700000004010020D3
:10BC100000010020080100200C01002000000000AD
:10BC2000FFFFFFFFFFFFFFFFFFFF0000000000001E
:10BC30005B4C5749505D204448435020626F756EFD
:10BC4000643A2049502025642E25642E25642E2533
:10BC5000642047572025642E25642E25642E2564F4
:10BC6000204E4D2025642E25642E25642E25640D3E
:10BC70000A0000005B5048595D20414E41523D3062
:10BC80007825303458202031303046443D2564201A
:10BC900031303048443D256420313046443D2564F0
:10BCA00020313048443D2564202070617573653D26
:10BCB00025640D0A000000005B5048595D20414E8C
:10BCC0004C5041523D3078253034582020313030AE
:10BCD00046443D25642031303048443D25642031C0
:10BCE0003046443D256420313048443D25642020C1
:10BCF00070617573653D25640D0A00005B504859FD
:10BD00005D204243523D3078253034582020726502
:10BD10007365743D257320206175746F6E65673D92
:10BD20002573202073706565643D2573202064753C
:10BD3000706C65783D2573202069736F3D257320F5
:10BD40002070643D25730D0A000000005B444D41E6
:10BD50005D2052585F444553433D30782530385874
:10BD60002052585F4255463D30782530385820548F
:10BD7000585F444553433D30782530385820545857
:10BD80005F4255463D3078253038580D0A00000096
:10BD90005B50485950524F42455D204243523D301E
:10BDA0007825303458204253523D3078253034586D
:10BDB0002049443D3078253034583A3078253034A5
:10BDC000582028657870203078323030303A30781A
:10BDD00035433930290D0A005B50485950524F42C3
:10BDE000455D206C696E6B3D257320202849443DDC
:10BDF0003078464646462F307830303030202D3E61
:10BE000020504859206E6F7420726573706F6E6495
:10BE1000696E673B20636865636B2032354D487AF5
:10BE2000207874616C2C204D44494F2077697269E9
:10BE30006E672C205048592061646472290D0A00F5
:10BE40005B4A4F425D2069643D2564206D696473DF
:10BE500074617465733D25642076657273696F6ED5
:10BE60003D307825303858206E626974733D3078E3
:10BE700025303858206E74696D653D30782530382E
:10BE800058206E6F6E63655F73746172743D3078B5
:10BE9000253038580D0A00000D0A5B5354415455A3
:10BEA000535D2075703D256C7573202069703D25AC
:10BEB000752E25752E25752E257520206574683DF7
:10BEC00025732020626D313336363D257320206383
:10BED000686970733D256420206C696E6B3D257325
:10BEE000202072783D256C752074783D256C752076
:10BEF000444D4153523D30782530386C580D0A007E
:10BF000046494E5F574149545F31000046494E5FF4
:10BF1000574149545F32000045535441424C495304
:10BF200048454400434C4F534544000053594E5F2D
:10BF30005243564400000000434C4F53494E4700C3
:10BF40004C4153545F41434B000000004C49535453
:10BF5000454E000054494D455F574149540000008B
:10BF6000434C4F53455F57414954000053594E5F6E
:10BF700053454E54000000005B5458445D206172EC
:10BF80006D65643D2564206F776E5F6E6F773D252C
:10BF90006428303D73656E7429207370696E733D3B
:10BFA000256C7520444D4153523D30782530386C16
:10BFB00058205450533D256C7520544255532862E7
:10BFC000697432293D256C750D0A0000ECBF00082C
:10BFD0000000002074010000FC07000820C00008D9
:10BFE00074010020FC7900000430000801430419AA
:10BFF000FFFF01082DE0FF1F0A08010309110208D5
:10C00000DCABCDEF701742019210033F127A32C0C1
:10C01000033C6E19C2C0041D01031C420302100838
:04000005080001519D
:00000001FF
