:020000040800F2
:10000000487A0020690100086B2D00086926000865
:10001000692D00088F080008F72F00080000000075
:10002000000000000000000000000000952D000806
:1000300091080008000000006D2D0008992D0008AF
:100040008301000883010008830100088301000880
:100050008301000883010008830100088301000870
:100060008301000883010008830100088301000860
:100070008301000883010008830100088301000850
:100080008301000883010008830100088301000840
:100090008301000883010008830100088301000830
:1000A0008301000883010008830100088301000820
:1000B0008301000883010008830100088301000810
:1000C0008301000883010008830100088301000800
:1000D00083010008F32F0008830100088301000852
:1000E000830100088301000883010008000000006C
:1000F0000000000000000000000000000000000000
:1001000000000000000000008301000883010008D7
:1001100083010008830100088301000883010008AF
:10012000830100088301000883010008830100089F
:10013000830100088301000883010008830100088F
:10014000830100088301000883010008830100087F
:10015000DFF810D000F06CFB00480047596C000835
:10016000AFF30080487A00200648804706480047E1
:10017000FEE7FEE7FEE7FEE7FEE7FEE7FEE7FEE757
:10018000FEE7FEE74D2E0008510100082DE9F05F63
:100190000546002092469B468846064681464024F6
:1001A0001BE0284641464746224600F020F85346C9
:1001B0005A46C01A914110D311461846224600F003
:1001C00093FA2D1A67EB01084F46224601200021C1
:1001D00000F08AFA17EB00094E41201EA4F1010439
:1001E000DFDC484631462A464346BDE8F09F202AD8
:1001F00004DB203A21FA02F00021704721FA02F3D1
:10020000D040C2F12002914008431946704710B512
:10021000431A934209D28318881803E010F8011D8D
:1002200003F8011D521EF9D210BD40EA01039B07DD
:1002300003D009E008C9121F08C0042AFAD203E05B
:1002400011F8013B00F8013B521EF9D210BDD2B2A9
:1002500001E000F8012B491EFBD270470022F6E7AF
:1002600010B513460A4604461946FFF7F0FF20462C
:1002700010BD421C10F8011B0029FBD1801A7047E9
:1002800030B504460020034600E05B1C934203D2D5
:10029000E05CCD5C401BF8D030BDF0B480EA0102D8
:1002A000D40F4200B2EB410F02D20246084611467B
:1002B0004A0042D0C30DDDB2C1F3C752AD1A202DA2
:1002C00035DAC1F3160141F4000204B15242C5F11E
:1002D000200602FA06F12A411044B3EBD05F23D086
:1002E000C4B1012DA0EBC35009DCF0BC4FF00042BB
:1002F00002EAC352DBB200F5000000F00DBA400084
:1003000000F1807000EBC350A0F1807040EAD17022
:10031000490009E0490841EAC071A0EBC35000F56B
:100320000000400800EBC350F0BC00F0ECB96142A3
:10033000012202EB4101001BF6E7F0BC704781F09F
:100340000041AAE780F00040A7E780EA010210B56B
:1003500002F00043400022D04A001FD0010E01EB02
:100360001261C0F35600C2F3560240F4000042F49A
:100370000002A0FB022000047F39140400D0401CBE
:1003800050EA124001D44000491EC2B20C0604EBF0
:10039000D010401C4008802A02D003E0002010BD8D
:1003A00020F00100002900DA0020184310BD30B40D
:1003B00080EA010202F0004530F0004221F00040E6
:1003C00013D090B1C30DD40DC2F31601C0F31600C3
:1003D000E41A41F4000140F400027D34914201D35B
:1003E000641C00E04900002C02DA30BC0020704799
:1003F0004FF400000023914201D3891A03434008BF
:100400004FEA4101F7D151B1914202D14FF0004181
:1004100005E002D24FF0010101E06FF0010103EBB2
:10042000C450284430BC00F06EB92DE9FE4F81EA7B
:10043000030404F0004421F0004100944FF0000B4D
:1004400023F0004350EA01045ED052EA03045BD07B
:10045000C3F30A54C1F30A552C44A4F2F3340194B3
:10046000A0FB0254C1F3130141F48011C3F3130341
:1004700043F4801301FB024400FB034E840A970AF5
:1004800044EA815447EA8357A4FB076802958D0A22
:1004900005FB07854FEA932C04FB0C542705029DAE
:1004A0004FEA065847EA1637B5EB08056EEB070C1E
:1004B000870E920E47EA811742EA8312A7FB0201D8
:1004C000B6EB0B0164EB00042B0D43EA0C335E1812
:1004D00044EB1C50DA465146E7FB0201C5F3130416
:1004E0004FEA0B3343EA14534FEA0432019C43EAC8
:1004F0000603A4F10C040294009CCDE900B400F0C2
:1005000048F903B0BDE8F08F00200146F9E72DE976
:10051000F04D81EA030404F0004B21F0004514463D
:100520004FF0000A23F0004150EA050220D054EABF
:1005300001021DD0C5F30A570246C5F31303C1F3E8
:100540001300C1F30A5640F4801543F48013A7EB5F
:100550000608101BD64608F2FD3873EB050002D3DF
:1005600008F1010801E092185B41B8F1000F03DACD
:1005700000200146BDE8F08D00204FF480110646B2
:1005800084460EE0171B73EB050705D3121B63EBC4
:10059000050306434CEA010C49084FEA3000921863
:1005A0005B4150EA0107EDD152EA030012D082EA22
:1005B000040083EA0501084305D0101BAB4106D2B5
:1005C0000122002306E000224FF0004302E06FF01A
:1005D000010253101AEB06004CEB085110EB0A0015
:1005E00041EB0B01BDE8F04D00F0C4B870B521F04F
:1005F000004303430CD0C1F30A550024D5EB040596
:1006000064EB0403D617AD1AB34102DB00200146A8
:1006100070BD201841EB025170BDC10F80EAE0703F
:100620000844CA079623002100F076B896230022DA
:10063000114600F071B800F0004220F00040C10DFA
:10064000C0F3160040F400007F2901DA0020704753
:10065000962903DCC1F19601C84001E09639884033
:10066000002AF4D040427047C1F30A5210B5C1F3DA
:10067000130140F2FF3341F480119A4201DA002065
:1006800010BD40F233439A42A2F2334203DC52429D
:10069000FFF7ADFD10BD904010BD00F0004230F0FE
:1006A00000400AD0C10D01F56071C0F3160042EAA6
:1006B0000151C208400711437047002001467047AE
:1006C000002801DBC0F10040002901DBC1F100413D
:1006D00081427047002801DBC0F10040002901DBA6
:1006E000C1F1004188427047202A04DB203A00FA19
:1006F00002F1002070479140C2F1200320FA03F379
:100700001943904070470029A8BF7047401C49001A
:1007100008BF20F00100704710B4B0FA80FC00FA66
:100720000CF050EA010404BF10BC704749B1CCF191
:10073000200421FA04F411FA0CF118BF012121431D
:100740000843A3EB0C01CB1D4FEA00614FEA1020D8
:1007500042BF002010BC704700EBC350104400297A
:10076000A4BF10BC7047401C490008BF20F0010026
:1007700010BC704710B5141E73F1000408DA401C59
:1007800041F1000192185B411A4301D120F00100B0
:1007900010BD2DE9F04D92469B4611B1B1FA81F2A0
:1007A00002E0B0FA80F220329046FFF79DFF044647
:1007B0000F4640EA0A0041EA0B0153465A460843F5
:1007C00013D0114653EA010019D0C8F14002504637
:1007D000FFF70DFD05460E46504659464246FFF7C7
:1007E00083FF084305D0012004E020463946BDE8D8
:1007F000F08D0020054346EAE0762C4337430A9803
:100800006305E40AA0EB08000022FD0A44EA47540D
:100810000A3002D500200146E9E7010510196941B7
:10082000DDE9084500196941BDE8F04DA2E7000087
:10083000064C074D06E0E06840F0010394E807002D
:1008400098471034AC42F6D3FFF786FCFCBF000893
:100850001CC0000830B58C1810F8012B12F00F03E3
:1008600001D110F8013B120906D110F8012B03E069
:1008700010F8015B01F8015B5B1EF9D101E001F8A2
:10088000013B521EFBD1A142E6D3002030BDFEE762
:100890007047000003484FF4E001416100214160CE
:1008A00070470000009002402DE9FF4F81B00646DE
:1008B0003148DDE90F58DDF8389001681F461446CD
:1008C00041F0010101600168C907FCD12B49824652
:1008D000416141692AA002F08FFB3B46CDF80090B0
:1008E00031463548029A02F087FB0021C8F30D001B
:1008F0004FF0004B40F48043621E13E006EB4110C2
:10090000C0F800B04360DDF808C001FB08CCC0F8B7
:1009100008C0914204D200F1200CC0F80CC000E0E5
:10092000C660491CA142E9D3002084464FF48018D8
:100930006A1E11E007EB4011C1F80080C1F804C045
:10094000119C00FB04938B60904203D201F12003C1
:10095000CB6000E0CF60401CA842EBD31749CAF837
:100960000010CAF80C60CAF810701549CAF81810BF
:1009700005B0BDE8F08F0000009002400484010043
:100980005B444D415D20444D4153525F41465445C7
:10099000525F434C4541523D30782530385820282D
:1009A00065787065637420307830303030303030A6
:1009B00030290D0A000000007CBD000880204102A3
:1009C000062030040168002905DB0168C90502D54D
:1009D0000168090401D5002070470068C0F30D408C
:1009E00070471079537940EA032301F1804000F504
:1009F000203003641178D37841EA03619378527808
:100A00001B0443EA0222114341647047F0B5ADB0C4
:100A10000446002904D04FF40060E060C000A060EC
:100A20000025109511951295139514951595E0696B
:100A300000287CD016954FF40070179018951995E2
:100A40001A951B951C9540271D971E951F9520955F
:100A500021952295239524952595802026902795EC
:100A6000289529952A952B952C9520680168464A4A
:100A70001140E368A2681A43169B1A4342F40072BD
:100A80001143016020680668012000F0F9F8206831
:100A900006602068476020684668012000F0F0F892
:100AA00020684660206885602068C560206881698C
:100AB0004FF64172114041F08001816120688669E2
:100AC000012000F0DDF8206886612068C56120689B
:100AD000C669012000F0D4F82068C6610195F804C9
:100AE00002900395011104910595069507950895C7
:100AF000042109910A9040120B9080010C90401241
:100B00000D900E950F95206800F5805081691F4A61
:100B1000114041F0040141F008718161206800F545
:100B200080508569012000F0ABF8206800E016E0F5
:100B300000F5805085612168154801F580510860F5
:100B4000206800F580500568012000F099F82068C1
:100B500000F580500560A069012804D00CE04FF436
:100B60008060169067E7206800F58050C16941F009
:100B7000400141F48031C16162692DB02046BDE879
:100B8000F0400021FFF72DBF0F8120FF233FDEF84B
:100B90000020C1024288018852BA037912044079C8
:100BA00042EA03220243074849BA41F00041016486
:100BB000426405490160054941604FF481518161FA
:100BC00070470000008002400C0C0100000400800F
:100BD00030B5124A104B14694FF6FF7524F01C040F
:100BE00024F4784424F4F86444F0100405EAC020A6
:100BF00020434FF4F86404EA8111014321F002001C
:100C000040F00100106101E05B1E02D01069C007D6
:100C1000FAD1506980B230BDA08601000080024048
:100C2000C3F30D0141F4804141604FF00041016088
:100C30007047000030B5114B0F4C5A611A694FF6DE
:100C4000FF7522F01C0222F4784222F4F86242F08E
:100C5000100205EAC02010434FF4F86202EA811145
:100C6000014341F00300186101E0641E02D01869DD
:100C7000C007FAD130BD0000A0860100008002400C
:100C800070B5044600F034FB0546B4F1FF3F02D0D6
:100C900004480078044400F02BFB401BA042FAD328
:100CA00070BD0000900000202DE9F84304460027A5
:100CB0000097B846002C03D094F8440018B107E020
:100CC0000120BDE8F88384F84570204600F0F6F86E
:100CD0007548416821F4000141604168226A11436E
:100CE0004160206800F58050016841F00101016019
:100CF00000F0FEFA0546206800F58050006810F00C
:100D0000010F13D000F0F4FA401BB0F5FA7F06D9BA
:100D1000032084F8440084F84570BDE8F883206817
:100D200000F58050006810F0010FEBD120680069D9
:100D300020F01C0501F068F85C495D4A01449142CD
:100D400002D245F0080506E05A4908445A4988424B
:100D500001D245F00C05206805614FF400420021E6
:100D6000204600F075F94FF0010940B101212046FD
:100D7000FFF74CFE84F844900120BDE8F883FF2083
:100D8000FFF77EFF606800286AD000F0B1FA0646DF
:100D900041F288356A460121204600F013F900F03F
:100DA000A7FA801BA8420AD901212046FFF72EFE90
:100DB00084F8449084F845700320BDE8F8830098D7
:100DC00010F0040FE6D04FF480520021204600F0CE
:100DD0003FF940B101212046FFF718FE84F8449006
:100DE0000120BDE8F88300F083FA06466A46012137
:100DF000204600F0E7F800F07BFA801BA8420AD9F1
:100E000001212046FFF702FE84F8449084F84570E3
:100E10000320BDE8F883009810F0200FE6D06A4662
:100E20001021204600F0CEF840B101212046FFF706
:100E3000EDFD84F844900120BDE8F883009810F09F
:100E4000040F03D04FF40061E16000E0E76010F0B0
:100E5000020F01D0A7601DE04FF48040A06019E0B0
:100E6000E068A168C0F3CF00C1F34F0140EA01027E
:100E70000021204600F0ECF840B101212046FFF7A8
:100E8000C5FD84F844900120BDE8F88340F6FF706A
:100E9000FFF7F6FE41462046FFF7B8FD84F8449080
:100EA0000020BDE8F88300000000014000D3CEFE22
:100EB000C0E1E40040F1E9FD40787D01F0B585B086
:100EC00000240094019402940394006836498842F7
:100ED00068D13648416941F480414161416901F47A
:100EE00080410491416941F400414161416901F44B
:100EF00000410491416941F480314161416901F44B
:100F000080310491816941F010018161816901F0B2
:100F100010010491816941F004018161816901F04E
:100F200004010491816941F008018161816901F046
:100F300008010491816941F02001816180690225E5
:100F400000F02000009503260195CDE90360694675
:100F5000174800F0BFF8CDE90054164F69463846EF
:100F6000029400F0B7F80420CDE900056946039625
:100F7000384600F0AFF84FF46050CDE900056946FF
:100F800003960D4800F0A6F84FF4E060CDE90004A8
:100F900069460A48029400F09DF80948416841F00A
:100FA000E461416005B0F0BD0080024000100240E5
:100FB0000010014000080140000C014000140140F5
:100FC000000001402DE9F0410446174694F8440022
:100FD00082282CD0822084F844002068026902F024
:100FE0001C02238A4FF4784C0CEAC3231A434FF4B3
:100FF000F86303EA8111114321F0020141F0010677
:10100000066100F075F9054616F0010F4FF0010674
:1010100015D000F06DF9401BB0F5803F0AD384F87D
:101020004460002084F845000320BDE8F0810220E0
:10103000BDE8F0812068006910F0010FE9D1206857
:10104000406980B2386084F844600020BDE8F081D7
:1010500070B5044694F84400422830D0422084F809
:1010600044002068036903F01C03B4F810C04FF477
:10107000784505EACC2C4CEA03034FF4F86C0CEAF3
:101080008111194341F0020141F0010691B2416121
:101090002068066100F02CF9054616F0010F4FF0AC
:1010A000010613D000F024F9401BB0F5803F08D3AF
:1010B00084F84460002084F84500032070BD0220BD
:1010C00070BD2068006910F0010FEBD184F8446016
:1010D000002070BD2DE9F84F4FF0000C00230A6886
:1010E000002A7DD0DFF8DC810F27A8F1040A08F17F
:1010F0000409AAF1040B012202FA0CF60A68324034
:10110000B2426ED1DFF8C0E14C68A4EB0E05744525
:101110002BD00DDC032C34D005DC34B3012C19D0DA
:10112000022C2FD11BE0112C16D0122C2AD119E041
:10113000B5F5881F19D006DCB5F5803F15D0B5F59B
:10114000801F1FD111E0B5F5001F0ED0B5F5041FAB
:1011500018D10AE0CB6815E0CB681B1D12E0CB6804
:1011600008330FE0CB680C330CE08B6823B1012B04
:1011700004D00823466105E0042303E00823066148
:1011800000E00023B2F5807F01D2054601E000F1C6
:10119000040502D24FEA8C0403E0ACF108044FEAE4
:1011A00084042E6807FA04FE26EA0E0603FA04F405
:1011B00046EA04042C604C6814F0805F79D0434CFC
:1011C000A56945F00105A561A46904F00104009436
:1011D0002CF0030404F1804404F58034A66801E097
:1011E0006EE066E04FEA8C754FEA157507FA05FE6A
:1011F00026EA0E0EA0F18046B6F584361ED0A0F188
:101200008046B6F586361BD0A0F18046B6F5883606
:1012100018D0A0F18046B6F58A3615D0042606FA15
:1012200005F545EA0E05A5604C6814F4801F0DD045
:10123000D8F800401443C8F800400CE00026EEE760
:101240000126ECE70226EAE70326E8E7D8F80040A3
:101250009443C8F800404C6814F4001F05D0D9F836
:1012600000401443C9F8004004E0D9F8004094431A
:10127000C9F800404C6814F4003F05D0DAF800408B
:101280001443CAF8004004E0DAF800409443CAF876
:1012900000404C6814F4803F05D0DBF80040224346
:1012A000CBF8002005E0DBF8004024EA0202CBF88E
:1012B00000200CF1010C0A6832FA0CF27FF41BAF2B
:1012C000BDE8F88F08040140000011100010024032
:1012D000C26821EA0203114043EA014101617047FB
:1012E000002A01D0016170470904016170470000C4
:1012F00001488068704700009000002070B50446E7
:10130000002C04D094F83D00002510B106E0012027
:1013100070BD84F83C50204600F0DAFB242084F8AD
:101320003D002068016821F001010160206801682A
:1013300041F4004101602068016821F4004101602E
:1013400000F068FD544B6168994203D853498842C4
:1013500003D304E05249884201D2012070BD5149B3
:10136000B0FBF1F12268D2F804C02CF03F0C4CEA3B
:10137000010CC2F804C062689A4201D84A1C07E016
:101380004FF4967251434FF47A72B1FBF2F14A1C5A
:101390002168D1F820C02CF03F0C42EA0C020A620E
:1013A0006168994210D84900401EB0FBF1F2521C0E
:1013B000C2F30B02042A01D2042026E0B0FBF1F0B4
:1013C000401CC0F30B0020E0A268002A50D001EBC3
:1013D000C10303EB0113A0F1010CBCFBF3F35B1C95
:1013E00043F480431B051B0D4AD0002A4AD001EB71
:1013F000C10202EB0111401EB0FBF1F0401CC0F332
:101400000B0040F4804040F400402168CA6922F09B
:10141000FF0222F44F421043C861216AE069014390
:101420002068026822F0C00211430160E16820696F
:1014300001432068826822F0FF0222F40342114334
:101440008160A169606901432068C26822F0FF02DF
:101450001143C1602068016841F001010160256409
:10146000202084F83D00256384F83E50002070BDA4
:1014700001EB4103A0F1010CBCFBF3F35B1CB1E7F2
:101480000120C2E701EB4101401EB0FBF1F0401C1E
:10149000C0F30B00B7E70000A086010080841E00A7
:1014A00000093D0040420F002DE9F84F04468846F0
:1014B00092461E46FFF71CFF0546002794F83D00A4
:1014C000202802D00220BDE8F88F192301225649B6
:1014D0002046009501F027FA10B10220BDE8F88FF0
:1014E00094F83C00012808D0012084F83C002068D2
:1014F000016811F0010F03D006E00220BDE8F88F6B
:10150000016841F0010101602068016821F4006177
:101510000160242084F83D00002020644348E062FC
:1015200008F0FE094FF0A0084FF0200B206801687A
:1015300041F480710160334600224FF001112046D2
:10154000009501F0F0F950B12068006810F4807F38
:1015500002D04FF4007020640320BDE8F88F2068AB
:10156000C0F81090FFF7C4FE054620684169C1F33A
:1015700040014069C0F380200EE0FFF7B9FE401B38
:10158000B04200D80EB984F83D8020684169C1F3AB
:1015900040014069C0F3802094F83D20A02A02D089
:1015A00009B90028E9D084F83DB02068416911F0FC
:1015B000020F1BD02168096841F400710160002608
:1015C000206841698069009019230122164920464C
:1015D000009501F0A8F910B10120BDE8F88F84F85A
:1015E0003DB084F83C600020BDE8F88F016841F40C
:1015F0000071016021686FF4806048611923012245
:1016000009492046009501F08EF910B10120BDE88E
:10161000F88F7F1C574589D384F83DB0002084F8AB
:101620003C000120BDE8F88F020010000000FFFF21
:101630002DE9FF4F83B00446DDF84490DDF840808B
:10164000129E8A46934600270297FFF751FE0546F1
:1016500094F83D00202803D007B00220BDE8F08FA9
:1016600019230122B9492046009501F05CF918B10F
:1016700007B00220BDE8F08F94F83C00012808D0A4
:10168000012084F83C002068016811F0010F04D0AB
:1016900007E007B00220BDE8F08F016841F00101CA
:1016A00001602068016821F400610160222084F853
:1016B0003D00402084F83E002764C4F82480A4F84C
:1016C0002A90608D2085A248E062019500965A46D6
:1016D00051462046069B00F0E1FF18B107B00120FB
:1016E000BDE8F08F208D68B3012834D0022842D0A5
:1016F0002068016841F48061016020684169806967
:101700000190208D4FF02008002800F01481DFF8B0
:1017100044B2DFF8449246F2A81A208D032800F262
:10172000D680012837D002284DD0334600225946B2
:101730002046009501F0F7F8002872D007B001208C
:10174000BDE8F08F2068416981690191016841F429
:1017500000710160D5E72068016821F480610160B3
:1017600072B62068416981690191016841F4007194
:10177000016062B6C5E72068016841F4006101605C
:1017800072B62068416981690191016821F4806124
:10179000016062B6B5E72A463146204601F0AEF94F
:1017A00018B107B00120BDE8F08F20680069616AB8
:1017B0000870606A401C6062208D401E2085608D2C
:1017C000401E6085B3E0334600225946204600950E
:1017D00001F0A9F818B107B00120BDE8F08F72B68A
:1017E0002068016841F40071016020680069616A45
:1017F0000870606A401C6062218D491E2185618DE0
:10180000491E618562B6216809690170606A401CE1
:101810006062208D401E2085608D401E608586E0C0
:10182000FFE72068016821F48061016072B62068DA
:101830000069616A0870606A401C6062208D401E09
:101840002085608D401E6085D9F80000B0FBFAF05D
:10185000C0EBC00000EB800002900298401E029096
:10186000029820B32068406910F0040FF5D020687A
:10187000016841F40071016020680069616A0870C4
:10188000606A401C6062218D491E2185618D491E60
:10189000618562B6216809690170606A401C6062F6
:1018A000208D401E2085608D401E60853FE02763AF
:1018B00084F83D8084F83E70206C40F02000206465
:1018C00062B684F83C7007B00120BDE8F08F2A466C
:1018D0003146204601F012F918B107B00120BDE8E9
:1018E000F08F20680069616A0870606A401C60625D
:1018F000208D401E81B22185608D401E608520684C
:10190000426912F0040F12D0032903D1016821F4B7
:101910008061016020680069616A0870606A401C2B
:101920006062208D401E2085608D401E6085208D68
:1019300000287FF4F2AE84F83D8084F83E7084F88D
:101940003C7007B00020BDE8F08F000002001000DE
:101950000000FFFF040001009C0000202DE9FF4F64
:1019600083B004468A469346DDF84490DDF8408013
:10197000129EFFF7BDFC054694F83D00202803D0D9
:1019800007B00220BDE8F08F192301224E492046FE
:10199000009500F0C8FF18B107B00220BDE8F08F35
:1019A00094F83C00012808D0012084F83C0020680D
:1019B000016811F0010F04D007E007B00220BDE874
:1019C000F08F016841F0010101602068016821F495
:1019D00000610160212084F83D00402084F83E0031
:1019E00000272764C4F82480A4F82A90608D2085FD
:1019F0003648E062019500965A4651462046069BBD
:101A000000F0F6FE18B107B00120BDE8F08F208D80
:101A1000002836D02A463146204601F0B2F858B1A7
:101A2000206C042804D12068016841F40071016031
:101A300007B00120BDE8F08F606A21680078086176
:101A4000606A00F1010CC4F824C0208D401E80B2F1
:101A50002085618D491E61852368596911F0040F45
:101A60000CD058B19CF800001861606A401C60629C
:101A7000208D401E2085608D401E6085208D0028B1
:101A8000C8D12A463146204600F01AFF58B1206CD2
:101A9000042804D12068016841F40071016007B096
:101AA0000120BDE8F08F2068016841F400710160F9
:101AB000202084F83D0084F83E7084F83C7007B024
:101AC0000020BDE8F08F0000020010000000FFFFC2
:101AD00010B586B000210091019102910391006838
:101AE0000F4988421AD10F4CA06940F00800A0614C
:101AF000A069694600F008000490C0200090122000
:101B00000190032003900848FFF7E4FAE06940F4ED
:101B10000010E061E06900F40010049006B010BD10
:101B20000054004000100240000C0140024881684F
:101B300002781144816070479000002010B507487A
:101B4000016841F010010160032000F08BF80F20C4
:101B500000F006F800F026F8002010BD002002403A
:101B600070B504460D4D4FF47A712878B1FBF0F052
:101B70000B490968B1FBF0F000F068FC08B10120E6
:101B800070BD102C07D200222146501E00F036F8FE
:101B90006C60002070BD012070BD0000900000202E
:101BA0009C0000200C4808B5816941F00101816169
:101BB000816901F001010091C16941F08051C16169
:101BC000C06900F0805000900448416821F0E06155
:101BD00041F00071416008BD00100240000001406A
:101BE00000280ADB00F01F01012202FA01F140097E
:101BF000800000F1E020C0F80011704710B4184BCD
:101C00001B68C3F30223C3F1070CBCF1040F01D915
:101C10004FF0040C1C1D072C01D2002300E0DB1E3A
:101C2000012404FA0CFCACF1010C0CEA010199400E
:101C300004FA03F35B1E1A401143002806DB00F18F
:101C4000E020090180F8001410BC704700F00F007C
:101C500000F1E020090180F8141D10BC704700005D
:101C60000CED00E000F00700064A11684FF6FF0394
:101C7000194041EA002040F0FD7040F080601060A3
:101C8000704700000CED00E02DE9F04704460D46DA
:101C9000002C17D0DFF85C81D8F8000000F00700B6
:101CA000A84212D2D8F8000020F007002843C8F854
:101CB0000000D8F8000000F00700A84205D001207D
:101CC000BDE8F0870120BDE8F08720684A4E10F09B
:101CD000020F14D010F0040F03D0706840F4E060DD
:101CE0007060207810F0080F03D0706840F46050E6
:101CF0007060706820F0F001A06808437060207880
:101D000010F0010F3AD06068012806D002280BD0ED
:101D1000316811F0020F27D00AE0316811F4003F5A
:101D200006D10120BDE8F087316811F0007F18D09E
:101D3000716821F0030108437060FFF7D9FA074684
:101D40007068616800F00C00B0EB810F16D041F2B2
:101D50008839FFF7CDFAC01B484508D90320BDE8F4
:101D6000F0870120BDE8F0870120BDE8F0877068AA
:101D7000616800F00C00B0EB810FEAD1D8F80000E8
:101D800000F00700A8420FD9D8F8000020F00700A3
:101D90002843C8F80000D8F8000000F00700A84267
:101DA00002D00120BDE8F087207810F0040F05D0A4
:101DB0007068E16820F4E06008437060207810F0FB
:101DC000080F06D07068216920F4605040EAC10015
:101DD000706000F03FF87168084AC1F30311515C6C
:101DE000C8400749086007480068FFF7B9FE0020AF
:101DF000BDE8F08700200240001002404EBB000802
:101E00009C000020940000200148006870470000FA
:101E10009C00002000B5FFF7F7FF04494968044A19
:101E2000C1F30221515CC84000BD00000010024017
:101E30005EBB000800B5FFF7E7FF04494968044AA4
:101E4000C1F3C221515CC84000BD00000010024037
:101E50005EBB00082DE9F041214B586800F00C01F1
:101E6000042904D0082905D01E48BDE8F0811E4889
:101E7000BDE8F0811D49C0F383428C5C10F4803FC3
:101E800029D0D86A0E3100F00F00085CD96A11F42D
:101E9000803F17D0D96AC1F303114A1CD96AC1F334
:101EA0000321891CA2FB0023A1FB0415DFF838C025
:101EB0000026A1FB0C0705FB0C7C01FB06C1FEF70D
:101EC00065F903E008496143B1FBF0F00D2CCFD177
:101ED0004008BDE8F08106486043BDE8F08100009D
:101EE0000010024000127A0040787D0130BB0008EB
:101EF00000093D0030B587B00D4600200490022057
:101F00000390032005904FF480700290094CA06963
:101F100040F00400A061A06900F00400019002A953
:101F20000548FFF7D7F8606820F0706028436060CC
:101F300007B030BD00100240000801402DE9F84F05
:101F40000446002C0FD02078FE4D10F0010F6CD00D
:101F5000686800F00C0004280CD0686800F00C00E1
:101F6000082803D010E00120BDE8F88F686810F45D
:101F7000803F09D0286810F4003F56D0A0680028A0
:101F800053D10120BDE8F88FA068B0F5803F15D08F
:101F9000C8B1B0F5A02F1FD0286820F48030286089
:101FA000286820F480202860A06858B3FFF7A0F9C3
:101FB0000646286810F4003F17D036E0286840F441
:101FC00080302860F0E7286820F480302860286896
:101FD00020F480202860E7E7286840F4802028600B
:101FE000286840F480302860DEE7FFF781F9801B25
:101FF000642802D90320BDE8F88F286810F4003F58
:10200000F3D012E0FFF774F90646286810F4003F99
:102010000BD0FFF76DF9801B642802D90320BDE8BF
:10202000F88F286810F4003FF3D12078C64F10F0E5
:10203000020F4FF001094FF0000854D0686810F00B
:102040000C0F14D0686800F00C00082803D16868F1
:1020500010F4803F0BD0606978B3C7F80090FFF7A9
:1020600047F90646286810F0020F12D01DE02868D4
:1020700010F0020F05D06069012802D00120BDE8F0
:10208000F88F2868A16920F0F80040EAC1002860B4
:1020900029E0FFF72DF9801B022802D90320BDE8B3
:1020A000F88F286810F0020FF3D02868A16920F09B
:1020B000F80040EAC100286015E0FFE7C7F800809B
:1020C000FFF716F90646286810F0020F0BD0FFF74D
:1020D0000FF9801B022802D90320BDE8F88F286879
:1020E00010F0020FF3D1207810F0080F30D097488D
:1020F000E169C1B1C0F80090FFF7FAF80646686AD6
:1021000010F0020F0BD1FFF7F3F8801B022802D961
:102110000320BDE8F88F686A10F0020FF3D00120A9
:1021200000F026FE14E0C0F80080FFF7E1F8064654
:10213000686A10F0020F0BD0FFF7DAF8801B022854
:1021400002D90320BDE8F88F686A10F0020FF3D1BE
:10215000207810F0040F6FD00026E86910F0805F3F
:1021600008D1E86940F08050E861E86900F08050EB
:1021700000900126DFF8D8B1DBF8000010F4807F72
:102180001BD1DBF8000040F48070CBF80000FFF7B3
:10219000AFF88246DBF8000010F4807F0DD1FFF726
:1021A000A7F8A0EB0A00642802D90320BDE8F88F45
:1021B000DBF8000010F4807FF1D02069012816D0F0
:1021C000D0B1052821D0286A20F001002862286AB1
:1021D00020F004002862206941F2883B68B3FFF7D1
:1021E00087F88246286A10F0020F17D03AE0286A72
:1021F00040F001002862EEE7286A20F00100286222
:10220000286A20F004002862E5E7286A40F004000C
:102210002862286A40F001002862DCE7FFF768F8CE
:10222000A0EB0A00584502D90320BDE8F88F286AC0
:1022300010F0020FF2D015E01AE0FFE7FFF758F8B0
:102240008246286A10F0020F0CD0FFF751F8A0EB7D
:102250000A00584502D90320BDE8F88F286A10F01B
:10226000020FF2D1012E03D1E86920F08050E8611D
:10227000E06A98B3696811F4803F0BD0696801F097
:102280000C01082906D1E96A11F4803F02D001202F
:10229000BDE8F88F022814D0E86A20F48030E862A4
:1022A000C7F86880FFF724F80646286810F0006F2A
:1022B00059D0FFF71DF8801B642850D90320BDE8D2
:1022C000F88F286810F0805F09D0E86A616B00F031
:1022D000F000884203D00120BDE8F88F43E0C7F842
:1022E0006880FFF705F80646286810F0006F0BD0ED
:1022F000FEF7FEFF801B642802D90320BDE8F88F9B
:10230000286810F0006FF3D1E86A616B20F0F000EC
:102310000843E862E86A216B20F470600843E862D1
:10232000C7F86890FEF7E4FF0646286810F0006FD3
:1023300019D1FEF7DDFF801B64280BD90320BDE80F
:10234000F88F000000100240000042428004424228
:1023500000700040286810F0006FEAD003E02868A1
:1023600010F0006FA5D1206AE8B3696801F00C0194
:10237000082957D002280FD0C7F86080FEF7B8FFB1
:102380000446286810F0007F5DD0FEF7B1FF001B07
:10239000022842D90320D2E7C7F86080FEF7A8FFE1
:1023A0000646286810F0007F0AD0FEF7A1FF801BC8
:1023B000022801D90320C2E7286810F0007FF4D179
:1023C000606AB0F5803F09D1E86A61680843E86255
:1023D000E86AE16820F00F000843E862A16A606AD9
:1023E0000843696800E02EE021F474110843686036
:1023F000C7F86090FEF77CFF0446286810F0007F65
:1024000021D1FEF775FF001B022801D9032096E7B2
:10241000286810F0007FF4D015E0286810F0007FE5
:10242000B3D110E001280CD06868626A00F48031F2
:10243000914204D1A16A00F47010884203D00120B7
:102440007DE701207BE7002079E70000401EB0F126
:10245000807F01D3012070474FF0E0214861044A9A
:10246000F02010700020886107200861002070476C
:1024700023ED00E070B50446002C04D094F8410030
:10248000002510B106E0012070BD84F840502046C0
:1024900000F024F8242084F841002068C16821F469
:1024A0000051C160204600F0F9FC2068016921F468
:1024B000904101612068416921F02A014161206851
:1024C000C16841F40051C1606564202084F8410076
:1024D00084F842006563002070BD000030B585B00F
:1024E000002400940194029403942B4D03682B481C
:1024F00002210322AB4222D1836943F480438361EA
:10250000836903F480430493836943F00403836184
:102510008069234D00F0040004900802CDE9000119
:10252000039269462846FEF7D5FD2815CDE900043B
:10253000694628460294FEF7CDFD05B030BD194D21
:10254000AB42FAD1C36943F40033C361C36903F4F6
:1025500000330493836943F0200383618069124D43
:1025600000F0200004902020CDE90001039269468C
:102570002846FEF7AFFD4020CDE900046946284615
:102580000294FEF7A7FD0948416841F0E06141F07F
:1025900008014160D1E7000000380140001002400E
:1025A00000080140004400400014014000000140C8
:1025B0002DE9F84304460E4615461F4694F841009F
:1025C000202802D00220BDE8F8837EB175B100203A
:1025D0006064212084F84100FEF78AFE8146A584CC
:1025E000E584A068B0F5805F03D004E00120BDE879
:1025F000F883206990B135460026E08C4FF0200822
:10260000C8B14B46002280212046009700F0AAFC6A
:1026100030B184F841800320BDE8F8830025ECE761
:10262000B5B12168287848606D1CE08C401EE084BC
:10263000E08C0028E5D14B4600224021204600973F
:1026400000F090FC58B184F841800320BDE8F88385
:1026500030882168C0F308004860B61CE5E784F8BC
:1026600041800020BDE8F883FEE701684A6912F462
:10267000806F11D06FF480624A61002101632022D3
:1026800080F83D2080F83E10026C42F004020264A3
:1026900080F83C1001207047002070472DE9F84F6A
:1026A0000446DDF828A00B9D0F4690461E46206884
:1026B000016841F4806101602068016841F4807123
:1026C0000160534600224FF001112046009500F0B2
:1026D0002AF94FF4007948B12068006810F4807F2F
:1026E00001D0C4F840900320BDE8F88F216807F0BE
:1026F000FE000861DFF8F4B02B46524659462046EA
:1027000000F086F910B10120BDE8F88F206841691A
:10271000806900902A465146204600F032FA50B1B6
:10272000206C042804D12068016841F40071016024
:102730000120BDE8F88F304608F0FF0601280DD0D3
:1027400021684FEA182008612A465146204600F0C9
:1027500018FA70B1206C042803D007E020680661E5
:1027600009E02068016841F4007101600120BDE8C2
:10277000F88F206806612A465146204600F001FA8B
:1027800050B1206C042804D12068016841F4007124
:1027900001600120BDE8F88F2068016841F4807174
:1027A0000160534600224FF001112046009500F0D1
:1027B000BAF848B12068006810F4807F01D0C4F8EE
:1027C00040900320BDE8F88F2168F8B240F0010086
:1027D00008612B4652465946204600F019F910B1BF
:1027E0000120BDE8F88F0020BDE8F88F020001004D
:1027F0002DE9F8430446DDF82090099F0D46164662
:1028000098462068016841F4807101604B460022BF
:102810004FF001112046009700F085F850B1206874
:10282000006810F4807F02D04FF400702064032011
:10283000BDE8F883216805F0FE0008613B464A4682
:102840001E49204600F0E4F810B10120BDE8F883ED
:1028500020684169806900903A464946204600F068
:1028600090F950B1206C042804D12068016841F42B
:10287000007101600120BDE8F883F5B2B8F1010FE5
:102880000CD02168300A08613A464946204600F0DB
:1028900078F970B1206C042803D007E02068056146
:1028A00009E02068016841F4007101600120BDE881
:1028B000F883206805610020BDE8F883020001006C
:1028C00070B504460D4616462068406910F0040FA6
:1028D00018D12046FFF7C9FE08B1012070BDB5F13F
:1028E000FF3F0AD0FEF704FD801BA84200D825B99F
:1028F0002068406910F0040F06D02068406910F08D
:10290000040FE6D0002070BD00202063202184F851
:102910003D1084F83E00216C41F02001216484F8D0
:102920003C00012070BD2DE9F0470446DDF8209001
:102930000D4617461E46C5F307482068B8F1010F3B
:1029400013D0806925EA00000004000C17D0002095
:10295000B8424DD1B6F1FF3F3DD0FEF7C9FCA0EB28
:102960000900B0420DD866B135E0406925EA0000A3
:102970000004000C01D00020EAE70120E8E7012074
:10298000E6E7B8F1010F19D02068806925EA000058
:102990000004000C1DD00020B8421CD10020206390
:1029A000202184F83D1084F83E00216C41F0200184
:1029B000216484F83C000120BDE8F087206840696C
:1029C00025EA00000004000C01D00020E4E701200B
:1029D000E2E70120E0E7B8F1010F0CD02068806940
:1029E00025EA00000004000C10D00020B842B1D04D
:1029F0000020BDE8F0872068406925EA0000000457
:102A0000000C01D00020F1E70120EFE70120EDE705
:102A10002DE9F04704460D4616469846C5F307478C
:102A20002068012F26D0806925EA00000004000CF0
:102A300059D04FF000094FF0200A2068406910F487
:102A4000806F1ED02068016841F400710160216828
:102A50006FF480604861C4F8309084F83DA084F839
:102A60003E90206C40F00400206484F83C900120EB
:102A7000BDE8F087406925EA00000004000C32D070
:102A8000D7E7B6F1FF3F25D0FEF732FCA0EB0800F8
:102A9000B04200D8F6B9012F15D02068806925EA28
:102AA00000000004000C15D0C4F8309084F83DA05C
:102AB00084F83E90206C40F02000206484F83C9024
:102AC0000120BDE8F0872068406925EA0000000485
:102AD000000CE9D1012F09D02068806925EA0000A7
:102AE0000004000CA9D10020BDE8F08720684069EF
:102AF00025EA00000004000C9FD1F4E72DE9F04125
:102B000004460D4616462068406910F0400F27D154
:102B100000274FF020082068406910F0100F0FD0F8
:102B200020686FF010014161276384F83D8084F8CC
:102B30003E70206C206484F83C700120BDE8F08178
:102B4000FEF7D6FB801BA84200D825B92068406953
:102B500010F0400F07D02068406910F0400FDAD025
:102B60000020BDE8F081276384F83D8084F83E7042
:102B7000206C40F02000206484F83C700120BDE807
:102B8000F08170B504460D4616462068406910F085
:102B9000800F18D12046FFF768FD08B1012070BDF5
:102BA000B5F1FF3F0AD0FEF7A3FB801BA84200D877
:102BB00025B92068406910F0800F06D02068406970
:102BC00010F0800FE6D0002070BD0020206320218F
:102BD00084F83D1084F83E00216C41F0200121640E
:102BE00084F83C00012070BD114810B50F49016008
:102BF00001218A03C0E90112CA02C26001820D49A3
:102C0000002280230A704B70E1238B70CA700A7116
:102C10004A71C0E905124FF40001C0E90721FEF72F
:102C200043F8002801D072B6FEE710BD00800240D4
:102C3000B8150020640000202DE9F04385B0002580
:102C400028480095019502950395816941F010018E
:102C50008161816901F010010491816941F00401F1
:102C60008161816901F004010491816941F00801E9
:102C70008161816901F008010491816941F02001BD
:102C800081618069DFF8608000F0200004900022FC
:102C900001214046FEF724FBDFF850904FF2040775
:102CA000002239464846FEF71BFB02240126CDE9E7
:102CB00002540096694640460196FEF70BFACDE9AC
:102CC0000254CDE9007669464846FEF703FAE00172
:102CD000CDE90004694606480394FEF7FBF905B008
:102CE000BDE8F08300100240000C014000140140D8
:102CF000000801402DE9FF4100254FF4005701264F
:102D00000224DFF85C80CDE90254CDE90076694603
:102D10004046FEF7DFF9012239464046FEF7E0FA69
:102D2000CDE90046DFF83C80CDE9025469464046D3
:102D3000FEF7D0F9002202214046FEF7D1FA6703E0
:102D4000CDE90254CDE9007669464046FEF7C2F966
:102D5000002239464046FEF7C3FABDE8FF81000075
:102D600000100140000C0140FEE7FEE77047000044
:102D700081B007494FF4FA520968B1FBF2F14843B8
:102D8000009000BF0098411E0091FAD201B0704738
:102D90009C0000207047000010B5FEF7C7FEFEF74C
:102DA000A7FA0149086010BD3800002030B593B083
:102DB00038216846FDF752FA14210EA8FDF74EFAA5
:102DC000012528040421CDE902010224CDE90840AF
:102DD0000095019005954FF4E010CDE90A044FF4F9
:102DE000C0600C9040200D906846FFF7A7F808B12E
:102DF00072B6FEE70F20CDE90E0400204FF480618B
:102E0000CDE91001129002210EA8FEF73DFF08B196
:102E100072B6FEE700224FF030611046FFF76AF805
:102E20000848C16A21F0F00141F04001C162C16A65
:102E300021F4704141F40041C1620348056713B0B9
:102E400030BD00000010024000004242704701689F
:102E50000C3151E8002F22F4907241E80023002B3E
:102E6000F5D10168143151E8002F22F0010241E848
:102E70000023002BF5D1016B012909D101680C3128
:102E800051E8002F22F0100241E80023002BF5D179
:102E9000202180F8421000210163704770B504467C
:102EA00020680169E26821F4405111430161216900
:102EB000A0680843616901432068C26822F4037274
:102EC00022F4A0521143C16020684169A26921F433
:102ED0004071114341612068A0F18041B1F59C31FE
:102EE0003AD0FEF797FF00EBC00101EB00106168DC
:102EF0001B4A8900B0FBF1F3A2FB0353B0FBF1FCCA
:102F00005B096FF018056B430CEB83034FF0320C39
:102F10000CEB0313A2FB03535B0903F0F005B0FBBA
:102F2000F1F3A2FB03635B0905EB0313B0FBF1F5BF
:102F3000B0FBF1F0A2FB001040096FF0180148430C
:102F400005EB80000CEB0010A2FB00102168C0F321
:102F500043101844886070BDFEF76CFFC3E70000A3
:102F60001F85EB512DE9F8430446089E0D46174690
:102F700098462068006835EA000028D00020B84252
:102F800032D1B6F1FF3F27D0FEF7B2F9A0EB08002F
:102F9000B0421ED8EEB12068C16811F0040F1BD0FA
:102FA000802D19D0402D17D0016811F0080F13D0D3
:102FB000002521680968406800902046FFF747FF18
:102FC0000820606484F840500120BDE8F8830120A7
:102FD000D5E70320BDE8F8832068006835EA0000E3
:102FE00005D00020B842CCD00020BDE8F8830120F5
:102FF000F8E700F007BFFEE70FB4054B10B503A9D3
:10300000044A029800F032F810BC5DF814FB00008E
:10301000D9620008500100200FB47CB50C0009AD46
:1030200001D0611E00E00021CDE90001064B6A4697
:103030002946089800F01AF8002C02D0009A0021C6
:1030400011707CBC5DF814FB3735000802E008C83D
:10305000121F08C1002AFAD170477047002001E012
:1030600001C1121F002AFBD1704700002DE9FF4F5C
:103070008DB00F460546002606E025280BD0DDE979
:103080000F1290476D1C761C28780028F5D111B0DE
:103090003046BDE8F08F0024A246A1460122E9494E
:1030A00000E0044315F8013F203B02FA03F0084218
:1030B000F7D128782A2810D06FF02F022878A0F1B5
:1030C0003001092914D80AEB8A0102EB410144F0CE
:1030D000020400EB010A6D1CF0E701CF5FEA000A71
:1030E00003D544F40054CAF1000A44F002046D1CF4
:1030F00028782E2817D115F8010F44F004042A2847
:103100000ED06FF02F022878A0F1300109290AD8DB
:1031100009EB890102EB410100EB01096D1CF2E7AB
:1031200057F8049B6D1C28786C280FD006DC4C28BF
:1031300017D068280DD06A2814D104E0742810D064
:103140007A280FD10DE044F400140AE044F480140E
:1031500001E044F440146978814202D104F58014FE
:103160006D1C6D1C28786E281ED00CDC632830D0B6
:1031700004DC00288BD0582811D19FE0642867D048
:1031800069280CD164E073282DD004DC6F2872D03C
:10319000702804D194E075286ED078286DD0DDE9D0
:1031A0000F129047761C4BE1C4F30250022806D060
:1031B000032809D0042801CF09D0066040E101CFDF
:1031C000F117C0E900613BE101CF068038E10670EC
:1031D00036E117F8040B8DF8000000208DF801008F
:1031E000EB46012003E057F804BB4FF0FF306107C6
:1031F0004FF0000102D40DE008F101018846494575
:103200000FDA8045F8DB1BF808100029F4D108E03C
:1032100008F1010188468142FADB1BF808100029F9
:10322000F6D1DDE90F23AAEB08008146214600F024
:1032300031F9304400EB080604E0DDE90F121BF819
:10324000010B9047B8F10108F7D221464846F2E059
:103250000A21C4F302524FF0000B0891022A04D055
:1032600001CFC117032A09D00AE0FF1D27F0070785
:10327000F7E8020108E02CE01EE01FE000B2C117F1
:10328000042A01D140B2C117021E71F1000206DA10
:103290000023D0EB030063EB01012D2202E02205A5
:1032A00004D52B228DF82420012203E0E20701D06F
:1032B0002022F7E7904653E00A210BE0102109E0B5
:1032C00010214FF0000B44F004044FF0080908915E
:1032D00003E008214FF0000B0891C4F30252022AC8
:1032E00004D001CF0021032A06D006E0FF1D27F0FD
:1032F0000707F7E8020103E080B2042A00D1C0B258
:103300004FF0000822072BD52A78702A07D0DDF865
:1033100020C08CF0100C5CEA0B0C05D00EE04022B3
:103320008DF82420012208E050EA010306D0302362
:103330008DF824308DF8252002229046089B83F0DA
:10334000080353EA0B030BD150EA010201D16207D3
:1033500006D530228DF824204FF00108A9F101098B
:103360002A78582A04D038A20B9208AA0A920BE0B5
:103370003AA2F9E75B46089AFCF708FF0B9B9B5CB7
:103380000A9A521E0A92137050EA0102F2D10A9868
:10339000ADEB000000F1200B600702D524F480346F
:1033A00001E04FF00109D94502DDA9EB0B0000E077
:1033B000002000EB0B0141440890AAEB010AE00356
:1033C00006D4DDE90F232146504600F063F8064499
:1033D0004FF0000908E009A911F80900DDE90F1212
:1033E000904709F10109761CC145F4DBE0030CD5D7
:1033F000DDE90F232146504600F04CF8064404E076
:10340000DDE90F1230209047761C0899481E08907D
:103410000029F5DC08E00A980A990078491C0A910D
:10342000DDE90F129047761CBBF10001ABF1010BF7
:10343000F1DC21465046DDE90F2300F019F806447F
:103440006D1C21E60928010030313233343536371E
:1034500038396162636465660000000030313233E0
:103460003435363738394142434445460000000080
:103470002DE9F041044600251E461746880404D471
:1034800005E039462020B0476D1C641EF9D528465A
:10349000BDE8F0812DE9F041044600251E46904626
:1034A000C80301D5302700E02027880404D505E0B3
:1034B00041463846B0476D1C641EF9D52846BDE824
:1034C000F081F0B51E1EC1B014460B4602D004F1C7
:1034D000060101E004F10501CFB24FF055018DF86E
:1034E00000104FF0AA018DF801108DF8020001D0F4
:1034F000201D00E0E01C8DF80300224619466D46B1
:1035000001A8FCF784FE30000DEB040607D0A11CD7
:10351000A81C00F09FF8010A3171707105E0A41C2D
:10352000E1B2A81C00F0B4F830713946684600F0EA
:103530008BFC41B0F0BD4A68002A06D00A68531CD3
:103540000B6010704868401E486070472DE9F14FCD
:1035500094B04FF4FA690025FDF7CAFE80460024B6
:10356000EB460DF1100A3AE003A808F085F8B0B375
:10357000402C05D29DF80C100AF80410641CA4B26B
:103580009DF80C00AA282AD18DF800000126FDF72D
:10359000AFFE074609E000BF0BEB060008F06CF831
:1035A00008B1761CF6B20B2E06D2FDF7A1FEC01BA9
:1035B0006428F1D30B2E12D39DF8010055280ED1AB
:1035C000BDF8020040BAA0F59851663907D109212B
:1035D0000BF1020000F05CF808B96D1CADB2FDF70C
:1035E00087FEA0EB0801494502D214988542BBD35F
:1035F00021460BA0FFF700FD0026574605E0B95D08
:103600000DA0FFF7F9FC761CB6B2A642F7D3294607
:103610000BA0FFF7F1FC15B02846BDE8F08F0000C5
:103620005B434849505D20726563762025752062B2
:10363000797465733A00000020253032580000008C
:103640000D0A5B434849505D20666F756E643D25E9
:10365000750D0A00F0B505464FF6FF7420460022AE
:1036600041F2210611E0AB5C80EA0320002307044D
:1036700003D586EA400080B201E004EA40005B1C0A
:10368000DBB2082BF3D3521C92B28A42EBD3F0BDCB
:1036900070B506461F20002212E0B45C0023E50945
:1036A00085EA1015640645EA40005B1C240E80EA9A
:1036B0008500DBB200F01F00082BF0D3521CD2B201
:1036C0008A42EAD370BD00002DE9FC470E468246CF
:1036D0000146EB239022684600F0D4F9019D504644
:1036E0002946FCF72CFE10F1FF4F01D380F000407B
:1036F0001B49884232DB1B4CA0422CDB294650463A
:10370000FCF7E8FF01D2012001E04FF0FF308046D6
:1037100021462846FCF74BFEFCF78DFF0546214667
:103720005046FCF744FEFCF786FF0746A14610E032
:1037300045442846FCF771FF4946FCF706FE00F0B9
:10374000A9FAFDF7D5FD0446FDF7D2FD001BB042F6
:10375000FAD3BD42ECD1504600F09CFABDE8FC879C
:1037600017B7D1380000C8400148407870470000C2
:103770000000002001480078704700000000002091
:103780002DE9F04389468649054691B0886940F0A5
:10379000080088618869002700F008000090012077
:1037A000CDE90407039002207E4C069003A9204631
:1037B000FDF790FC7CA0FFF71FFC002201212046B2
:1037C000FDF78EFD6420FDF75BFA012211462046CD
:1037D000FDF786FD6420FDF753FA804E0024304645
:1037E00000F0E6FA641C032CF9DB7DA1D1E90001AD
:1037F000CDE900010721684600F0FCF92846FFF7F3
:10380000A5FE040020D0784E78A207AB347007CA1A
:1038100083E807000B2107A800F0ECF976A207ABBC
:1038200007CA83E807000B2107A800F0E3F902228A
:1038300069465320009700F0D9F94FF4807898FB3F
:10384000F4F07070002510E0002011B0BDE8F083A6
:103850007178029705FB01F08DF80800022202A999
:10386000402000F0C3F96D1CEDB2A542F0DB65A06D
:1038700007AB07C883E807000B2107A800F0BAF9D7
:1038800063A007AB07C883E807000B2107A800F077
:10389000B1F9404600F0D6F960A007AB07C883E84D
:1038A00007000B2107A800F0A5F95FA007AB07C828
:1038B00083E807000B2107A800F09CF95DA207AB85
:1038C00007CA83E807000B2107A800F093F9002737
:1038D00040E070785AA107FB00F5D1E90001CDE97D
:1038E00007018DF81C50062207A9412000F07EF93F
:1038F00055A00622D0E90010CDE909108DF824501A
:1039000009A9412000F072F951A00622D0E9001067
:10391000CDE90B108DF82C500BA9412000F066F971
:103920004DA10622D1E90001CDE90D018DF83450F9
:103930000DA9412000F05AF949A10622D1E9000160
:10394000CDE90F018DF83C500FA9412000F04EF950
:103950007F1CFFB2A742BCDB484600F09BF9024641
:1039600070200090A3B200203F4900F0CDF93FA2A3
:1039700007AB07CA83E807000B2107A800F03AF954
:103980003DA00622D0E90010CDE9071007A951207B
:1039900000F02CF93A4800F06BFA204655E7000099
:1039A00000100240000C01405B434849505D20720A
:1039B000657365742070756C7365202852535420AC
:1039C0006C6F772031306D73202D3E2068696768F9
:1039D0002035306D73290D0A0000000000E0FF1F44
:1039E00055AA520500000A000000002055AA5109FE
:1039F00000A800070000030055AA51090018FF0F96
:103A0000C100000055AA5109003C800085400C000F
:103A100055AA5109003C80008020190055AA51097F
:103A20000054000000031D0055AA5109005802115E
:103A30001111060055AA4109002C007C0003030067
:103A400000A8000701F000000018F000C10000000D
:103A5000003C800085400000003C80008020000089
:103A6000003C800082AA00000000F03F55AA5109E6
:103A700000A49000FFFF1C0000281130020000008D
:103A800040420F002DE9FF5F4FF0000A2D4E934694
:103A900050E000BF4FF0010801243CE0012538E070
:103AA0002846FCF7C3FD81462046FCF7BFFD0746CC
:103AB0004046FCF7BBFD3946FCF747FC4946FCF79E
:103AC00044FC07465846FCF7B1FD1F49FCF73DFC96
:103AD0003946FCF76CFC814630460199FCF72FFC17
:103AE00020F0004748460199FCF729FC20F00040EF
:103AF0003946FCF7E5FD0AD250466BF3070068F340
:103B00000F2064F3174065F31F6082464E466D1C1C
:103B1000EDB2A542C4D3641CE4B2072CBED908F1AF
:103B2000010000F0FF08B8F1020FB5D90BF1010058
:103B300000F0FF0B03998B45ACD90098C0E900A6B3
:103B4000BDE8FF9F286B6E4E0000C8412DE9F84389
:103B500088460746FDF7CCFB224C234D06466846B7
:103B600007F08AFD0028A0781DD028B3012829D0AD
:103B70009DF800102954401CC0B2A0700B28EED153
:103B80000020A0700921A81CFFF782FD0028E6D1C3
:103B9000286838606868786028893881A87AB8729F
:103BA0000120BDE8F8830028FBD0FDF7A1FB811BB5
:103BB0004145D4D30020F4E79DF80000AA28CED1D7
:103BC00028700CE09DF80000552804D02870AA2821
:103BD00005D0002001E068700220A070BFE701203E
:103BE000FBE70000000000205C0100200023FFF73D
:103BF00068BC000070B506460D460BA0FFF7FCF947
:103C0000002405E0315D0CA0FFF7F6F9641CE4B276
:103C1000AC42F7D30AA0FFF7EFF929463046BDE8DA
:103C2000704000F011B900005B434849505D2054DA
:103C3000582025753A000000202530325800000039
:103C40000D0A00007CB56C46002101E04008491CCB
:103C50000128FBD80020012520708D4014206070C1
:103C60006D1E280E04F06AFCA070C5F3074004F036
:103C700065FCE070C5F3072004F060FC2071E8B239
:103C800004F05CFC6071062269465120FFF7AEFF2C
:103C90007CBD00007FB50146EB23902202A8FFF710
:103CA000F1FE9DF808209DF8091002EBC20404EB18
:103CB0000214B4FBF1F49DF80A309DF80B00B4F542
:103CC000166F01D3502400E040245B1E03F00F0365
:103CD000401E0BA563F31F10D5E90035CDE9003573
:103CE0008DF804108DF802408DF803208DF8050042
:103CF000062269465120FFF779FF039804B070BD92
:103D000000080000000000002DE9FC4106461C46AA
:103D100017468846089803F033FE0546204603F010
:103D20002FFEFCF783FC04462846FCF77FFC014687
:103D30004FF09F40FCF73BFB2146FCF738FB054664
:103D40003846FCF7AAFC07460C462846FCF7A5FCBB
:103D50000022144BFCF769FB3A462346FCF7D7FBDD
:103D60004FF0FF32FCF742FC32464346FCF75DFB66
:103D7000FCF77AFC0CA2D2E90012CDE90012010E88
:103D80008DF80210010C8DF80310010A8DF8041053
:103D90008DF80500062269465120FFF727FFBDE890
:103DA000FC8100000000394000100000000000000D
:103DB0001CB508A2400BD2E90012CDE90012010A9D
:103DC0008DF804108DF80500062269465120FFF792
:103DD0000DFF1CBD00A4900000000000084810B5B5
:103DE0000068C16841F02001C16000220121252046
:103DF000FDF704FFBDE810402520FDF7F1BE0000EF
:103E0000541600200C4810B500680C4982060ED5E7
:103E100008680B49C0B28A88CB88521CC2F30902D9
:103E20009A4203D0074B8C8818558A8010BD000732
:103E3000FCD5086810BD000000380140043801407E
:103E4000000000206701002030B5084B00221C1D37
:103E500006E01D682D06FCD5855C2560521C92B2DB
:103E60008A42F6D318684006FCD530BD00380140C0
:103E700070B505460A4801684906FCD5084C0C3463
:103E8000206820F400502060FDF7D4FFB0FBF5F06F
:103E9000211F0860206840F40050206070BD0000C1
:103EA000003801402DE9F0410F46064614461D46F4
:103EB000511C184607F01AFE2E7124B122463946CD
:103EC000681DFCF7A4F9641DA0B2BDE8F0810000F4
:103ED00070B5244C98B0E068002840D0002105A8B7
:103EE000FFF734FE00283ADD002002900490DDF850
:103EF000160005BABDF81C00039546BA9DF81B00D4
:103F000000F0F8018DF8081000F007008DF80B00A4
:103F1000680E8DF80A00FFF727FCC5F34741B1FB97
:103F2000F0F08DF8090061699DF80A3041EA4631E8
:103F300004919DF80B10CDE900109DF808100AA01F
:103F4000039AFFF759F808A80090D4E9102302A8B3
:103F500004F0A2F8010002D008A801F01DFE18B07C
:103F600070BD0000300000205B4E4F4E43455D2089
:103F70006A6F625F69643D2564206E6F6E63653DA4
:103F800030782530385820636F72653D2564207382
:103F90006D616C6C3D256420617369633D25640D22
:103FA0000A0000002DE9FC41050055D02C6A002CC8
:103FB00052D000266682A16A4FF03C024B1C4FF49F
:103FC00080374FF6FF7009D01E31B1FBF2F1B942D4
:103FD00001D3014601E001B90121A182E16A4B1C34
:103FE0000AD01E31B1FBF2F3BB4201D3034601E01C
:103FF00003B901236381E381216B4B1C0AD01E317D
:10400000B1FBF2F2BA4201D3024601E002B9012249
:10401000A28122826289A1898A4201D301B166818B
:10402000E179C90701D0206A08E0217F7F2901D802
:10403000FF2003E0C02901D36FF07F400090606A49
:1040400001900A21204600F055FE01AB6A4604F1BA
:104050001C01284603F030FCBDE8FC8170B52948FE
:1040600004684CE0206AA0B3417991B3818A69B1B8
:10407000418A491C89B24182828A914206D12046F6
:1040800000F0BAFC204600F03DFE37E0018A19B18D
:104090004A1E0282012906D0C189D1B14A1EC281BD
:1040A000012917D02AE0256A20466979012905D01F
:1040B0000A2903D0052901D004291FD100F022FBD1
:1040C000A88A698A401A022818DB00EBD0704008E1
:1040D000288213E0256A20466979012903D00A293C
:1040E00001D005290AD100F0E9FCA889698A401AA3
:1040F000022803DB00EBD0704008E8812468002C24
:10410000B0D170BDC00000202DE9F0479946164699
:104110000D4607000ED06DB14FF49A7A4FF420721D
:104120005146382003F060FCB0F1000803D0032EA4
:1041300006D102E00020BDE8F0876879032808D1A5
:10414000A879234C08B1606802E0FDF7D1F86060FF
:104150002860D8F8044051462046FCF77FF801203B
:104160002070607097F83000A070286802F034FD6D
:104170006060082E0AD0042E08D0072E06D0032E29
:1041800006D16879052801D0042801D17868E0605B
:10419000002039182218401C91F82A1080B211779B
:1041A0000628F6D30B48C4F8EC0004F1F001012313
:1041B00035220C46002000F04BF93246214600F033
:1041C0004EF9B9F1000F01D0A9F800004046B2E75E
:1041D000280100206382536310B5064C2078401EEE
:1041E00010F0FF00207004D1A06807F0D3FB00207E
:1041F000A06010BD280100202DE9FE4F046A07468B
:104200004FF0000906212046C4F81C9000F072FD12
:1042100002AB012221463846FFF776FF060041D067
:1042200071680223F0318A4639225546BDF80800EC
:1042300000F00EF9ADF808003A8D294600F047F974
:10424000ADF808003A46294600F00DF9ADF808002F
:1042500003233722294600F0FBF8DFF88480ADF80D
:1042600008000025514618F80520BDF8080000F0A8
:10427000F6F86D1CEDB2ADF80800032DF2D332460E
:10428000514680B200F02BF916484323CDE9007067
:104290001348154A401E3146806807F0B3FB30468C
:1042A00003F0E9FCA079FF2801D2401CA071C1B243
:1042B000062902D20120884000E03C2000EB4001AA
:1042C000C1EBC0104FF6FF7101EAC0004FF4FA7164
:1042D00000F2F310B0FBF1F020814846BDE8FE8FFC
:1042E000290100204CBC000850BC00081B4810B538
:1042F00004682FE0206AF8B10189012903D9A1F1EE
:104300000101018125E024D14FF000010181216AE2
:1043100048790C2806D0062804D0012806D00328A6
:1043200011D016E02046FFF767FF12E088790528D4
:10433000204602D800F032FC0BE000F05DFB204686
:1043400000F0E0FC05E088790228EBD2204600F07E
:104350004BFA2468002CCDD110BD0000C000002015
:1043600070B5046A0020184D20626062E878174E2C
:1043700008B1F068A062287908B1306901E0A06A4C
:104380004008E062687908B1706903E0A06AC0EB98
:10439000C000C00820630869E061A87938B1B0693D
:1043A00002F01AFC2062E07940F0010002E0E079BE
:1043B00020F00100E071E879002803D0F06902F0F4
:1043C0000BFC606270BD000034010020D455002059
:1043D00010B5104C2078A8B907F0CAFAA060B0B1A7
:1043E000417A442241F0200141720B4907F05AF909
:1043F00043220949A06807F0B1F900220749A068E3
:1044000007F0C3FA2078401C2070002010BD4FF048
:10441000FF3010BD280100204CBC0008F548000802
:10442000016A002913D04B790022042B0CD004DC44
:10443000002B0CD0032B04D106E0052B04D00A2B53
:1044400002D08A71FFF7D8BE8A7100F0CDB97047EB
:104450000A54401C80B20B54401C80B270470A546E
:10446000401C80B270472DE9F0410546506A144661
:104470000E46C8B1FBF7FDFEB0B1646AC5F141015B
:10448000884200D308460746C3B20C22314628466C
:10449000FFF7DEFF05E014F8012B31462846FFF751
:1044A000DEFF05467F1EF6D22846BDE8F081130EDA
:1044B0000B54401C80B2130C0B54401C80B2130AE6
:1044C0000B54401C80B20A54401C80B27047130A3F
:1044D0000B54401C80B20A54401C80B27047FF232A
:1044E0000B54401C80B2002302E00B54401C80B2ED
:1044F0004428FAD3F03081B2104603F019BC000012
:104500002DE9F04F87B08246002004907B480021BF
:10451000C1600161BAF80A002C2814D3774FF02447
:10452000BAF808006FF005090C375646059404E008
:10453000621A401A366894B280B226B17189A142DB
:10454000F6D90290B1E06FF0010007B0BDE8F08F3E
:10455000A01C80B24FF0FF380190A042F3D37389C2
:10456000621C934203D903982044407803E03068EA
:1045700008B1406800783429054624D007DC89B1A9
:10458000012912D0032914D0332908D117E0352985
:104590002ED0362930D03A2932D03B2935D00025CB
:1045A00091B317E000200546FAE704287ED10623E0
:1045B00003E0042504287DD307239846F0E7042868
:1045C00078D10323F9E7012874D10599F02971D135
:1045D0004FF000082044801CB0F5803FB3D284B275
:1045E000F5B30020CDF8000017F8080098B14FE0AF
:1045F00001285FD10123E0E704285BD10223DCE737
:10460000042857D10423D8E703E0042852D1052316
:10461000D3E794B23CE0042D01D2284600E0042008
:104620008346024669463046019B03F099FA584595
:1046300089D1042D19D9A8073CD1012007F8080019
:10464000009802F0C9FA2E4A2D1FEDB242F8280058
:1046500001980199001D80B28842FFF474AF00E018
:1046600016E008F101080190BEE7042D02D0012DEB
:1046700020D103E0009802F0AFFA01E09DF80000BD
:10468000009001201E4907F80800009A41F82820F0
:104690007089A04210D8211A8CB20299081A80B2EF
:1046A000029084429AD2366806B100E002E0706857
:1046B000039002E0484648E73EB10298844204D2A3
:1046C0000398015DFF297FF443AF387848B10C4867
:1046D00000210068397001280DD0022804D0032879
:1046E00007D004980028E6D000202C2404906C20E9
:1046F0001BE7012004906C24EC2016E72801002021
:10470000D45500202DE9FC47046A074604212046C1
:1047100000F0F0FA01AB032221463846FFF7F4FC23
:10472000060041D071680223F031894639224D4696
:10473000BDF80400FFF78CFEADF804003A8D294661
:10474000FFF7C5FEADF80400032337222946FFF723
:104750007FFEDFF88C80ADF804000025494618F88C
:104760000520BDF80400FFF77AFE6D1CEDB2ADF830
:104770000400032DF2D33A46494680B2FFF773FE98
:10478000ADF8040032464946FFF7A9FE14480097E9
:10479000401E4323134A3146806807F015F9054649
:1047A000304603F068FA01E04FF0FF35A079FF28AA
:1047B00001D2401CA071C0B20A2803D24FF47A7112
:1047C000484301E042F2107080B24FF4FA7100F2F7
:1047D000F310B0FBF1F020812846BDE8FC87000013
:1047E0002901002050BC00082DE9FC47046A074657
:1047F0000321204600F07EFA01AB03222146384611
:10480000FFF782FC060055D071680223F03189461B
:1048100039224D46BDF80400FFF71AFEADF804003A
:104820004FF410722946FFF752FEADF8040004233E
:1048300032222946FFF70CFEADF80400E06902F0D1
:10484000CBF902462946BDF80400FFF730FEADF86B
:104850000400032337222946FFF7FAFDDFF88C8096
:10486000ADF80400002500BF18F805204946BDF842
:104870000400FFF7F4FD6D1CEDB2ADF80400032D4C
:10488000F2D33A46494680B2FFF7EDFDADF8040099
:1048900032464946FFF723FE14480097401E432343
:1048A000134A3146806807F08FF80546304603F01A
:1048B000E2F901E04FF0FF35A079FF2801D2401C5A
:1048C000A071C0B20A2803D24FF47A71484301E0C4
:1048D00042F2107080B24FF4FA7100F2F310B0FBA4
:1048E000F1F020812846BDE8FC8700002901002066
:1048F00050BC00082DE9F0413B4851681646446819
:10490000256A002D6BD02879002868D070892C2862
:1049100065D30878022862D1002094F8302008E09E
:1049200023180F1893F82A303F7FBB4257D1401C01
:10493000C0B2824201D90628F2D3486802F04CF98D
:10494000296888424BD129463046FFF7D9FD98BBEC
:104950002649487880B3264A77681079052804D01C
:10496000062813D0022828D039E06879012805D01C
:10497000032803D0042801D0052830D13946204629
:10498000FFF7EEFC2046FFF70DFB28E068790328CF
:1049900005D0012803D0042801D005281FD10C21FF
:1049A000206A00F0A7F9134B20461A46114602F080
:1049B00083FF2046FFF720FC11E0687906280ED11E
:1049C0002546246A887850B100202081906802F042
:1049D00003F9A0613869E061284600F0DFF830464D
:1049E000BDE8F04103F047B95C55002034010020D8
:1049F000D45500204CBC00082DE9FE43046A07464C
:104A0000002C55D06079002852D0A0690290002572
:104A1000A561E561256265622563E562A562A582FF
:104A200065822582E581384600F0A6F900282946EE
:104A3000204635D000F05EF901AB0722214638460A
:104A4000FFF762FB060024D071680423F0313622A0
:104A50008846BDF80400FFF7FBFCADF8040002989F
:104A600002F0BAF802464146BDF80400FFF71FFD08
:104A7000ADF8040032464146FFF731FD0D4800977E
:104A8000432302AA3146806806F09EFF304603F0B9
:104A9000F2F8094B38461A46114602F00DFF01E0C4
:104AA00000F028F92079002802D0FFF795FB257146
:104AB000BDE8FE83280100204CBC00082DE9FC471E
:104AC000046A07460521204600F014F901AB0322D1
:104AD00021463846FFF718FB060042D071680223D2
:104AE000F031894639224D46BDF80400FFF7B0FC8D
:104AF000ADF804003A8D2946FFF7E9FCADF8040053
:104B0000032337222946FFF7A3FCDFF88C80ADF89A
:104B100004000025494618F80520BDF80400FFF7F9
:104B20009EFC6D1CEDB2ADF80400032DF2D33A46A5
:104B3000494680B2FFF797FCADF80400324649467B
:104B4000FFF7CDFC14480097401E432304F11802E0
:104B50003146806806F038FF0546304603F08BF892
:104B600001E04FF0FF35A079FF2801D2401CA07171
:104B7000C0B20A2803D24FF4FA61484301E044F678
:104B8000206080B24FF4FA7100F2F310B0FBF1F044
:104B900020812846BDE8FC87290100202DE9FE433D
:104BA00006007AD0346A002C7BD00121204600F028
:104BB000A1F802AB032221463046FFF7A5FA070011
:104BC00072D079680223F031894639224D46BDF80A
:104BD0000800FFF73DFCADF80800328D2946FFF7CD
:104BE00076FCADF80800042332222946FFF730FC9A
:104BF000ADF80800E06901F0EFFF02462946BDF874
:104C00000800FFF754FCADF80800042336222946BB
:104C1000FFF71EFCADF80800A06901F0DDFF0246B9
:104C20002946BDF80800FFF742FCADF80800032351
:104C300037222946FFF70CFCDFF8AC80ADF80800FE
:104C4000002500BF18F805204946BDF80800FFF709
:104C500006FC6D1CEDB2ADF80800032DF2D3324610
:104C6000494680B2FFF7FFFBADF808003A464946D7
:104C7000FFF735FC1D484323CDE900601A481C4A64
:104C8000401E3946806806F0BDFE0546384602F0F3
:104C9000F2FF0BE001E004E006E06FF00F00BDE87A
:104CA000FE836FF00500FAE74FF0FF35A079FF288B
:104CB00001D2401CA071C0B2062802D2012181405D
:104CC00000E03C2101EB4100C0EBC1104FF6FF7149
:104CD00001EAC0004FF4FA7100F2F310B0FBF1F0FA
:104CE00020812846DBE70000290100204CBC000899
:104CF00050BC000842798A4203D041710021817181
:104D00000181704770B505006FF00F0017D095F85E
:104D10003110C90713D0288D2C6A4FF0FF36B0F53B
:104D2000107F0BD364B1207908B1FFF755FA342115
:104D30002046FBF793FAFFF74BFB40B1304670BDBE
:104D4000342002F0B6FC0400F8D02C62EFE701201A
:104D5000207195F83100400705D402212046FFF765
:104D6000C9FF002070BD2846FFF746FA0028F9D099
:104D70002846FFF741FEE1E740B1006A30B14079D3
:104D80000A2805D0052803D0042801D00020704748
:104D90000120704770B505460C4603F0CFFCA968AA
:104DA00009682160A9680C60BDE8704003F0C8BCC8
:104DB00010B5044603F0C2FCA1680C682CB122684F
:104DC0000A6003F0BDFC204610BD03F0B9FC0020D2
:104DD00010BD00002DE9FC41294C05460E46A06897
:104DE00010B10120BDE8FC81E068002846D1288888
:104DF00041BA0A04A97847BA42EA0123EA783F0493
:104E0000134347EA01271B06BFB243EA072347BA09
:104E100040BA000440EA01201949FFB243EA0723DF
:104E20001043203143EA10600860268004F0B9FC8A
:104E3000E06050B10022134903F002FE002740B1A8
:104E4000E06803F05FFDE76018E00FA0FEF7D4F81C
:104E500014E0E878CDE90006AB786A7829780EA0EE
:104E6000FEF7CAF80649154B32462031E06803F0D8
:104E7000E9FF0028E4D1FCF73BFA20610020B1E70C
:104E8000080000204CBC00085B5443505D204E6F6E
:104E9000205043420D0A00005B5443505D20436F95
:104EA0006E6E6563742025642E25642E25642E2580
:104EB000643A25642E2E2E0D0A000000D58A0008C3
:104EC000F0B589B001265BA0FEF796F8002401AD8D
:104ED00004F1110081B23046FBF77AFE25F8140088
:104EE000641C0F2CF4DB5EA0FEF786F85FF0000474
:104EF00063A035F81410FEF77FF8641C0F2CF7DB65
:104F000061A0FEF779F818213046FBF761FE0446F0
:104F100019213046FBF75CFE024621465BA0FEF7F6
:104F20006BF8BDF8041066A0FEF766F80321304662
:104F3000FBF74EFE044603213046FBF749FE0546CB
:104F400003213046FBF744FE0746AC4203D1BD4285
:104F500001D163A000E064A000903B462A462146B0
:104F600064A0FEF749F8AC4212D1BD4210D1A4F5BD
:104F70002040B0382BD0A4F5B840903825D002217D
:104F80003046FBF725FE0146224667A0FEF734F8BF
:104F900071A0FEF731F840F6B830FBF771FE012141
:104FA0003046FBF715FE044605213046FBF710FEA0
:104FB000074600213046FBF70BFE054672A0FEF7C0
:104FC0001BF8E80508D577A007E078A100E078A1F4
:104FD00078A0FEF711F8DBE780A00090A80401D5C7
:104FE00080A300E081A3E80401D581A200E081A2B2
:104FF000294681A0FEF700F8A00601D58CA300E0A9
:105000008DA3600701D58EA200E08FA2214690A05B
:10501000FDF7F2FF0FB19BA200E09CA239469DA0D4
:10502000FDF7EAFF600702D5A4A0FDF7E5FF09B090
:10503000F0BD00005B5048594442475D203D3D3D76
:10504000204450383338343844534B2032354D489F
:105050007A20524D4949203F3F203D3D3D0D0A00F9
:105060005B5048594442475D20457874207265671B
:105070007320307831312D307831463A000000000D
:1050800020253034580000000D0A00005B504859BC
:105090004442475D205354524150283078313829DA
:1050A0003D30782530345820205354524150283018
:1050B000783139293D3078253034580D0A00000008
:1050C0005B5048594442475D20504859435228306C
:1050D000783131293D3078253034580D0A000000F0
:1050E000737461626C650000554E535441424C45E7
:1050F000210000005B5048594442475D2050485908
:10510000494452322072656164733A203078253008
:1051100034582030782530345820307825303458B1
:10512000202025730D0A00005B5048594442475D1A
:1051300020556E7265636F676E697A6564205048AA
:10514000592049443D3078253034583A307825305C
:1051500034580D0A000000005B5048594442475D36
:105160002057616974696E6720337320666F7220FF
:105170006175746F6E656720746F20736574746CED
:10518000652E2E2E0D0A00005B5048594442475DA3
:10519000203D3D3D203F3F3F3F3F3F203D3D3D0DBA
:1051A0000A00000046554C4C000000004B535100D3
:1051B000432F49005B5048594442475D20504859AD
:1051C000203D20445038333834382025732028635C
:1051D0006F6E6669726D6564290D0A0048414C4620
:1051E000000000003130304D0000000031304D0033
:1051F000454E0000444953005B5048594442475DC6
:10520000204243523D307825303458202061757457
:105210006F6E65673D2573202073706565643D255D
:105220007320206475706C65783D25730D0A00004D
:10523000444F4E450000000050454E44494E470043
:105240005550212121000000444F574E000000001E
:105250005B5048594442475D20424D53523D30789F
:105260002530345820206C696E6B3D2573202061F9
:1052700075746F6E65675F646F6E653D25730D0AAB
:105280000000000050524553454E540041425345E2
:105290004E5400005B5048594442475D20414E4CFB
:1052A0005041523D3078253034582020706172745E
:1052B0006E65723D25730D0A000000005B50485971
:1052C0004442475D202A2A2A203F3F3F3F3F3F3F3D
:1052D0003F3F3F3F3F3F202A2A2A0D0A000000009F
:1052E00004490A7902704A7942708A798270C979D0
:1052F000C17070478005002002484068002800D037
:10530000012070478005002070B5494D04468CB0DF
:10531000002204212846FBF7E3FF3220FBF7B0FC14
:10532000012204212846FBF7DBFF4FF49670FBF7C0
:10533000A7FC612204210120FBF77CFC4FF4905272
:1053400000210120FBF776FC4FF4FA60FBF798FC94
:1053500038A0FDF751FE00F07DFF2046FBF71AFC58
:105360003E488369026841693DA0FDF745FE494812
:105370004268016848A0FDF73FFE5048416850A0D0
:10538000FDF73AFE01F02CFC5848099058480A9065
:105390006FF07F400B905748002557490095CDE9A5
:1053A00001100AAB0BAA09A9544802F0C9F9002858
:1053B00039D0524802F0B0FA504802F0D3FA012135
:1053C0004E4800F084FF4D48216818384B4E40F895
:1053D000421FA1888180062086F8300061792079FB
:1053E000CDE90001E37846A21821A6F11800FDF7E7
:1053F00013FEA6F118007062FF2005900690CDE91B
:10540000070501200821CDE9021004900A2232206C
:10541000CDE900020A4601230A213FA0FDF7ECFD79
:1054200001200CB070BD4CA0FDF7E6FD0020F8E7B0
:10543000001401405B5048595D20466F72636564FB
:105440002031304D20284554485F464F5243455F38
:1054500031304D3D31290D0A00000000009002401E
:105460005B444D415D20444D4153523D30782530E1
:1054700038582020444D41424D523D307825303837
:10548000582020444D414F4D523D307825303858FA
:105490000D0A0000008002405B444D415D204D41FB
:1054A0004343523D30782530385820204D41434603
:1054B00046523D3078253038580D0A000000014032
:1054C0005B444D415D204146494F5F4D4150523D47
:1054D00030782530385820202862697432343D45B0
:1054E00054485F524D4949290D0A00000A0801320B
:1054F0000A0801016561000881620008800500203A
:105500004254434D696E65722D2530325825303234
:1055100058253032580000005B4C5749505D2053ED
:1055200074617469632049502025642E25642E25FA
:10553000642E25642047572025642E25642E25647B
:105540002E2564204E4D2025642E25642E25642EA4
:1055500025640D0A000000005B4C5749505D206E29
:10556000657469665F616464206661696C65640D79
:105570000A00000001488068704700000800002011
:1055800010B501210846FBF723FBC0F3800010BDD6
:1055900001480068704700003C0100200148406855
:1055A000704700003C01002002480021016041607A
:1055B000704700003C010020F0B589B02C4800F095
:1055C00077FEFBF795FE2B4C05466069281AFA28F2
:1055D00002D9656103F0B6F8A069F0B924494868BA
:1055E000D8B10120A061084602460DF1140CD77A0B
:1055F000967A537A127A8CE8CC00C37B827B467B06
:10560000007BCDE90106CDE90323C87900908B79B1
:105610004A7909791848FDF7EFFCE0690026281A55
:10562000B0F5FA6F0FD9E561FFF7AAFF08B10121C4
:1056300006E0A06818B111A0FDF7DEFCA66000210D
:105640000B4800F044FEA06800280FD1E068002855
:105650000CD0206941F28831281A884206D90CA062
:10566000FDF7CAFCE06803F04DF9E66009B0F0BD53
:10567000800500200800002060BC00085B455448FD
:105680005D204C696E6B206C6F7374210D0A0000F5
:105690005B5443505D2054696D656F75742C2072A6
:1056A000657472790D0A00002DE9FF41FFF708FCCF
:1056B0007C4E002531467CA0FDF79EFC346980A01D
:1056C0002146FDF799FCC4F30043C4F3C422C4F39C
:1056D0008411C4F380008DE80F0004F00101C4F3CD
:1056E000C003C4F3001284A0FDF786FC34690221D4
:1056F0000120FBF76DFA3269034621468CA0FDF7C5
:105700007BFC9BA0FDF778FC00244FF6FF77A0B24E
:105710000221FBF75DFA0646A0B20321FBF758FA17
:1057200003463EB1BE4205D0324621469AA0FDF75F
:1057300063FC0125641C202CE9DBC5B10124022196
:105740002046FBF745FA074603212046FBF740FABF
:10575000064601212046FBF73BFA0546324639460C
:1057600097A0FDF749FCA80615D5A2A014E0A3A0B8
:10577000FDF742FC02210120FBF72AFA0446012131
:105780000846FBF725FA04B02146BDE8F041024681
:10579000A5A0FDF731BCAFA00090E80401D5AFA3F0
:1057A00000E0AFA3680701D5AEA200E0AFA2294692
:1057B000B0A0FDF721FC10212046FBF709FA0146B5
:1057C000800601D5BAA000E0BAA00090480701D534
:1057D000BAA300E0BBA3880701D5BCA200E0BCA22D
:1057E000BDA0FDF709FC00212046FBF7F1F90146B9
:1057F000000501D5C6A000E0C6A04A0501D5C6A295
:1058000000E0C6A2CB0501D5ACA300E0ADA38D049A
:1058100001D5AFA500E0ADA5CDE90220CDE900534B
:10582000C80401D5BEA300E0BEA3080401D58BA225
:1058300000E0BDA2BE48FDF7DFFB04212046FBF7D8
:10584000C7F9054605212046FBF7C2F90446C5F312
:105850008022C5F34011C5F380108DE80700C5F321
:10586000C013C5F300222946B248FDF7C5FBC4F3B7
:105870008022C4F34011C4F380108DE80700C4F304
:10588000C013C4F300222146AB48FDF7B5FB0CB1B1
:10589000AAA100E0ABA104B0ACA0BDE8F041FDF7C7
:1058A000ABBB0000008002405B5048595D2045546E
:1058B000485F424153453D3078253038580D0A0045
:1058C0005B5048595D204D41434D494941523D305F
:1058D0007825303858202028657870656374204D0D
:1058E000423D626974303D302C2043523D62697400
:1058F00073343A32290D0A005B5048595D2020204C
:105900004D423D25642043523D25642E25642E25BD
:1059100064204D523D3078253032582050413D3082
:105920007825303258204D573D25640D0A0000007F
:105930005B5048595D20534D4920746573743A207B
:105940006265666F72653D30782530385820206179
:10595000667465723D307825303858202072657342
:10596000756C743D3078253034580D0A0000000005
:105970005B5048595D205363616E6E696E672061AC
:10598000646472657373657320307830302D3078BD
:1059900031462E2E2E0D0A005B5048595D202041C5
:1059A000646472203078253032583A2049443D30C2
:1059B00078253034583A253034580D0A000000005C
:1059C0005B5048595D2044503833383438204944BE
:1059D0003D3078253034583A2530345820286578C1
:1059E00070656374203078323030303A4130423064
:1059F000290D0A00444F4E45000000005B504859F5
:105A00005D20204E6F2050485920726573706F6E74
:105A100064656420617420616E79206164647265DC
:105A20007373210D0A0000005B5048595D2020521D
:105A3000656164203078303120726567323D30789E
:105A40002530345820726567313D30782530345820
:105A50000D0A000050454E44494E47004F4E00008D
:105A60004F4646005550212000000000444F574E3D
:105A7000000000005B5048595D20424D53523D30BC
:105A8000782530345820206C696E6B3D25732020BA
:105A90006175746F6E65673D257320206175746F45
:105AA0006E65675F646F6E653D25730D0A000000CB
:105AB0004F4B000049444C450000000046554C4CFB
:105AC0000000000048414C460000000031304D000D
:105AD0003130304D000000005B5048595D20504887
:105AE000595354533D307825303458202073706515
:105AF00065643D257320206475706C65783D257361
:105B00002020706167655F72783D25730D0A000083
:105B1000504400007570000049534F006E6F000044
:105B2000454E000044495300646F6E65000000005C
:105B30002CBD0008A4BC0008E8BC00085052455326
:105B4000454E5400414253454E5400005B50485965
:105B50005D206C696E6B5F706172746E65723D255D
:105B6000730D0A00F0B50A4A054600205488094E14
:105B700007E0F75C2F54401C5B1CC3F30B0380B29F
:105B80009380884202D29388A342F2D1F0BD0000F4
:105B900008000020B805002070B50A4C0E460146EA
:105BA000A0684FF0FF3530B1E06820B101233246E4
:105BB00005F03EFA08B1284670BDE06803F066FEC5
:105BC000304670BD080000202DE9F74F042205463D
:105BD00082B000208B46DFF8DC9011461446164652
:105BE00001908646CDF8000000EB400A09EBCA039D
:105BF000042C1F7D29D0C7B175B1D5F800C0D3F8EA
:105C00000480C44508D1DDF810C0BCF1000F4ED0AF
:105C1000D3F80880E0454AD0012F1AD0022F04D3D0
:105C20005B8A734501D301469E46401C00B204289E
:105C3000DADB5FEA8B734FF0FF3038D4042C18D0D6
:105C400025DB042919DA0C461EE0002FD4D10446C6
:105C5000EBE759F83A705B8A2FB1019FBB42E4D35E
:105C600006460193E1E7009FBB42DED30246009364
:105C7000DBE75FEACB731AD0E3E7042A01DA1446C4
:105C800002E0042E13DA3446204600F015F82DB158
:105C900004EB440209EBC2002968416004EB4401B3
:105CA00009EBC1000022428204998160204605B0C0
:105CB000BDE8F08F7455002070B5074C00EB40052F
:105CC000002654F8350018B101F0D5FF44F83560CE
:105CD00004EBC500067570BD745500202DE9F04732
:105CE00086B00D00804643D0D8F804404FF4807948
:105CF0002088484539D12079062836D16079042892
:105D000033D16088082830D1D4F80E100491A269EC
:105D1000686818B1824204D1012603E000263746A4
:105D200008E00026814201D1012700E000270EB1E2
:105D3000012300E0022304F10802924604A9284648
:105D400000F0CEF9E08848450FD176B16FB9022254
:105D500004ABCDE90232291DCDE9001A05F12A0371
:105D600019465246284600F02FF9404601F083FFBD
:105D700006B0BDE8F0870000FEB504460E461546A5
:105D80002146106800F02FFC08B1354B3FE0286831
:105D9000C0F303110E2925D0A168636800EA01024F
:105DA0000B409A4208D080B2A0F57E41A93903D0B9
:105DB000E068B0B304F10C052A4B2B481A7802EBCB
:105DC000420100EBC1010F7D022F2ED38F68A74245
:105DD0002BD12F6849688F4227D13146204600F0E9
:105DE00045F8FEBD01208DF8040000208DF8050067
:105DF0005E208DF80600687801AB00F07F008DF81A
:105E00000700A8788DF80800E8788DF809004FF4AD
:105E10000060009004F12A023146204600F0F4F9B7
:105E2000FEBDFFE76FF00300FAE7002202EB42013C
:105E300000EBC1010F7D022F08D38F68A74205D167
:105E40002F6849688F4201D11A70C6E7521CD2B23E
:105E5000042AEBD332462946204600F037F8DFE724
:105E600054BC000826010020745500202DE9F84399
:105E700006468846144802EB420100EBC10404F1D7
:105E80000C05207D022813D1608A0327B0F58E7F90
:105E900004D9211D304600F0DDF807E0B0F5877F1A
:105EA00006D32A46211D304600F0DAF800B92775DE
:105EB0004FF4006000902B4606F12A02414630461E
:105EC00000F0A2F9BDE8F883745500202DE9FC5FCD
:105ED00083462A3001900F46086814464FF0FF367B
:105EE0004FF0000A594600F07EFB80B93868C0F3D5
:105EF00003110E290BD057B148B15A46012138463B
:105F0000FFF762FE002805DA40B2BDE8FC9F6FF0A3
:105F10000F00FAE700F0FF09294909EB490801EBF6
:105F2000C805287D08B134B114E04FF0010A85F8A6
:105F300014A0C5F808B03946584600F08BF80600A2
:105F400007D1287D012804D1BAF1000F01D100202A
:105F500068827CB3287D1A4F02280ED319494FF46A
:105F6000006005F10C0381F800900090214658462E
:105F7000019A00F049F906461FE001281DD120468C
:105F8000017B490607D522464FF42071102001F00D
:105F9000D0FD044605E000680028F1D1204601F05C
:105FA000EEFE44B157F8380008B101F064FE47F83E
:105FB0003840002601E04FF0FF363046A5E70000EC
:105FC00074550020260100202DE9FF4F81B0934633
:105FD000DDE90F981F4600264FF420721C21102087
:105FE000DDF838A001F000FD05002FD06C68119895
:105FF00000F0F4FDE0803868A060B888A081D9F88E
:106000000010C4F81210B9F80400E082DAF80000B9
:10601000C4F80E00D8F80000A0614FF48070208012
:1060200008206080062020710420607140F6060080
:106030000090DDE901025B46294600F0E5F82846BC
:1060400001F019FE304605B0BDE8F08F4FF0FF308B
:10605000F9E70000014A00F003B8000054BC000852
:106060007FB5064D031D0124CDE90035CDE90214AD
:1060700026331946FFF7A8FF04B070BD5ABC0008CC
:1060800070B5164D002400BF04EB440005EBC002C0
:10609000117DF1B1508A401C80B25082B0F5967FDC
:1060A0000AD2012906D003290AD004290AD00129DD
:1060B0000BD00EE0052808D32046FFF7FDFD08E0D1
:1060C000042000E00220107503E0111D9068FFF726
:1060D000C1FF641C042CD7DB70BD00007455002088
:1060E000F8B51F4616460D00044613D0286888B13F
:1060F000214600F078FA68B92878C0F303100E281A
:1061000008D0224639462846FFF75EFD002804DA0B
:1061100040B2F8BD6FF00F00F8BD114900EB40022E
:1061200001EBC2000223037584603368C360B38847
:1061300003820023438251F8325075B141F8323066
:106140004FF400600090334604F12A0229462046AD
:1061500000F05AF8284601F08EFD0020F8BD00003E
:10616000745500202DE9F041044640890E270D4664
:106170000E283CD96068E17B868919B995F83410FE
:10618000491CE1730178CA0714D0012905D0062201
:106190001C49FAF775F848B10CE0417851B980789C
:1061A0005E2807D1607B40F0100002E0607B40F089
:1061B00008006073082E03D0B6F5C16F17D10DE04B
:1061C00095F83100000712D53946204601F0E4FD6C
:1061D00068B92946204600F01DFA10E095F8310014
:1061E000000704D53946204601F0D6FD18B12046F7
:1061F00001F041FD03E029462046FFF76FFD002036
:10620000BDE8F08154BC00082DE9F04180461E46EF
:1062100017460D46069800F0E1FC04460E2128467C
:1062200001F0BBFB18B16FF00100BDE8F0816868B8
:10623000848131680160B18881803968C0F80610B6
:10624000B988418140462946D8F81820BDE8F04178
:10625000104700001FB5094A00924FF4BE600121AB
:10626000CDE90110A2F5BF5303F1200103900422F0
:10627000A1F1A000FAF718FB1FBD0000546E00202A
:10628000652180F83210302180F83310064940F83B
:10629000141F0649416040F2DC5181821A21417786
:1062A0000621017700207047795D0008856A0008A3
:1062B00070B5044606E022692146904710B1284691
:1062C00001F0D9FC00F032FB0500F4D170BD09B13A
:1062D00001F033BB01F026BB13B54FF0FF330122B1
:1062E00069460248FCF764F900981CBD9C16002022
:1062F00010B5002821D0114B0022001F196803E0BF
:10630000814203D80A4649680029F9D152B113687D
:10631000841A9C4204D1006818441060104602E0C0
:10632000506000E0186039B102680B1A934203D143
:106330000B681A4402604968416010BD5401002096
:106340000A46032100F096B82DE9FE4F8B464849D6
:1063500004468E6830780007850E142D47D3608977
:1063600004287FD36068007800287BD0082879D182
:10637000486901F11409C0F303120E2A72D08A464B
:10638000096800F030F900286CD12089082869D309
:10639000204600F0B9F8002864D105F110010F463D
:1063A000204601F0FAFA40B32089411989B28842A7
:1063B00058D84FF42072102001F016FB070051D07E
:1063C000798905F1080081420ED32A463146786862
:1063D000F9F71DFF2946384601F0DEFC20B92146B9
:1063E000384601F0B5FB18B1384601F044FC39E0FD
:1063F000204601F040FC3C4604E03946204601F0CE
:10640000CBFC78BB29462046D4F8048001F0C5FABD
:1064100040BB6668D9F800000027F060DAF8100089
:10642000306188F80070E773B8F802004FF6F77132
:10643000884201D9093000E00830A8F80200FF20A6
:10644000307277812946304600F058F8708101217A
:10645000CDE90071FF230022CDF808B0494620465F
:1064600000F0B6F92046BDE8FE4F01F004BC000084
:106470005C5500202DE9FF47074600891C25924600
:1064800089461C2800D2054605F1080081B24FF468
:106490002072242001F0A8FA06002DD07468D7F8E5
:1064A0000480082384F8009084F801A04FF00009CC
:1064B000C4F804902A463946304601F084FBD8F8E7
:1064C0000C00039003A800F0FBF9050011D0A4F81C
:1064D00002904F467189204600F010F8608001203C
:1064E0000097CDE90105FF2303AA0021304600F003
:1064F0006FF9304601F0BFFBBDE8FF8700B500F043
:106500007FFBC04380B200BD70B50026344605460F
:1065100012E06989686800F073FB204481B201EBE6
:106520001044A87AC00706D08EB10026E0B2C4F3AA
:10653000072141EA00242D68002DEAD126B1E0B2FE
:10654000C4F3072141EA0024E04380B270BD012674
:10655000ECE730B41B68029D9CB204EB13442B683B
:106560009DB22C4404EB13439CB204EB13439CB246
:1065700004EB134330BCAFF300802DE9F0411C461F
:1065800090460F460026054612E06989686800F0CB
:1065900037FB204481B201EB1044A87AC00706D033
:1065A000FEB10026E0B2C4F3072141EA00242D68C1
:1065B000002DEAD126B1E0B2C4F3072141EA00245C
:1065C000384600F00BFB0444404600F007FB204433
:1065D00081B201EB104000EB1040C04380B2BDE837
:1065E000F0810126DEE7421C12D088B191F83120FB
:1065F00092070BD54B68834208D0896800EA0102F4
:106600000B409A4202D10143491C01D0002070473F
:10661000012070472DE9F047456880460E462878EE
:106620000421B1EB101F03D0404601F024FBB2E07F
:106630000007870E688800F0D1FA0446B8F8080011
:10664000A04203D92146404601F072FBB8F80A0087
:10665000B842E9D3B8F80800A042E5D3142FE3D339
:1066600039462846FFF74AFF0028DDD12969DFF8BF
:106670002C91C1F303100E28C9F81410EA68C9F868
:10668000102005D0304600F08DF850B1344616E0A9
:1066900096F83100C00702D070680028F6D10024B7
:1066A00012E099F8140000247F280DD03C480468BB
:1066B00008E0B44205D0204600F074F808B11CB1DF
:1066C0000AE02468002CF4D1687A112804D1E81972
:1066D0004088B0F5884F30D0D9F810205AB13146F3
:1066E0001046FFF780FF00289ED199F81000C0F3F4
:1066F00003100E2898D0002C96D0E88830F0C00007
:1067000092D1C9F80850C9E90046297840460907DE
:10671000890EA9F80C10394601F03EFB687A012871
:1067200017D0062810D0112809D04D462146D9F897
:106730001400FFF758FF88B11DE03446DBE731460F
:10674000404605F03FF819E03146404602F032FD80
:1067500014E031464046FFF7F7FD0FE0287DC0F317
:1067600003100E2807D03946404601F0C9FA02212D
:106770004046FFF7E5FD404601F07DFA0021C9F8EB
:106780000010C9F80410C9F80810A9F80C10C9F8CD
:106790001010C9F814100020BDE8F0875C550020E7
:1067A000C000002010B590F83110C9070CD0416826
:1067B00051B1064A52698A4204D001461046FFF799
:1067C00012FF08B1012010BD002010BD5C55002053
:1067D000FEB5DDE90954089E1AB109B10F6807B981
:1067E000211D0096CDE9015400F002F8FEBD000025
:1067F0002DE9F84F9946DDE90A87DDF830B016003B
:106800008A4605466FF0010444D0142101F0C5F812
:10681000E0BB6C68390247EA092084F80890677287
:1068200041EA10213068206182B2114401EB10402E
:10683000452121704FEA082248F48A4142EA112199
:1068400084F801800F18288900F0C8F900EB0708C8
:106850006080194F0020E080388800F0BFF9A080E8
:1068600039884044491C3980BAF1000F0FD0DAF85A
:106870000010E1608AB2104400EB114081B201EBDC
:10688000104000EB1040C04360810DE005E00B4973
:106890000968EEE76889142802D22046BDE8F88F1F
:1068A00068686E4600690090DBF81430584632463E
:1068B00029469847F2E70000240100204CBC00085C
:1068C00070B50146144813E090F83120D3070FD07B
:1068D00053070DD543685BB184680D68234005EA12
:1068E00004069E4216D0920702D4C268954211D087
:1068F00000680028E8D10948006850B190F83120BC
:10690000D30706D0520704D5426812B109787F290F
:1069100000D1002070BD0000C0000020C400002095
:1069200038B5049C0094FFF714FE38BD2DE9FF5FD5
:106930003C4E4FF4BE60DFF8F0B04FF0040A002484
:1069400006F1A009CDF80C0006EB441528680028D4
:106950002FDBDBF81010002916DD491ECBF81010D4
:1069600028682968C0F30D402A68C1F3C031C2F31A
:1069700000220092CDE9011028682A68C0F3402364
:1069800021462AA0FCF738FB2846FAF71BF880B20C
:106990005FEA000802D00399884511D9C4EB44107E
:1069A00000EB841109EB011152462846039BFAF7CC
:1069B00037F9641C5445C7DB002004B0BDE8F09FE4
:1069C00001464FF4C172002001F00EF8009020B390
:1069D0000646C4EB441000EB8410002709EB0019B5
:1069E0007489E119414501D9A8EB070409EB0701B6
:1069F00022467068F9F70BFC36682744002EEFD169
:106A0000494652462846039BFAF70AF9DBF800107C
:106A1000491CCBF800100098CFE7414611A0FCF7C5
:106A2000EBFABBE7F45500203C0100205B525844D0
:106A30005D20646573633D256420737461747573B0
:106A40003D30782530386C582046533D2564204C25
:106A5000533D25642045533D256420464C3D256C1F
:106A6000750D0A005B4554485D204E6F20706275BD
:106A70006620666F72205258202564206279746502
:106A8000730D0A002DE9FE4F2F4FDFF8B8802F4815
:106A9000BA6808EB421501E0401E09D02B68002BB4
:106AA000FADBD5F8089000260C464FF4BE6A19E0D0
:106AB000114627A0FCF7A0FA6FF00200BDE8FE8F98
:106AC00062899019504505D929A0FCF795FA6FF015
:106AD0000100F3E709EB06006168F9F798FB6089AC
:106AE00024680644002CEBD1C6F30C0068602748EC
:106AF00028600020B860F9F7CDFE7868401C786007
:106B0000F86800281CDD401EF86021480023296831
:106B1000002902DA5B1C8342F9D31E4840692968C8
:106B2000CA0F454501D0012100E00021C0F3025504
:106B3000CDE90005C0F3800402941748FCF75CFA25
:106B40000020BBE7745600203C01002040420F00AB
:106B50005B4554485D205458206465736320256C60
:106B60007520737475636B20284F574E290D0A00EA
:106B70005B4554485D2054582062756666657220F6
:106B80006F766572666C6F770D0A0000000010F07A
:106B9000A086010000900240A8BF000810B504467E
:106BA0004068804701F0F8FD094A216852688B1857
:106BB0001A1AB2F1004F03D308442246054902E0F5
:106BC000044922461846BDE8104001F0F5BD00001A
:106BD000CC0000209D6B000800BA704740BA704797
:106BE00010B500F065FD00F07DFD00F04FFE04F0F3
:106BF000DDFD02F0D3FABDE8104001F005BE000053
:106C000018B50022ADF8002010F001030CD00029C7
:106C10000ADD10F8014B8DF80140491E04E000BF69
:106C200030F8024B891E22440129F9DC002902DDDB
:106C300000788DF80000BDF80000104481B201EB2F
:106C4000104081B201EB104023B1C1B2C0F3072064
:106C500040EA012080B218BD8AB0FAF76FFFFCF756
:106C6000A5F8EE4EB06940F01000B061B0694FF089
:106C7000000800F010004FF40055049001AA4446AB
:106C8000009501204FF0020ADFF894B382E8110466
:106C900069465F465846FAF71DFA002229463846EB
:106CA000FAF71EFBC820F9F7EBFF01222946384608
:106CB000FAF716FBC820F9F7E3FF00222946384609
:106CC000FAF70EFBC820F9F7DBFF01222946384608
:106CD000FAF706FBFBF7B0FFFCF70CF8D248D149F6
:106CE0004FF4E1370160C0E901744FF00C09C46052
:106CF000C0E904498461C461FBF7BCFB08B172B60A
:106D0000FEE7C94CC94D48342046C4E90057C4F8D1
:106D10000880C4F80C80C4E90489C4F81880474688
:106D2000C4F81C80FBF7A6FB08B172B6FEE7BF48AB
:106D30005521001D016029684906FCD50D2101601F
:106D400029684906FCD50A21016028684006FCD55F
:106D5000B7A0FCF751F9C049C0A0FCF74DF9C648EF
:106D60000168C6A0FCF748F9FBF754F80146CBA030
:106D7000FCF742F9FBF75EF80146D1A0FCF73CF9BD
:106D800094F84110D7A0FCF737F9E248E24C0168CB
:106D9000001F0268C4E91021E0A0FCF72DF904F1FE
:106DA0004809082189F800A089F80110DC2189F838
:106DB0000210616CE3480A0E89F803200A0C89F876
:106DC0000420090A89F805103168890001D4401EA1
:106DD000FAD13168B0467368C1F340713268DAA005
:106DE000FCF70AF900244FF400565D4600223146B4
:106DF0002846FAF775FA5020F9F742FF012231468A
:106E00002846FAF76DFA5020F9F73AFF641C032C74
:106E1000ECDBDDA0FCF7F0F8D8F8141041F4804169
:106E2000C8F81410D8F8141001F480410091D8F873
:106E3000141041F40041C8F81410D8F8141001F4EB
:106E400000410091D8F8141041F48031C8F81410B2
:106E5000D8F81400CDE902A700F480300324009094
:106E6000049401A96E48CDF804A0FAF733F9042080
:106E7000019001A9CD48FAF72DF900210120F9F779
:106E8000A7FE012106900846F9F7A2FE0546022159
:106E90000120F9F79DFE059003210120F9F798FEE6
:106EA000009010210120F9F793FE8346182101205C
:106EB000F9F78EFE824619210120F9F789FEDDE9F6
:106EC000053180462A46BA48FCF796F843465246B2
:106ED0005946B8A0FCF790F8680701D5C5A100E0B5
:106EE000C5A1C748FCF788F84FF496784046F9F7F3
:106EF000C7FEC4A0FCF780F8FBF776FEC9A0FCF73C
:106F00007BF8CFA0FCF778F84748D54954384FF4C0
:106F100080420160D349C0E90117C0E903724761AB
:106F20008761C761BA460762FAF7E8F908B172B635
:106F3000FEE7CDA0FCF760F83B4977485439503064
:106F400004F0D3FA384974485439583004F084FABC
:106F500000F03AFF01F000FBFAF7CAF96E4D6862E3
:106F6000A86299F8031099F8053099F804208DE883
:106F70000E0099F8023099F8012099F80010C0A08D
:106F8000FCF73AF8C9A0FCF737F841F26801032092
:106F9000CDE90001012308220A21CEA0FCF72CF83C
:106FA000FAF7A6F9A860D3A0FCF726F8DDA0FCF755
:106FB00023F804220221E4A0FCF71EF8E6A0FCF767
:106FC0001BF8F0A0FCF718F805F14800FEF79CF953
:106FD000002822D0F0A0FCF70FF8FEF765FBF2A026
:106FE000FCF70AF8FCF7FAFE4FF4FA70F9F748FEDE
:106FF000F3490620FCF7C4FB011E00DC0020E8601A
:107000000622F0A0FBF7F8FFF8A1FDA0FBF7F4FFC4
:1070100042F210774FF47A7B00E209E2001002405E
:107020000010014000380140541600200044004088
:107030000D0A3D3D3D3D3D20555341525432204FB8
:107040004B202D2044494147205354415254203D68
:107050003D3D3D3D0D0A000040787D015B444941C6
:10706000475D204853455F56414C55453D256C755D
:1070700020487A0D0A0000009C0000205B44494132
:10708000475D2053797374656D436F7265436C6F10
:10709000636B3D256C7520487A0D0A005B444941BD
:1070A000475D2050434C4B313D256C7520487A207C
:1070B0002855534152543220636C6B290D0A00004D
:1070C0005B444941475D2050434C4B323D256C7534
:1070D00020487A202855534152543120636C6B2943
:1070E0000D0A00005B444941475D20687561727478
:1070F000322E6753746174653D256420286578706D
:1071000065637420307832303D5245414459290D31
:107110000A000000ECF7FF1F300000205B444941EB
:10712000475D20426F6172642049442028554944DC
:10713000293A2030782530386C582530386C580D75
:107140000A000000400D03005B434C4B5D20504C97
:107150004C3328504C4C4932532972656164793D57
:10716000256420205243435F43523D307825303818
:107170006C5820205243435F434647523D307825A8
:1071800030386C580D0A00005B444941475D204D82
:1071900044494F2070726F6265206F6620504859D5
:1071A0002040307830312E2E2E0D0A00000801408C
:1071B000C0BD00085B50485950524F42455D2050B9
:1071C00048595354532830783130293D3078253090
:1071D000345820535452415031383D3078253034A2
:1071E0005820535452415031393D3078253034586D
:1071F0000D0A000055500000444F574E000000009B
:1072000008BE00085B444941475D2041626F7574C8
:1072100020746F20696E6974204554482E2E2E0DFF
:107220000A0000005B444941475D2045544820481E
:10723000414C20696E697420646F6E650D0A000010
:107240005B444941475D2041626F757420746F2033
:10725000696E6974204932432E2E2E0D0A000000FB
:1072600000540040A08601005B444941475D20492D
:10727000324320696E697420646F6E650D0A0000E8
:107280005B4E45545D204D41433A20253032583AFB
:10729000253032583A253032583A253032583A257E
:1072A0003032583A253032580D0A00005B4E4554B2
:1072B0005D2049503A20444843502028616371754D
:1072C000697265642061742072756E74696D6529D8
:1072D0000D0A00005B4E45545D2053657276657261
:1072E0003A2025642E25642E25642E25643A2564D3
:1072F0000D0A00000D0A3D3D3D3D3D3D3D3D3D3DFE
:107300003D3D3D3D3D3D3D3D3D3D3D3D3D3D3D3DAD
:107310003D3D3D3D3D3D3D3D3D3D3D3D3D3D0D0A00
:107320000000000020204254434D696E65724D53A9
:10733000204631303756435436202B2044503833C2
:107340003834380D0A000000202046572076256486
:107350002E25640D0A0000003D3D3D3D3D3D3D3D77
:107360003D3D3D3D3D3D3D3D3D3D3D3D3D3D3D3D4D
:107370003D3D3D3D3D3D3D3D3D3D3D3D3D3D3D3D3D
:107380000D0A00005B5359535D2045544820696E37
:1073900069742E2E2E0D0A005B5359535D204554FF
:1073A00048204F4B0D0A00005B5359535D20424D5E
:1073B0003133363620696E69742E2E2E0D0A000088
:1073C0000080F2435B5359535D20424D31333636D2
:1073D0003A2025642F25642063686970287329206A
:1073E00064657465637465640D0A00004449534123
:1073F000424C454420286272696E672D75702900E1
:107400005B5359535D204A6F6220646973706174E5
:1074100063683A2025730D0A00000000F9F768FF41
:107420000446FEF7A7F80028286914D038B133E0E5
:107430005CA0FBF7E1FD4046F9F722FCFBE70120E9
:107440002861A5F806A05EA0FBF7D6FD01F01EF9A5
:1074500001F064F907E040B1C5F810A0A5F806A056
:107460005BA0FBF7C9FD2869B0B9FDF745FF98B1EE
:10747000E869201A58450FD941F268080321EC61E8
:10748000CDE90018012308220A2159A0FBF7B4FD19
:1074900041466148FDF79EFCFEF78EF800F0AEFE17
:1074A000FCF716FD287808B1687830B9686A201AA8
:1074B000B84202D36C6200F087FCA86A201AB0F5CB
:1074C000FA6F06D3AC6201F047F8286960B101F0A9
:1074D00025F9286940B1286A44F62061201A8842BB
:1074E00002D92C6201F0D2F8286B201AB84245D993
:1074F00009A82C63FDF7F4FEFEF750F80190FEF7A3
:1075000047F80090FEF73CF810B1AFF2183001E0F8
:10751000AFF21C308146E86808B1FCF72BF9B4FBE8
:10752000FBF83E494969DDE90023CDE90731CDE9A2
:107530000592E96809B13AA200E03AA2296909B1C5
:1075400039A300E03AA39DF82710CDE90320CDE947
:1075500001139DF8260000909DF825309DF8242009
:1075600041463548FBF748FD47F23050B4FBF0F197
:1075700000FB1140584501D2FEF716F8E86A201AC0
:10758000B0F5FA7F7FF648ADEC62286928B1002299
:1075900031462A48F9F7A4FE3EE531462748F9F777
:1075A00097FE39E55B4552525D2045544820696E8F
:1075B0006974204641494C4544210D0A00000000F1
:1075C0005B4E45545D20544350204F4B0D0A000044
:1075D0005B4E45545D2054435020646F776E2C20E1
:1075E00077696C6C2072657472790D0A0000000076
:1075F0005B4E45545D20436F6E6E656374696E67C4
:107600002025642E25642E25642E25643A25642EBB
:107610002E2E0D0A000000004800002000900240BD
:107620004F4B00004F464600434F4E4E00000000B7
:107630005741495400000000C8BE00080010014036
:10764000F0B50B30154D20F007010024144A0FE06F
:1076500003688B420BD38B4205D95E1A43184768E7
:10766000C3E9006700E04368136002C004E0021D44
:1076700010680028ECD12046002802D1286808B103
:107680000020F0BD064A07481060074A121A22F08F
:107690000702C0E9002401202860D7E75801002034
:1076A000540100204C74002048760020FEF720BED4
:1076B000704710B5FFF7C4FF040003D101F03EF896
:1076C00001F03EF8204610BD70470000072806D2A2
:1076D000002904D0024A52F82000FDF75BBB704736
:1076E000BCBB000830B5064D002400BF55F824008F
:1076F00000F008F8641CA4B2072CF7D330BD0000DA
:10770000BCBB00088268002111600022416807E0CC
:107710008368521C1B680B608368196003881944D6
:1077200043889342F4DC7047072801D30020704758
:10773000024951F82000FDF73BBB0000BCBB00082C
:107740002DE9F0410400DDE90770069E1FD0F7B176
:1077500001B9224902B9214A03B9204B00256560CD
:10776000A560DFF87CC0C4F814C0E560258584F806
:107770003150C4E907651B4E96F800C084F834C048
:107780002061204600F098F82046B84710B100204C
:10779000BDE8F081D6F8042094F83400FF2801D128
:1077A00084F83450104694F834100AE090F83430DD
:1077B0008B4205D1491C84F834100028ECD102E03A
:1077C00000680028F2D1C8B2FE2805D0401C3070F5
:1077D000226020467460DBE73570F9E74CBC000896
:1077E000B3780008BC00002070B50C46054601F0D7
:1077F000A1FF21462846BDE8704004F09FB80A6802
:10780000C3689A4204D001B90022C26001207047C7
:107810000020704738B505460C46086869688842FC
:1078200012D0206800906868106069461046FFF723
:10783000DBFF3CB1206868600121284600F027F892
:10784000012038BD0020F6E7002038BD0A688368B3
:107850009A4204D001B900228260012070470020C2
:107860007047000001000CD00748406807E000BFE7
:1078700090F83420521CD2B28A4203D0006800280B
:10788000F6D1002070470000BC00002070470A4677
:1078900090F831104B070BD5CB0709D0D20707D092
:1078A0004268002A04D0090702D5011DFEF7D2BBA9
:1078B00070476FF00B0070472DE9F84F4FF000094B
:1078C0001D4616460C008246C84600D1114C06B92A
:1078D000104E05B90F4DACB1206898B100274A464B
:1078E00031465046FFF7B2FF424629465046FFF761
:1078F00086FF002F04D16A4621465046FFF78AFFD3
:10790000BDE8F88F01276A4621465046FFF782FFFF
:10791000E5E700004CBC00080149886070470000A2
:10792000BC000020002807D090F831104A0703D58A
:1079300001F0FB0180F83110704710B5040010D041
:1079400094F8310041070CD440F0040084F8310071
:107950002046FCF765FD2046BDE810400321FFF7F7
:1079600096BF10BD00280AD090F83110CA0706D182
:1079700041F0010180F831100321FFF788BF704703
:10798000401E80B240EA500040EA900040EA1010E9
:1079900040EA1020401C80B270470022AFF3008004
:1079A00030B5F0B1B1F5803F1BD279B104898BB20B
:1079B0001C44A4B29C4214D3057B2D0608D5426812
:1079C000511A00F1100291420BD304E0002030BDA7
:1079D0003AB14268511A4160418919444181048198
:1079E000F4E7012030BD00002DE9FC5F064690461B
:1079F0000C461046012A0AD0412808D04FF0000B4F
:107A0000B0F5C17F09D0B2F5207F50D138E00246F1
:107A1000002000F051F8054646E00025A9460F4633
:107A20000620FFF781FE04001CD0A6F2F45040426D
:107A300080B2B84200D938468246CDE9008BA11900
:107A400053463A462046103100F064F9B5B1C9F802
:107A50000040A7EB0A000704A1463F0C4FF00006C8
:107A6000DED121E000F06AFE124A0121117000F01F
:107A700067FEE5B1284600F0FEF818E02546E8E785
:107A8000311901F11000A14211D3A0420FD3FFF729
:107A900010FE05000BD0CDE9008BA91923461A462C
:107AA0002846103100F036F92846BDE8FC9F00203A
:107AB000FBE70000C80000202DE9FC410746154601
:107AC0000E460520FFF730FE04004FF0000008D0FE
:107AD000CDE9005033461A463946204600F01AF9DF
:107AE0002046BDE8FC8110B500280FD000290DD03C
:107AF00004E003890C892344038110460268002AAC
:107B0000F7D102890B891A440281016010BD10B5BA
:107B10000C46FFF7E8FF2046BDE8104000F02FB903
:107B2000002102E0491C006889B20028FAD1084609
:107B3000704770B514460A462189FFF755FF0500C6
:107B400004D0214600F004F8284670BD002070BD26
:107B500019B10A89002300F036B86FF00F007047A2
:107B60002DE9F047002716468946B846002805D07B
:107B7000B9F1000F01D0044620E00020BDE8F087F5
:107B80002BB16089984202D8181A83B215E0608937
:107B9000C01A85B2B54200D9354660682A46C11878
:107BA00009EB0700F8F733FB08EB05001FFA80F834
:107BB000781987B2701B86B2002324680EB1002C9E
:107BC000DED14046DAE72DE9F05F90460C0005462D
:107BD0001E464FF000076FF00F0A35D0218941454E
:107BE00032D38DB3298906EB080081422CD36FF084
:107BF000050B6889811B6089C01B814200D2084641
:107C00004146804500D20846814660684A46C1190F
:107C100068683044F8F7FBFAA8EB09001FFA80F80F
:107C200060894F444E44B84205D82468002714B9EF
:107C3000B8F1000F08D16889B04208D12D6800263C
:107C40002DB9B8F1000F02D05046BDE8F09F2CB11D
:107C500060892189884201D1206830B93DB16889A5
:107C60002989884203D1286808B15846EDE75FEAC0
:107C70000800BED1E9E770B504000AD0002500F085
:107C80005DFDA17B491ECEB2A67300F059FD16B171
:107C90001AE0002070BD207B266800F00F0002284B
:107CA00003D0012804D040B10AE02146062001E0BB
:107CB00021460520FFF70AFD02E02046FFF7F6FC0B
:107CC0006D1CEDB23400DAD1284670BD10B500F05D
:107CD00035FD094A0021117000F032FD07480068A7
:107CE00006E0416F19B1BDE8104001F039BAC06833
:107CF0000028F6D110BD0000C8000020F0000020D0
:107D00000122AFF30080002902DA494200F044B8B2
:107D1000FFF746BE70B50024DDE90456C0E9004116
:107D2000028143810573467301218173C47370BD61
:107D300070B502898A4221D9521A92B20D46044680
:107D400005E0281A85B22089801A2081246860897C
:107D5000A842F6D3207B000708D16089A84205D04D
:107D60006068001B41192046FFF7AEFC6581258144
:107D7000206808B1FFF77FFF0020206070BD10B5BC
:107D8000040008D000F0DAFCA17B491CA173BDE817
:107D9000104000F0D5BC10BD10B538B1B1F5803F32
:107DA00004D229B143898AB2934203D2012010BD83
:107DB000002010BD446821444160991A4181018925
:107DC000891A0181F4E7000010B51C4C207870B9C5
:107DD00004F1500003F08DFB207040B1217904F1D3
:107DE000500003F019FC10B915A0FBF705F96078F5
:107DF00020B91248583003F033FB6070A178207826
:107E0000814209D008B11AA200E01CA224211FA0BF
:107E1000FBF7F2F82078A070E178607881420CD00E
:107E200030B106485830017920A0FBF7E5F802E0B0
:107E300027A0FBF7E1F86078E07010BD300000206B
:107E40005B4932435D20545053353436443234411B
:107E50002064656661756C7420706F77657220634D
:107E60006F6D6D616E64206661696C65640D0A00FA
:107E70006465746563746564000000006E6F74204F
:107E80006465746563746564000000005B49324397
:107E90005D205450533534364432344120403078DC
:107EA000253032583A2025730D0A00005B493243D1
:107EB0005D20544D503130373520403078253032F8
:107EC000583A2064657465637465640D0A000000A7
:107ED0005B4932435D20544D5031303735204030BE
:107EE0007834382D307834463A206E6F74206465CB
:107EF0007465637465640D0A000000002DE9F041AB
:107F00000F4605461446022910D3D4211046F8F72F
:107F1000A5F92878207068780226411E607004292F
:107F200004D2522101EB4010B84202D90020BDE832
:107F3000F08100270AE004EB4710A9192022801CD9
:107F4000F8F765F920367F1CB6B2FFB26078B84208
:107F5000F1D8A81900F031F9361DB6B2C4F8840082
:107F6000A919202204F18800F8F751F92036B6B299
:107F7000A919202204F1A800F8F749F92036B6B271
:107F8000A81900F01AF9361D44F8C80FB6B2A8199E
:107F900000F013F9361D6060B0B2284400F00DF90E
:107FA000A0600120C3E730B510B10AB1082901D0A3
:107FB000002030BD00210B460C461B02055D43EA44
:107FC0001163641C45EA0121082CF6DBC2E90013A9
:107FD000012030BD042901D200207047018849BA30
:107FE0001180408840BA50800120704711B100785C
:107FF000012801D90020704710700120704713B587
:108000000B46012269460620FBF74CFF1CBDF0B56C
:108010000546A1B016460F460846F8F72AF984B27D
:10802000782C00D978248DF80050224639460DF17D
:108030000100F8F7ECF8641CA2B233466946FF2051
:10804000FBF730FF21B0F0BD3EB504460D46D4E944
:108050000023684603F052FD207A8DF808006189FC
:108060000DF1090003F03EFD207B8DF80B002B463F
:108070000C2269460420FBF715FF3EBD1CB5D0E974
:1080800000230C46684603F039FD23460822694662
:108090000920FBF707FF1CBD70B586B004460078C9
:1080A0000A9D8DF8000060788DF801006E46B01CC6
:1080B000616803F01BFDB01DA16803F017FD0948BE
:1080C00000684FF47A71A0FB01230DF10A0003F060
:1080D00015FD2B46122269460220FBF7E3FE06B08F
:1080E00070BD00003800002070B586B004460078EE
:1080F0008DF8000060788DF80100A0788DF80200FE
:10810000E0788DF803000E46A1886D4601A803F0C3
:10811000E9FCA81DA16803F0E9FC0DF10A00E16883
:1081200003F0E4FC218A0DF10E0003F0DBFC618A10
:1081300004A803F0D7FCA18A0DF1120003F0D2FCD1
:108140003346142269460720FBF7ACFE06B070BD2B
:108150002DE9F0410746002010801D4614460E46CA
:108160001880042911D3384600F027F8411E40F248
:10817000FC72914203D34FF6FF70208005E0001D92
:10818000208029802088B04202D90020BDE8F081FB
:108190003879FBE73EB501241923CDE90024029389
:1081A0000279006854000A4601232146F9F740FA93
:1081B00008B100203EBD01203EBD0188827849BA49
:1081C0000904C07841EA0221084370477FB514468C
:1081D0001925022303AA8DE82C00027900685500B6
:1081E0000A4601232946F9F723FA10B1002004B00A
:1081F00070BDBDF80C0020800120F8E72DE9F043A8
:10820000764C774FBFB0E088C0F5006189B2384442
:10821000FDF7A8FC002802DDE1880844E080E08842
:10822000002871D00025A846B9E0401B81B278191A
:10823000814603AB09AAFFF78BFFBDF82420064651
:10824000A2F57F40FF3818D0002E74D009F1050048
:108250008146092E13D0BDF80C30314661A0FAF7E3
:10826000CBFE012E1DD0052E34D0082E4DD0314628
:1082700066A0FAF7C1FE002683E06CA0A6E00AAA79
:10828000BDF80C10FFF78FFE002809D004A90AA83A
:10829000FFF7F4FE01007ED00DF11000FDF77CFC2D
:1082A00079E00AAABDF80C104846FFF727FE00281F
:1082B00071DD2B983CAB606193E80700CDE90010BD
:1082C00002929DF829209DF8281066482B9BFAF70A
:1082D00093FE60E001AABDF80C104846FFF77AFE55
:1082E000002858DDBDF80620BDF804105EA0FAF79E
:1082F00083FEE06800284ED0BDF80400F8F796F938
:108300006421FBF7E1F946E064E001AABDF80C1036
:108310004846FFF76BFE78B1207888B12F489DF86A
:108320000410503003F078F980B19DF804002071FA
:1083300080B156A10FE037E00AAA55A1202002E043
:108340000AAA59A12120FFF762FE0FE00AAA5CA148
:108350002220F8E762A163A0FAF74EFE00F0FCF8D5
:1083600000F0DCF90AA90820FFF749FE010012D04D
:108370000AA893E719F8061060A0FAF73DFE761CEC
:10838000B6B2BDF80C00102800D91020B042F1D8C8
:1083900033A0FAF731FEBDF82400284485B2E08806
:1083A000291D81427FF641AFE0885DB1401B020488
:1083B000120CE2800ED03FB07919BDE8F0430848B6
:1083C000F7F725BFB0F5006F04D14EA0FAF714FE01
:1083D000A4F806803FB0BDE8F08300003000002024
:1083E000E41600205B5443505D20747970653D3085
:1083F0007825303258206672616D653D25642070A5
:1084000061796C6F61643D25640D0A005B544350D3
:108410005D20556E6B6E6F776E20747970652030BD
:1084200078253032582C206865783A005B544350E8
:108430005D20496E76616C6964206672616D6520AD
:108440006C656E6774683B2064726F7070696E67EC
:108450002062756666657265642073747265616D0D
:108460000D0A000070BE00085B504152414D5D2076
:10847000667265713D2564204D487A20766F6C7474
:108480006167653D2564206D560D0A004F4E000062
:10849000696E76616C696420706F77657220636FB6
:1084A0006D6D616E640000005450533534364432B3
:1084B0003441206E6F742064657465637465640074
:1084C0005450533534364432344120706F776572DE
:1084D00020636F6D6D616E64206661696C65640018
:1084E0004F4646005B504F5745525D205450533520
:1084F0003436443234412025730D0A0020253032B1
:10850000580000005B5443505D20526563656976F6
:1085100065206672616D65206578636565647320AA
:108520006275666665723B2064726F7070696E6713
:108530002073747265616D0D0A0000000246002010
:1085400001464006030E02F0010018435208491C80
:108550000829F6DB704700002DE9F0434FF00008D2
:1085600087B04646ADF80080474618213548F7F7F2
:1085700075FE354D334C2878F0B101A905F1500056
:1085800002F0C8FF060010D0BDF80400A0800298D9
:10859000A0600398E060BDF810006082BDF8120092
:1085A000A0829DF81400E07006E02748503002F0E9
:1085B000A0FF08B985F80080DFF88C90687809F191
:1085C0005809B0B16946484602F062FF070003D07F
:1085D000BDF8000020820CE099F80400142341004B
:1085E00001221A48F8F760FF18B185F8018089F870
:1085F0000480287818B1217841F001012170697850
:1086000019B1227842F0020222701EB1227842F0A3
:10861000040222701FB1227842F0080222701EB1BB
:10862000227842F01002227010B1074850300079D1
:10863000607011B199F8040000E00020A07007B04C
:10864000BDE8F083E41E002030000020001600206A
:10865000C0F30A03C20A580501D5A3F50063D0068A
:1086600000D5203A03FB01F0002A01DB904070475F
:10867000524201219140002802DB00EB510001E051
:10868000A0EB510090FBF1F07047000030B5134BA8
:1086900099B004AC0FCB84E80F00114DD5E910015F
:1086A000CDE90401287B8DF8180008A904A8FFF77C
:1086B000CBFC04000FD004200221CDE9001002946D
:1086C000D5E910219DF8183006A0FAF795FC21464F
:1086D00008A8FDF761FA19B030BD000020BB000802
:1086E000300000205B48454C4C4F5D20626F61724A
:1086F000645F69643D30782530385825303858201B
:10870000617369633D25642066773D25642E256489
:10871000206C656E3D25640D0A00000000B589B02F
:1087200069460548FFF7E0FC010002D06846FDF706
:1087300033FA09B000BD0000E41E0020002070479D
:10874000704700002DE9F04700F026F8104E114C5C
:1087500005464FF00047307808B1FFF7B7FA2168B7
:10876000002912D048682A1ABA420ED20A6822603A
:10877000D1E9028960600420FEF7A8FFB8F1000289
:10878000E9D0484611468847E5E7BDE8F087000094
:10879000C8000020CC000020F8F7AABD70B515462F
:1087A0000E460446FFF7F8FF20442A463146BDE84E
:1087B000704000F001B8000070B5044615460E4642
:1087C0000420FEF7B1FF00280ED00021C5600D4A3D
:1087D00080E85200116831B14B68E51A4FF0004350
:1087E0009D420AD30160106070BD5568651B9D42B3
:1087F00002D30260086070BD11460A68002AF8D0F2
:10880000F3E70000CC00002070B5074D012400BF45
:1088100005EBC40255F834000449FFF7BFFF641CA0
:10882000042CF5D370BD0000D8BB00089D6B000878
:108830002DE9FE4F040060D0207D0A283CD00025A1
:10884000DFF8BC80D4F850B0D4F824A0D4F810904D
:10885000D4F890602F4670B30D46E78A214608F1A0
:10886000180001F080FA012188F80010206F08B18B
:1088700002F024F9E06E08B102F020F9606F08B14F
:1088800002F01CF955B1208B211DCDE900172346BC
:10889000029052465946184602F0A6F8204600F0CB
:1088A0002BFC002E29D003B04846B446BDE8F04F5B
:1088B0006FF00C01604709E0114821461C3001F0BF
:1088C00052FA2046BDE8FE4F00F016BCE08A0028B0
:1088D000CCD0D8F81000A0420AD1C068C8F8100067
:1088E00008E0C168A14202D1E168C16002E0084627
:1088F0000028F6D10020E060B8E7BDE8FE8F000058
:10890000D80000200121FFF793BF00002DE9F041BE
:1089100006460120FEF708FF454D04005BD1A8691B
:1089200009E0418BC4680A0704D521F0080141839E
:1089300000F060FA20460028F3D100221146EC68CE
:10894000E86906E0036AE31A934201D31A46014636
:10895000C0680028F6D111B10846FFF7D3FF012007
:10896000FEF7E2FE040036D1092000F041FE0120AE
:10897000FEF7DAFE04002ED1082000F039FE0120B7
:10898000FEF7D2FE040026D17F2E01D97F2001E020
:1089900030001BD0401EC2B200231946EC68A86903
:1089A0000EE0477D974206D309D1D0F820C0A4EB52
:1089B0000C0C9C4503D3016A3A46631A0146C06811
:1089C0000028EED111B10846FFF79CFF0120FEF709
:1089D000ABFE040029D0A421F7F740FC667541F2F4
:1089E000D060A4F86400608520854021E1724FF4D6
:1089F000067161860621A4F84010E187C91F21860F
:108A00000121A4F84810E9682162A978A177A4F8A7
:108A10004A000848C4F884000748C4F8940007488E
:108A2000C4F898000920C4F89C002046BDE8F081F5
:108A3000D80000201BA8000800DD6D00F82401000C
:108A40002DE9F0410D0004464FF0040300D11E4D06
:108A50002CB1207D30B16FF00500BDE8F0816FF0E2
:108A60000F00FAE732B1194E002100BF56F821007D
:108A7000006817E000F098FE020018D1801EECE7B5
:108A8000C78A97420DD148B107683FB135B1D5F8D3
:108A900000C0BCF1000F01D0674502D16FF00700A4
:108AA000DBE7C0680028EBD1491C9942DEDB15B139
:108AB000286800B120600648E2820169E160046133
:108AC00002F038FA0020C8E74CBC00083CBC0008A3
:108AD000D80000207CB51E4D16000C4608D011466B
:108AE0001CA0FAF789FA0020A860E86030467CBD37
:108AF0000120A860608B40F04000608314482A8801
:108B00002030C178CDE9001283784278017818A02E
:108B1000FAF772FA1F49204601F07AFE1E492046F4
:108B200000F0AFFA02221D49204601F044F9607AB4
:108B300040F00800607242F21070C4F894004FF4E4
:108B4000FA60C4F898000320C4F89C00CEE7000047
:108B5000080000205B5443505D20436F6E6E6563D8
:108B600074206661696C65643A2025640D0A000012
:108B70005B5443505D20436F6E6E65637465642083
:108B8000746F2025642E25642E25642E25643A25D5
:108B9000640D0A00DD8B0008A18B0008D98B00084A
:108BA00010B504A0FAF728FA0A4800218160C160D4
:108BB00010BD00005B5443505D204552522063615C
:108BC0006C6C6261636B3A206572723D25640D0ABC
:108BD0000000000008000020002070472DE9FF5F22
:108BE000274C16464FF0000B4BB946B1B6F808A01B
:108BF000A788DFF890C0154600206B6831E022A0FE
:108C0000FAF7FAF9C4F808B0E0685D4638B101989F
:108C100000F05CF810B10198FFF774FEE5600020E9
:108C200004B0BDE8F09F628802F10109C9F30B01AD
:108C3000B9420FD11BA0FAF7DFF93046FFF71BF856
:108C4000C4F808B0C4F80CB00198FFF75BFE6FF0F1
:108C50000C00E5E713F800800CF80280401C6180EE
:108C600080B269898142DED82D68002DC4D1514679
:108C7000019801F0E8FD3046FEF7FDFFCFE7000068
:108C800008000020B80500205B5443505D20436F6E
:108C90006E6E656374696F6E20636C6F7365640DCF
:108CA0000A0000005B5443505D2052582072696EE8
:108CB00067206F766572666C6F773B207265636FB5
:108CC0006E6E656374696E670D0A000048B1017DC0
:108CD000012903D0418B41F010014183012100F0B3
:108CE00003B86FF00F007047FEB504460127007D02
:108CF0003D4D002681B3042801D0072831D1A16F52
:108D000021B9218DA1F5B052D03A2AD0228BE18A27
:108D1000201D8DE8070023461846626A216D01F088
:108D200063FE204600F0FCFFA869A04209D1C0689C
:108D3000A86108E0C168A14202D1E168C16002E017
:108D400008460028F6D12948E6602F700068A04246
:108D500003D102F04DF93DE003E0204600F0CCF9EC
:108D600038E040B101281AD0022835D02046BDE8AD
:108D7000FE4000F03FB8E08A0028EED02869A0420B
:108D800009D1C068286108E0C168A14202D1E16848
:108D9000C16002E008460028F6D1E660DDE7144B2A
:108DA000012100BF53F821002246006804E0C56F8E
:108DB000954200D1C667C0680028F8D1491C042933
:108DC000F0D309481146143000F0CDFF21460220AF
:108DD000FEF77CFC0020FEBD03482146183000F061
:108DE000C2FF2F70B9E70000D80000201801002052
:108DF0003CBC000870B50546007D0526032804D05C
:108E0000042802D0072816D106E0284601F082FE89
:108E1000040006D12E7509E0284601F07BFE04000F
:108E200002D0601C09D004E009202875284600F013
:108E30002DFD204670BD002070BD688B40F00800FD
:108E40006883F8E72DE9F04704001E466FF00F0035
:108E500005D0002903D0207D18B16FF00900BDE8CE
:108E6000F087086860602283207A10B1FEF7FAFC70
:108E700002E0201DFDF724FD05006FF003010BD07B
:108E8000206818B9281D07D000682060B4F8168043
:108E9000B8F1000F02D005E00846E0E700F084FCDE
:108EA000E08238B3204600F0AFFC4FF00009C4F870
:108EB00024902065401E6064A065E06541F2D060AA
:108EC00060852085C4F82C90A4F860004FF40670EB
:108ED0006086221D294600F081F860860127A4F8EB
:108EE000487002212046C4F8886000F086F8060029
:108EF00003D022E06FF00100B1E70220104D207591
:108F0000B8F1000F10D02869A04209D1C0682861CB
:108F100008E0C168A14202D1E168C16002E00846F0
:108F20000028F6D1C4F80C90A869E060AC6102F0AA
:108F300001F82F70204600F0A9FC30468FE70000B2
:108F4000D80000202DE9F0470746DDF820809A463A
:108F500091460D465FEAC87001D0042600E0002665
:108F60000320FEF7E1FB040013D084F80A804FF0E1
:108F70000008C4E9008528891421801B2081284627
:108F8000FEF70BFD48B1204601F08AFD0020BDE848
:108F9000F0872846FEF76FFEF8E760684068E060FB
:108FA000F88AFDF71BFEE1680880388BFDF716FE96
:108FB000E16848805046FDF70FFEE1684860B00860
:108FC000000300F5A04040EA0900FDF707FEE16854
:108FD0008881E1682046A1F81280D8E700290BD0EB
:108FE000098D002908D0282902D928398AB200E041
:108FF0000022904200D310467047F8B5044600277F
:109000000D46880700D50127F80701D0042100E0AC
:1090100000214FF420723820FEF7E6FC01004FF0EB
:10902000FF360AD000972A462046E36DFFF78AFFF5
:10903000010002D0E06E30B108E0608B40F08000AB
:1090400060833046F8BDE16604E010460268002AFD
:10905000FBD101600020A4F86800A80702D0E06DF1
:10906000401CE065E80703D0608B40F0200060837F
:109070004868FEF755FD34F8661F0844208000203C
:10908000F8BD002801D0C0F89010704770B5194D98
:10909000A878401CA870AC6928E0A17FA87881421C
:1090A00023D0A077608BC10709D040F00200608315
:1090B000204600F0EBFB608B20F00300608380B261
:1090C000010705D520F0080060832046FFF792FED7
:1090D000E668A06F38B100202870204601F032F811
:1090E00028780028D7D1344600E0E468002CD4D199
:1090F00070BD0000D800002001460120FEF7E6BA4E
:109100002DE9F0410C460746144E10E02546D5E9FE
:109110000040FEF705FDB7F86610081AA7F86600CC
:109120002889318908443081284601F0B9FC8CB186
:10913000E0684068FDF750FD0546E0688089FDF76E
:109140004DFD800700D00120218928440844B169E1
:10915000081ADBD52046BDE8F0810000F8000020A9
:1091600010B50446406F002803D001F0A7FC002092
:10917000606710BD0849C888421CCA800A6912B1DC
:109180008B88984203D2C9681431085C7047C01AB2
:10919000C0B2105C70470000F800002010B5F8F76E
:1091A000A7F80349C0F30D0000F54040888010BDCA
:1091B000D80000202DE9FF5FEA4E05464068F060C8
:1091C000688914287ED3DFF8A093D9F80010D9F865
:1091D0001400FDF708FA002874D199F81400C0F3C0
:1091E00003100E286ED009F1140003900090031FA5
:1091F0002A89062128460193FDF792FB0028EBD12E
:10920000F0688089FDF7EAFC000B81001429D9D3AE
:1092100028898842D6D3A1F1140080B270804FF023
:10922000000AC6F810A06A898A4204D3B080284692
:10923000FEF7B2FD17E014212846FEF7ADFD69895F
:10924000B1807088401A84B22846FEF7A5FD2868D0
:109250004189A142B6D3416831612146FEF79CFDA8
:109260002889001B2881F0680088FDF7B7FC0146BB
:10927000F06801804088FDF7B1FC0146F06841804C
:109280004068FDF7A9FC0146F068416071618068A3
:10929000FDF7A2FC0146F0688160B161C089FDF76D
:1092A0009DFC0146F068C1818089FDF797FC00F0C4
:1092B0003F00307029897181820706D04A1C92B222
:1092C000728100E07DE091427BD8DFF8A082D9F87E
:1092D00010E0D9F804B0D8F80030F168D9F814706B
:1092E00000221C4600974BE0277A3FB19BF834C020
:1092F0000CF1010C0CF0FF0C67453FD1278BB1F846
:1093000000C067453AD1E78AB1F802C0674535D158
:10931000D4F804C0F44531D1D4F800C0009FBC4556
:109320002CD122B1E768D760E360C8F800404CB3A5
:10933000DFF83C9257460007C9F800A02B89A9F82E
:109340000830C9F80450C9F80C10C6F81CA086F8FB
:1093500001A0A6F808A003D5687B40F0010068735F
:10936000A06F78B3204600F0EDFE0D3003D0A06F63
:1093700040B3708930B3608DF0B3CAE02246E46830
:10938000002CB1D17B48D9E904280068D9F8044001
:109390001AE0037A2BB194F834707F1CFFB2BB4201
:1093A00011D1038B0F88BB420DD1C38A4F88BB42BA
:1093B00009D14368934206D10368434503D101F0C4
:1093C000D3FDC8E031E0C0680028E2D16A4F002236
:1093D000B2463868034618E0067A3EB194F834C0C5
:1093E0000CF1010C0CF0FF0C66450CD1C68AB1F8EB
:1093F00002C0664507D100E013E00668464507D085
:10940000002804D02EB10246C0680028E4D18CE0C8
:10941000F0B31AB1C168D160C360386000F006F9DA
:1094200099E0204601F053FB73E02046346200F0DF
:10943000C9FC0D306DD07078354600070ED5D4F8D4
:1094400090201AB16FF00D012069904721464748DE
:1094500000F089FC2046FFF74FFE5AE02A8942B10E
:10946000D4F8803023B12146206998470D3050D080
:109470002F81204600F082F8F0BBE86910B3A17E8E
:10948000C90606D5FEF7F7FB2046FFF73BFA40E09A
:109490004BE0D4F884C0BCF1000F07D0D4F81080A2
:1094A0000246002321464046E04705E000230246ED
:1094B0002146184601F0B1F910F10D0F29D008B17D
:1094C000E869A067687880061BD5A06F20B1417B52
:1094D00041F02001417314E0208DA0F5B051D03946
:1094E00001D0401C2085D4F884C0BCF1000F08D006
:1094F00000231A46214600E00BE02069E0470D30CA
:1095000007D020462F6200F039F810B9204600F04D
:10951000BDF93762F761D9F804004C46002802D043
:10952000FEF7A9FB6760BDE8FF9F54468889FDF7F9
:1095300055FB40070FD4E068039B018842880198DF
:10954000CDE900020291618960694218D9F80400EE
:10955000A16901F07AFA04B02846BDE8F05FFEF791
:109560008ABB0000F80000205C550020F0000020BD
:109570004C550020F4000020EC00002010B50446FB
:109580000C484078C00612D5A07EC00606D4D4F898
:1095900090201AB16FF00E012069904721460648CD
:1095A00000F0E1FB2046FFF7A7FD012010BD0020E1
:1095B00010BD0000F8000020F000002070B5044647
:1095C000006D0025401EFDF707FB034600222946DB
:1095D000204600F057FA010006D02246231DBDE8C0
:1095E0007040104600F098BA4FF0FF3070BD000098
:1095F00030B40D4B044600210846DD689A6909E045
:10960000137DA34205D1136AEB1A8B4201D319468D
:109610001046D268002AF3D1002803D030BC0021C4
:10962000FFF706B930BC7047D8000020FEB53D4DAD
:1096300006462878410713D43B4FC10611D5E86888
:1096400007F1100207F11403018840880092CDE968
:1096500001016989686942187868A96901F0F5F91A
:10966000FEBD8007FCD5707DFFF750F9040048D09F
:109670007869206038696060F08AE082E868008874
:109680002083032020756869401C6062E0622046E8
:1096900000F0BAF8A06520656064E0656869401E66
:1096A00060653069E6672061707A00F00C006072D6
:1096B000307A20721D480168E160046001F03AFCD4
:1096C0001B4901200870204600F0CAFAE868C089EA
:1096D000A4F86000A4F86200201DFDF7F1F801462F
:1096E000608E221DFFF77AFC608612212046FFF76C
:1096F00084FC88B103B02046BDE8F0400021FFF7AC
:1097000097B8B369002BABD0306903B04FF0FF328C
:10971000BDE8F040002118472046BDE8FE4000F0BB
:10972000B5B80000F80000205C550020F0000020D3
:10973000D800002070B50D4604001DD02068002818
:109740001AD00E4E2046B16900F01AF82046316951
:1097500000F016F8002D0FD0286800280CD006F174
:109760001400026806E010682168884201D1286868
:109770001060D268002AF6D170BD0000D800002029
:1097800070B50546084609E001682A68914204D18F
:10979000C468FFF7B7F8204600E0C0680028F3D19E
:1097A00070BD4020FFF7B2B8F0B5154D154A002343
:1097B0004FF6FF764FF440474FF4804E9088401CA0
:1097C00080B29080B04200D19780B2F8044000206F
:1097D00055F8201009680AE0B1F816C0A44505D173
:1097E0005B1C9BB27345E9D30020F0BDC96800291A
:1097F000F2D1401CC0B20428EAD3A0B2F0BD0000F0
:109800003CBC0008D80000200249D1E90202104403
:1098100088607047D800002070B50546C0680C46C7
:109820008089FDF7DBF9184EC00715D0204601F0FE
:1098300045F9002425E08089FDF7D0F9C00707D05D
:109840000120FDF7CBF90146E86882891143818147
:109850002046246801F024F99CB1E06822897369EC
:10986000416811442A891A44511AE4D52A8940686A
:109870001A44821A05D5C01A81B229816868FEF798
:1098800057FA2C6070BD0000F80000202DE9F05F51
:1098900004467B480068A04202D10020BDE8F09F4A
:1098A000B4F86010B4F84800814200D20846E56E72
:1098B00081466DB12146221D084601F08DF85FEA10
:1098C000000A6FF003012ED054B1206840B10CE0C3
:1098D000A07E80077ED52046BDE8F05F01F0F7B896
:1098E0001AF104001FD000682060E8684068FDF7A6
:1098F00073F9616C401A2989421800204A4514D92D
:10990000B4F860204A45E3D1216F0029E0D194F8F2
:10991000A1100029DCD184F8A000012184F8A11055
:1099200084F8A200D4E70846B8E784F8A100266FBF
:1099300083460EB990E0064630680028FBD18AE0E5
:10994000E8688089FDF74AF9206FA8B1618B11F0B2
:10995000440F11D1E06E28B102686AB90089628EA5
:10996000904209D2B4F8640030B1B4F8660010280F
:1099700002D211F0A00F7AD0207D022807D010204B
:10998000FDF72CF90146E86882891143818152462E
:109990002146284600F0FEF820B1618B41F080019D
:1099A00061837BE72868E066207D022803D0608B16
:1099B00020F003006083E8684068FDF70DF9074672
:1099C000E8688089FDF70AF9800700D00120384453
:1099D000298900E04FE00844216D091A00D520656F
:1099E000E8688089FDF7FAF8800700D0012029890E
:1099F000C8422CD0C5F800B0206F68B1E868406854
:109A0000FDF7EAF80746F0684068FDF7E5F8381A10
:109A10001AD504F1700003E0256716E0D8F80000BD
:109A20008046006850B1C0684068FDF7D5F8074629
:109A3000E8684068FDF7D0F8381AEFD4D8F800008D
:109A40002860C8F8005005E035602E4602E0284640
:109A500001F026F8E56E55B1E8684068FDF7BCF8FE
:109A6000616C401A2989014449457FF669AFE06E6F
:109A700008B9A4F868B0608B20F0800060830CE720
:109A8000180100202DE9FF410446478D058BC08A4F
:109A900010268DE8E100606A00F009F8002803D084
:109AA000628D616A1144E16204B0BDE8F0812DE984
:109AB000F05F834688180E46DDE90B98143081B2BA
:109AC0001F464FF420722420DDF828A0FDF78CFFFC
:109AD00005001ED050466C68FDF780F8208048468F
:109AE000FDF77CF8608067605846FDF775F8A06068
:109AF000B008000300F5A04080B240EA0800FDF77E
:109B00006DF8A0810D98FDF769F8E08100202082B2
:109B100060822846BDE8F09FF8B515460E461C4603
:109B200007461A46294600F057FF38B100902346F1
:109B30002A463146384600F007F8F8BD3046FEF7B1
:109B40009AF86FF00300F8BD2DE9FE434F68DDF889
:109B50002880914600930D461E4604460A894B46CE
:109B600006212846FCF7DCFE388214B1E37AA07A9D
:109B700001E04023002006228DE8050132464946D7
:109B80002846FCF725FE04462846FEF774F82046D2
:109B9000BDE8FE83FEB516460C46054600F058F8B3
:109BA00008B10020FEBD606AFDF716F8E96888601C
:109BB000608DFDF713F8E968C881618D606A08441B
:109BC000E062EF68A87A1437C0070AD0221D314638
:109BD00040F2B450FFF702FA40F00170FCF7FCFFCE
:109BE0003860B4F930000027002800DA2786606B5F
:109BF00038B9164800686063E8684068FCF7ECFF15
:109C0000A0636968A88923468A88801A4A89121A3B
:109C10004A8169680A89101A08816968E868486099
:109C2000E86806210782201D009068680289FCF719
:109C300077FEE968221D0882A07A06218DE843009C
:109C4000E37A21466868FCF7C3FDFEBDE40000200E
:109C50004068807B012801D00120704700207047B8
:109C60002DE9F0411A4C06466088002818D00020E3
:109C7000E08040F2B4550FE0FFF77CFA00280FD0E7
:109C8000012809D002280DD0FFF774FA022807D363
:109C9000E1880844801EE080E08861888842EBD338
:109CA000BDE8F081FFF766FA0428F9D1E088618801
:109CB000801C8842F4D8FFF75DFA0702FFF75AFAD2
:109CC0003843A84200D800B928467086E4E700006F
:109CD000F80000202DE9F0411D46DDE90637089E19
:109CE0000C4691420FD2BF0707D49F7E7F060AD44D
:109CF0001EB1DE6E0EB91B6F2BB104F2B4518A4255
:109D000000D2114689B24FF42072FDF76DFE002893
:109D100004D04189091B298004814481BDE8F08178
:109D200070B504001ED0207D00281BD00A2819D051
:109D3000012817D0A06F002510B1FDF79CFFA56783
:109D4000606F10B12046FFF70BFA4FF0FF3020860E
:109D5000E06E00F0B3FE206F00F0B0FEE566256710
:109D6000A4F8685070BD70B50C4601460068A0426A
:109D700009D1C068086008E0C168A14202D1E16869
:109D8000C16002E008460028F6D100252046E560C3
:109D9000FFF7C6FF207D0A280AD0012808D0608B73
:109DA000C10705D040F0020060832046FFF76EFD3A
:109DB0002575E58270BD002802D0C0F88C1042776E
:109DC000704700002DE9FE4FD84D04462878410722
:109DD00021D5207D02280ED0616A686981420ED0AB
:109DE000421A07D4228D1144081AFAD4608B40F02D
:109DF0000200608397E1206DA9698842FAD16878F2
:109E000040F008006870608B20F0010060836FF004
:109E10000D00BDE8FE8F800704D5207D022801D00B
:109E20000328E3D1A07EC00602D4C14800682062A6
:109E30004FF0000A84F8A3A084F8A2A02046FFF700
:109E40000FFF2A78900704D5207D022801D003282F
:109E5000D0D1B84B94F814C003F110000421DFF8FE
:109E6000D8B2B64FB64E1433ACF1020C4FF0010924
:109E7000BCF1080FBED2DFE80CF00473CBCFF5CBFA
:109E8000F4F3D606B6D5920754D5626CAE69521C6F
:109E9000B2424FD16869421C62626664E262EA685B
:109EA000401ED289A4F86020A4F862206065217564
:109EB000201DFCF705FD0146608E221DFFF78EF880
:109EC00041F21C116086B1EB400F01D2420000E06C
:109ED0000A46B2EB800F01D9810003E0B1EB400FDD
:109EE00000D24100A4F84810B4F86600401EA4F85F
:109EF0006600206FB0B10168C4F8701000F0D0FDAA
:109F0000206F98B1A4F830A084F842A0D4F888302B
:109F1000002B3FF46BAF00222146206998470D309B
:109F200042D063E7E06E0168E166E7E74FF0FF309B
:109F30002086EBE7E9680A8849888DE80700698987
:109F4000686942182046A96900F04EFD94F8420065
:109F500006288FD2A4F830A0204600F0F5FCE2E0FD
:109F6000960708D5606A6969401E884202D120467A
:109F700000F089FCD7E0D20649D5626CAE69B21A0E
:109F8000012A38D4226D921B35D42175E06F40B17F
:109F9000836933B1002221462069984738B10D30DA
:109FA00002D02046FEF7AEFC6FF00C0031E72046F1
:109FB00000F004F9288908B1401E2881618E41F221
:109FC0001C10B0EB410F01D24A0000E00246B2EB98
:109FD000810F01D9880003E0B0EB410F00D24800A7
:109FE000A4F848006878800611D5608B40F0020024
:109FF000608307204AE0E9680A8849888DE80700FD
:10A000006989686942183146204600F0EDFC8AE013
:10A01000204600F0D3F8E5E7204600F0CFF8687856
:10A02000800628784FEAC06027D5002805DA206D21
:10A03000A969884201D1E06E28B1608B40F002002E
:10A040006083082022E0608B40F00200608320469D
:10A05000FFF766FE3068A0420CD1C068306048E06F
:10A0600051E02DE014E0C168A14202D1E168C16075
:10A070003FE008460028F6D13BE0002853DA206D87
:10A08000A96988424FD1E06EE0BB062020754AE006
:10A09000204600F093F86878800644D5608B40F045
:10A0A000020060832046FFF73BFE3068A042D4D018
:10A0B00003E0C168A142D9D008460028F9D118E0D0
:10A0C000204600F07BF82878C0062CD5206DA969C1
:10A0D000884228D1E06EA8B92046FFF721FE3068FB
:10A0E000A042BAD003E0C168A142BFD00846002810
:10A0F000F9D18BF800900A2020753868E0603C6048
:10A1000000F018FF0FE0204600F058F82878C0064D
:10A1100009D5206DA969884205D1E06E18B9687823
:10A1200040F010006870002073E60000F800002086
:10A13000E40000205C550020D8000020F40000203E
:10A14000F00000202DE9F04104000CD0A56F0020A4
:10A150006E7BA067D4F884704FB100232A46214655
:10A160002069B84709E06FF00F00BDE8F0810023D7
:10A170002A462146184600F050FB6FF00C0728B124
:10A180000D3018D06FF00400A567EEE7B00610D5CB
:10A19000208DA0F5B051D03901D0401C2085D4F8D5
:10A1A000845035B100231A4621462069A8470D3056
:10A1B00001D00020D9E73846D7E700002DE9F04765
:10A1C000F74D04464FF000062878C0067ED5284695
:10A1D000B4F860C0A36D676D6A69C16880690CEBF3
:10A1E0000309B7EB020808D4974201D11F1A04D41F
:10A1F00083420DD1CB8963450AD9C989A4F860107F
:10A20000B4F862308B4201D2A4F86210C4E9152080
:10A21000626C4FF6FF71131A2CD46B89002B28D176
:10A22000B4F86070A36D1F444F4522D1B4F93030AB
:10A23000002B1EDB82421CD194F84300421CD2B298
:10A24000824201D984F8432094F8430003280CD9B2
:10A25000B4F84800628E024492B2824202D3A4F85B
:10A26000482003E0A4F8481000E002D3204600F0A4
:10A270003DFB8AE0821A012A76D4236D1B1A73D41F
:10A28000678B7B0708D527F004036383B4F84A3053
:10A29000A4F84830A4F86A6084F84260E38FB4F907
:10A2A0003C7092B203EBE703A4F8403084F84360BB
:10A2B0006064207D042831D3B4F84800B4F84A30F3
:10A2C000984217D2638B1B0503D500E07DE0012384
:10A2D00000E00223678E5F43BBB2934200D81A4668
:10A2E000024492B2824202D3A4F8482016E0A4F8B5
:10A2F000481013E0B4F86A301A4492B29A4202D37A
:10A30000A4F86A2001E0A4F86A10B4F86A20824236
:10A3100004D3121AA4F86A20628EE1E7D4E91B3153
:10A32000A0A22046FEF7ECFE206703469FA220462F
:10A33000E16EFEF7E5FEE066216F19B1268626770D
:10A3400020B105E04FF0FF322286F8E7A4F86860FC
:10A35000B4F864202B891A44A4F86420628B120597
:10A3600013D511B1C86802E00CE030B1C068406894
:10A37000FCF732FCE16C401A07D4608B20F40060DB
:10A38000608302E0204600F0A2FB606BE8B1A16BA5
:10A39000AA69891A19D587490988081AB4F93C109D
:10A3A000A0EBE10000B2014409B2A187002801DA64
:10A3B000404200B2B4F93E20A0EBA2001044E08776
:10A3C00000EBE100A4F8400066636B89002B7DD0B0
:10A3D000207D07287AD2606A6A69774F811A01293D
:10A3E0001ED413441B1A012B1AD43A8989B27868F7
:10A3F000521A3A810289521A92B204E002814681CD
:10A40000C91A006889B243898B42F7D3FDF7C4FCAF
:10A41000606A6861F9684860616A401A07D5E2E1DC
:10A42000101A04D5608B40F002006083DBE1208DC0
:10A43000616A0A186869121A012AF0D4A846814292
:10A4400073D1F8688089FCF7C9FB800701D001212E
:10A4500000E000213889B946084480B2A8F80A0013
:10A46000218D4546814230D2D9F80C004F46808973
:10A47000FCF7B4FBC0070FD0F8688089FCF7AEFB8F
:10A48000C0F344004000FCF7A9FB0146F86882894C
:10A4900022F47C5211438181208D3881F8688089B3
:10A4A000FCF79CFB800702D53889401E388139892A
:10A4B0007868FDF73DFCF8688089FCF78FFB800722
:10A4C00000D0012039890844688100E090E1606F84
:10A4D00060B3D9F80C008089FCF780FBC00704D179
:10A4E00007E00168616700F0DBFA606F0028F8D1CF
:10A4F0006BE0676F24E08089FCF770FBC0071BD01E
:10A50000D9F80C008089FCF769FB800714D401207E
:10A51000FCF764FBD9F80C108A8910438881FCF79A
:10A520005DFB800703D0012102E0BAE04DE000218D
:10A53000B9F808000844688138463F6800F0B0FA6E
:10A540006FB3F86839896B89426811446A691A44A3
:10A55000511AD0D5696940689AB20A44821A33D533
:10A56000411AA9F80810D9F80C00A8468089FCF710
:10A5700035FB800704D5B9F80810491EA9F8081062
:10A58000B9F80810D9F80400FDF7D2FBD9F80C008F
:10A590008089FCF723FB800710D001210FE013E036
:10A5A000F8000020756E61636B656400756E7365FD
:10A5B0006E740000E40000204C5500200021B9F822
:10A5C00008000844A8F80A006767688969690144B7
:10A5D0006162218D081A2085204600F011FDD9F80E
:10A5E000041048460A890AB1E9614660D9F80C00AE
:10A5F0008089FCF7F3FAC00741D0687840F020006A
:10A6000068703CE06A618889FCF7E8FA800700D04E
:10A6100001203A89616A114408446062F8688089BF
:10A62000FCF7DCFAF8688089FCF7D8FA800700D0DC
:10A63000012039890844218D081A2085204600F020
:10A64000DFFC7968088930B1E86910B1FDF74BFA91
:10A6500000E0E9617E60F8688089FCF7BFFAC00716
:10A6600008D0687840F020006870207D042801D16F
:10A670000720207538686067384600F011FA676F68
:10A6800027B1F968606A4A688242BBD0608BC10713
:10A6900002D020F00100B6E040F001006083BDE888
:10A6A000F087656F95B10026E9684968814212D14B
:10A6B0003889298988422FD9286868B3534800F01F
:10A6C000DBF948B37EB33060294623E04F4800F001
:10A6D000D3F9606787E006B3F2685268821A012AEC
:10A6E00023D40A1A012A20D4484800F0C5F90700EB
:10A6F00079D0F068416830890A18D8F81400821AB5
:10A7000005D5401A81B231817068FDF711FB2946E9
:10A7100038463760FFF780F865E0421A05D53B48B8
:10A7200000F0AAF9E8B36067CEE72A682E46CABBF4
:10A73000091A55D5E8688089FCF750FAC00752D14C
:10A74000324800F099F9286058B3E86829894646EC
:10A7500040684218D8F814108A1A05D5081A81B230
:10A7600029816868FDF7E4FA218D606A72690844FE
:10A7700071891144401A36D52868C0688089FCF771
:10A780002DFAC00713D02868C0688089FCF726FA24
:10A79000C0F344004000FCF721FA2968C9688A899F
:10A7A00001E020E01CE022F47C5210438881A08C60
:10A7B000218D0844B18A401A81B228680181286835
:10A7C0004068FDF7B5FA2868C0688089FCF706FA8A
:10A7D000800700D00120296809890844708102E0BF
:10A7E00015007FF461AF2046BDE8F04700F06FB977
:10A7F000616A6869421A05D4228D1144081A012839
:10A800007FF54DAF608B40F0020047E74C550020CC
:10A81000002801D0C0F88410704710B51446080015
:10A8200007D04CB1218900F00EF82046FDF723FA3D
:10A8300003E06FF00F0010BD0BB1002010BDBDE8AC
:10A840001040FEF743BA10B504001BD0228D5018FB
:10A8500080B241F2D061884201D8824201D921857B
:10A8600000E02085204600F0CBFB40F2B451884246
:10A8700008D3608B40F0020060832046BDE81040A2
:10A88000FFF704B810BD2DE9F041056F04466FF0E5
:10A8900005061DB12846FFF7DBF910B13046BDE8CB
:10A8A000F081286804F16C06206700E036683068A3
:10A8B00050B1C0684068FCF78FF90746E868406807
:10A8C000FCF78AF9381AF1D43068286035602868B6
:10A8D000002108B9A4F8681094F84200FF2802D2B9
:10A8E000401C84F8420000206163D8E710B504469C
:10A8F000006F002827D0A07E400724D42046FFF711
:10A90000C2FF00281FD1B4F84810B4F8600081429B
:10A9100000D208464108A4F84A10608EB1EB400FFF
:10A9200005D24FF6FF7101EA4001A4F84A1089B23E
:10A9300000EB40000844A4F84800608B40F004009D
:10A9400060830020208610BD10B5044600F011F889
:10A95000002804D12046BDE8104000F001B810BD29
:10A9600090F84210FF2902D2491C80F84210FEF7ED
:10A970008DBF2DE9F041056F04466FF005065DB10E
:10A9800003E0FFF765F938B92D68286800282846E4
:10A99000F7D1FFF75DF910B13046BDE8F081E06E08
:10A9A00028600026206FC4E91B06608B40F400601D
:10A9B0006083E8684068FCF70FF90746E86880891B
:10A9C000FCF70CF9800700D001202989384408449D
:10A9D0006663E0640020E0E718B1007A08B1FCF794
:10A9E00041BF1046FBF76CBFFEB51D460646DDE9CC
:10A9F0000930089C0094CDE901302B46304600F028
:10AA00000BF8010007D003B023462A463046BDE8C4
:10AA1000F040FFF781B8FEBD2DE9FF411546DDE9A5
:10AA20000B78084600244DF21606FCF7D5F81421E1
:10AA3000CDE90216CDE900780346002221462846DA
:10AA4000FFF735F804B0BDE8F081FEB51E460400FE
:10AA5000DDE90930089D0ED00095CDE9013033467F
:10AA60000020FFF7D9FF010005D02B463246002019
:10AA70000094FFF769F8FEBD70B505460320FCF7AA
:10AA800053FE04000AD004CD95E80B0004C484E80A
:10AA90000B00241FFDF773F9204670BD002070BD28
:10AAA00010B5040009D0606808B1FDF7E4F821464C
:10AAB000BDE810400320FCF709BE10BD10B503E04F
:10AAC0000468FFF7EDFF20460028F9D110BD70B5EE
:10AAD00004460025006DFCF77FF803460022294656
:10AAE0002046FEF7CFFF010009D02246231D104665
:10AAF000FFF712F8618B48B141F0030108E0608B69
:10AB000040F0030060836FF0010070BD21F003018D
:10AB1000618370BD70B5C46E05460CB909E004468A
:10AB200020680028FBD1E0688089FCF757F84007CF
:10AB300005D02846BDE870400121FEF75EBA01202D
:10AB4000FCF74CF8E1688A8910438881688B40F0F3
:10AB500020006883002070BD2DE9FE4FAC4D47F604
:10AB6000FF7B4FF4FA78E8684FF00009401CE8607A
:10AB7000A878401CA8700027AC692BE1A17FA878B9
:10AB8000814202D12746E46824E1A0770026207D97
:10AB9000B246022805D194F84200062801D30126C6
:10ABA00088E094F842000C2806D294F8A10058B32B
:10ABB00094F8A2100C2901D301266FE09549415C5D
:10ABC00094F8A000884202D2401C84F8A000C0B2D1
:10ABD000884263D3B4F86010204619B100F01EF922
:10ABE00020B107E000F0CCFBE8BB03E02046FEF715
:10ABF0004DFEC0B384F8A09094F8A10007284DD270
:10AC0000401C84F8A10049E0B4F93000584501D255
:10AC1000401C2086B4F93000B4F9401088423DDB76
:10AC20002046FFF7A6FE18B1206FE0B9E06ED0B164
:10AC3000207D022813D094F842000C2800D30C2069
:10AC4000B4F93E10B4F93C2001EBE201724A105C09
:10AC500081405846814200DA0846A4F84000484640
:10AC6000A4F8309000E019E0B4F84820B4F860107F
:10AC70008A4200D211464A08A4F84A20618E4FF653
:10AC8000FF7303EA41039A4201D2A4F84A30A4F8C0
:10AC90004810A4F86A002046FFF762FE207D0628CF
:10ACA00008D1A07EC00605D5206AE968081A2828C0
:10ACB00000D9761C607A000726D5207D042801D0B3
:10ACC000072821D1D4E9250CD4F89C10226A01FB75
:10ACD0000C01B1FBF8F1EB689A1A914203D24FF0E4
:10ACE000010A761C10E094F8A31001FB0C00B0FBE5
:10ACF000F8F0904208D22046FEF760FC20B994F8A4
:10AD0000A300401C84F8A300606F60B1216AE8686A
:10AD1000411AB4F9400000EB4000B1EB400F02D300
:10AD20002046FEF71DFA207D032802D0092807D00F
:10AD30000BE0206AE968081A282806D9761C04E086
:10AD4000206AE968081AF028F8D84EB32046D4F8EB
:10AD50009060FEF7E5FFE0680FB1F86000E0A861E1
:10AD6000BAF1000F0AD0228BE18A201D8DE807007E
:10AD700023461846626A216DFFF736FE2046D4F856
:10AD800010A0E468FEF7B8F985F8009016B36FF0EC
:10AD90000C015046B047287800287FF4ECAE19E04B
:10ADA0002746E468387F401CC0B23877797F8842F4
:10ADB00010D387F81C9085F80090D7F88C2032B11A
:10ADC00039463869904729780029E6D110B93846C4
:10ADD000FEF75CFD002C7FF4D1AE0026EC6913E099
:10ADE000206AE968081AF02806D92046FEF798FF7D
:10ADF000E06826B1F06003E02646E46804E0E8611C
:10AE00002046E468FEF778F9002CE9D1BDE8FE8F12
:10AE1000D8000020F7BB00082CBC00082DE9F84F33
:10AE2000C46E0F460546002C7DD04FB12089B84234
:10AE300077D994F80AB05FEACB7105D0042604E014
:10AE40006FF00500BDE8F88F0026C01B1FFA80F8E0
:10AE500008EB060081B24FF420723820FCF7C4FDE5
:10AE60005FEA000A63D0606822890189891A39443F
:10AE70008BB2DAF8041042463144FCF771FE4045CB
:10AE800052D1E0688089FBF7A9FE00F03F064FF041
:10AE90000009300703D526F008064FF00809F0072F
:10AEA00003D026F0010649F00109E0684068FBF78D
:10AEB00093FEC3194A4651462846CDF800B0FEF726
:10AEC00041F8070033D06068FCF72AFE35F8661FAA
:10AED000081A288060680289A2EB080189B2FCF791
:10AEE00027FF2189A1EB080020813046FBF776FE81
:10AEF000E1688A89104388816068FCF711FE29881F
:10AF0000084428807868FCF70BFE2988084425F857
:10AF10006609206838602760386810B90020A5F8F5
:10AF2000680000208EE702E05046FCF7A4FE4FF0D8
:10AF3000FF3087E70848816800290CD10749084A93
:10AF400009681268114306D0012181600022054979
:10AF5000FA20FDF723BC7047CC000020F000002051
:10AF6000F400002021B40008FEB516490B785A07FA
:10AF700017D40A469C07528914D5446A4B691D1B95
:10AF800015D4058D2C44E41A11D4CC680E4E1A4405
:10AF9000258864880096CDE90145331D8969FFF74E
:10AFA00023FDFEBDD90702D0084909680162002AC5
:10AFB000F7D0418B41F002014183BDE8FE40FEF72E
:10AFC00065BC0000F80000206C550020E400002063
:10AFD00010B5FEF75BF805484178491C4170C80779
:10AFE00003D0BDE81040FFF7B7BD10BDD80000206A
:10AFF0000248417841F0100141707047F80000208C
:10B0000070B5048D456A428E2B1940F66836C16AC8
:10B01000B24200D932460A449A1A02D44485581AD8
:10B0200070BD491B00D500214185002070BD000086
:10B030002DE9FF4F4FF0000B93B01746CDF838B015
:10B0400004005D46CDF834B05E46CDF824B0CDF8AE
:10B0500044B0ADF828B0D846DA466FF00F021BD0E6
:10B06000608EB4F86210B0EB510F01D2014600E0DF
:10B07000490801B108460690149868B1207D04285B
:10B080000CD007280AD0022808D0032806D06FF079
:10B090000A0017B0BDE8F08F1046FAE767B1B4F8C0
:10B0A0006410B94203D3B4F86600102804D3608B4F
:10B0B00040F08000608360E1B4F866900020079063
:10B0C000E06E002877D0054600680028FBD1A87AFA
:10B0D000C00700D004202B8919180698401A82B2A4
:10B0E000B4F86800ADF82800C8B10D95B84201D297
:10B0F000014600E03946914201D9114604E0B842C8
:10B1000001D2014600E039468846A0EB0800ADF8C0
:10B11000280006EB0801A2EB08008EB282B2BE4204
:10B1200049D2002A47D0002B45D0B81B904200DD01
:10B13000104680B2CDE90C051698C00715D0012144
:10B1400016980094CDE901010AAB00200C99FEF796
:10B15000C1FD5FEA000B7CD014980C9A8119DBF8D2
:10B160000400F5F754F858461EE0686800E0084609
:10B1700001680029FBD1017B890908D14168408918
:10B1800001441498814202D1DDF830A011E001227F
:10B1900000200C99FCF728FC5FEA000BDBD0149828
:10B1A00081195846CBF80410FCF7BAFC48441FFA42
:10B1B00080F90C9866E067E0B81B81B2DDE90620F3
:10B1C000101A80B2814200D2084603901698C00738
:10B1D0001DD00998C8B1002116980094CDE901014D
:10B1E000039907980AAB084481B23820FEF772FD34
:10B1F000019000282DD01498811901984268079871
:10B200001044039AF5F703F818E00121E4E701225E
:10B2100038200399FCF7E8FB0090002819D0149817
:10B220004FF4207281190098416038200799FCF78B
:10B23000DBFB019088B10099FCF755FC0198FCF705
:10B240006FFC48441FFA80F9B9F1100F07D9019833
:10B2500000E04BE0FCF70FFD82E00098F8E7119862
:10B260000090E06D0022831920460199FDF76AFEE7
:10B270000D90D8B3099870B1DDE90D0108600D9803
:10B280000E900398304486B2BE4295D3B8F1000FB9
:10B290001CD06E6814E00D980990F0E7318901EB3D
:10B2A00008003081306850B971897068424608449E
:10B2B0001499F4F7ACFF718901EB080070813668CE
:10B2C000002EEBD1298901EB08002881BDF8280068
:10B2D000A4F86800BBF1000F09D059466868FCF774
:10B2E00002FC2989BBF80800084418E038E0BAF1EC
:10B2F000000F15D0686804E0038903EB0A0202819D
:10B30000084601680029F7D1028902EB0A01018190
:10B31000428902EB0A014181298901EB0A00288157
:10B320000998DDB1C5F8000054F85C0F384420607E
:10B330002089C01B2081A4F80A900D9860B1C068D4
:10B3400050B11698800707D40820FBF747FC0D99E9
:10B35000C9688A891043888100209AE6E066E3E79D
:10B36000608B40F080006083BBF1000001D0FCF7EF
:10B3700082FC099808B1FFF7A1FB4FF0FF3088E687
:10B380002DE9F041C56E0446002635B394F8A200BD
:10B39000FF2802D2401C84F8A200E8688089FBF7ED
:10B3A0001DFCC00701D02889D0B100270122E86820
:10B3B000314643682046FEF765FB060013D07168EE
:10B3C00088469FB11120FBF709FCB8F80C1021F456
:10B3D0007C510843A8F80C0011E00020BDE8F08182
:10B3E00001270022E3E74FF0FF30F7E768682B8979
:10B3F00014310289D21A93B20122FCF7B1FBE8683A
:10B400004068FBF7E9FB216D401C091A00D5206557
:10B410002246231D3146BDE8F0411046FEF77CBBB5
:10B4200010B5FFF7D5FD08480849006809680843CA
:10B4300006D00022BDE810400549FA20FDF7AEB95C
:10B4400004490020886010BDF0000020F4000020B6
:10B4500021B40008CC000020016000210171704778
:10B4600070B505000FD0286868B148246100142326
:10B4700001222868F6F718F838B1641CE4B24F2CA2
:10B48000F4D900202871002070BD2C71012070BDFE
:10B490007FB50C4680B1056875B1007960B15CB1CB
:10B4A0001423022203A98DE80E004100012300228B
:10B4B0002846F6F7BDF810B1002004B070BDBDF805
:10B4C0000C0040BA0009010501D5A0F5805040F2FA
:10B4D000712148434FF0640101D4323000E032382A
:10B4E00090FBF1F020800120E7E701602421017149
:10B4F000704710B548B104683CB100791923410088
:10B5000002222046F5F7D0FF08B1002010BD01202F
:10B5100010BD00002DE9F04186B00E46040034D085
:10B5200096B302AA0121FCF735FE68B36A462021D2
:10B530002046FCF72FFE38B301AA8B212046FCF7EA
:10B5400045FE08B303AA8C212046FCF73FFED8B184
:10B5500004AA8D212046FCF739FEA8B105AA79215D
:10B560002046FCF733FE78B1BDF804509DF800008A
:10B570004FF47A7100F01F004D43C20600D5203809
:10B58000002806DB85400BE0FFE7002006B0BDE8A1
:10B59000F08142420120904005EB5002B2FBF0F5F1
:10B5A0008846BDF80C00FDF753F807466421BDF846
:10B5B0001000FDF74DF80446002F00DA0027B5F51E
:10B5C000803F01D34FF6FF75B4F5004F02DB47F61D
:10B5D000FF7403E00F48844200DA04461421304629
:10B5E000F4F73CFEA5FB07014FF4FA728018358092
:10B5F000776041F1000142460023F4F7C7FDB060D7
:10B60000B481BDF81400F0819DF80800C0093074C1
:10B610000120BBE70080FFFF30B585B00D00044678
:10B6200001D0802100E000217CB1206868B18DF854
:10B63000101004AB192101220093CDE901212179D9
:10B6400013464900F6F78AF910B1002005B030BD65
:10B650000220F5F715FB03AA01212046FCF79AFD0D
:10B660000028F3D02DB100209DF80C1080EAD110F5
:10B67000ECE70120F8E7000008498A88CB889A4265
:10B6800001D100207047064ACB88D25C0270C8887E
:10B69000401CC0F30900C880012070470000002052
:10B6A000670100202DE9F04F01B92A4920B12A4C49
:10B6B000002663681D4608E06FF00F00BDE8F08FBC
:10B6C000A84201D1012602E0ED68002DF8D16FF00B
:10B6D00007097ABB00254FF6FF784FF4404A4FF434
:10B6E000804B2288571C2780424501D1A4F800A036
:10B6F0001A4627880AE000BFB2F812C0BC4504D140
:10B700006D1CADB25D45ECD31CE0D268002AF3D1CC
:10B710003A04120C16D00FE098420AD05D8A954286
:10B7200007D11F680D68AF420CD059B155B14BB16C
:10B7300047B1DB68002BEFD101B10968016042829B
:10B7400016B104E04846B9E76168C1606060002056
:10B75000B4E700004CBC00081C01002070B50400D8
:10B7600016460D466FF00F0017D0002D15D0628AD7
:10B770002AB921460846FFF795FF00280DD1286811
:10B780006060A682207C084A40F004002074506863
:10B79000014604E0844201D1002070BDC068002849
:10B7A000F8D1E1605460F7E71C01002010B5F5F70F
:10B7B0009FFD0349C0F30D0000F54040088010BD17
:10B7C0001C0100202DE9F34F0646408983B008286C
:10B7D0007ED3584D776829686869FAF704FF834675
:10B7E0003888FBF7FBF901907888FBF7F7F9DFF869
:10B7F00048A181460021DAF804200846144657E0A3
:10B80000B4F812C0CC4551D1237A4BB1D5F804C05D
:10B810009CF834C00CF1010C0CF0FF0C634545D1D1
:10B82000BBF1000F13D0CCB12368BBB1D5F814C065
:10B83000E046BCF1FF3F11D0DDF810C0DCF808C0D5
:10B8400003EA0C0308EA0C08434507D02EE02CB1AC
:10B8500023681BB1D5F814C0634527D1237C5B074F
:10B8600011D478B1BBF1000F0DD06B695B1C0AD10C
:10B87000049BD0F800C05B689C4504D0D4F800C09D
:10B880009C4500D12046B4F814C0019B9C450DD1C5
:10B8900063681BB1D5F810C0634507D121B1E368D7
:10B8A000CB60E260CAF8044024B10AE02146E468B3
:10B8B000002CA5D1040004D1049841686869814234
:10B8C00032D1F8881B4F103750B1381D009000E07E
:10B8D0002AE032893B4611213046FBF721F818BB9C
:10B8E00008213046FCF758FAF0B95CB1A569DDB122
:10B8F000019800903B4632462146E069A84705B0D2
:10B90000BDE8F08FBBF1000F0ED1287DC0F303100E
:10B910000E2809D0A889083001B23046FCF7F0F9AA
:10B9200003213046FAF70CFD05B03046BDE8F04F74
:10B93000FCF7A1B95C5500201C01002010B50028BF
:10B9400013D00268002A10D000290ED00A68002AFD
:10B950000BD0064A526806E013680468A34201D17E
:10B960000B681360D268002AF6D110BD1C010020BC
:10B9700010B50020FBF7D8FE040004D02021F4F716
:10B980006DFCFF20E072204610BD002801D0C0E908
:10B9900006127047002814D00A494A6882420AD128
:10B9A000D2684A6009E0D16821B1814202D1C16800
:10B9B000D16002E00A46002AF5D101460020FBF7DB
:10B9C00085BE70471C0100207CB56FF00F05069CFA
:10B9D00070B169B162B15CB105685DB1C5F30316C0
:10B9E0000E2E07D06668B54206D06FF003007CBD0E
:10B9F00028467CBD251D00E00546CDE9004500F048
:10BA000001F87CBD2DE9FE4F0500DDE90C9A9B464F
:10BA100090460E466FF00F002FD0002E2DD0B8F1BB
:10BA2000000F2AD05FEA0A0127D05FEA090124D07B
:10BA30006A8A2AB929460846FFF734FE00281CD135
:10BA400030894FF0FF3700F1080189B2814213D3EA
:10BA500008213046FBF7A1FF88B14FF4207208217E
:10BA60002420FBF7C1FF040006D0308940B13146E5
:10BA70002046FCF74CF803E03846BDE8FE8F34461C
:10BA8000688A6768FBF7AAF838805846FBF7A6F87B
:10BA900078800020F8802089FBF7A0F8B880287C07
:10BAA000C0070BD1CDF800802289534611212046D2
:10BAB000FAF736FF08B94FF6FF70F880EB7AAA7AEA
:10BAC0001120CDE90020CDF808904246514620468D
:10BAD000FAF78EFE0546B44202D02046FCF7CBF8BA
:10BAE0002846CAE70A0A0270417070470A0E0270BF
:10BAF0000A0C42700A0A8270C17070472DE9F04149
:10BB000015461E4607460724E20028463146F4F74C
:10BB10006EFBC4F10701641E7854F5D5BDE8F081D1
:10BB2000000000000000000000000402000000000F
:10BB3000000004050607080900000000000D0102CE
:10BB4000030405060708090A0B0C0D0E0F10000070
:10BB500000000000000001020304060708090000BD
:10BB6000000001020304000020000400FC1E00206D
:10BB7000A0000020A40004007C1F0020A4000020DE
:10BB80001C0008000C220020A8000020100010005B
:10BB9000EC220020AC00002010000400EC23002068
:10BBA000B0000020100010002C240020B400002061
:10BBB000040608002C250020B800002068BB0008FF
:10BBC00074BB000880BB00088CBB000898BB000851
:10BBD000A4BB0008B0BB0008FA000000D1AF000809
:10BBE000E80300008160000860EA00005D40000892
:10BBF000F4010000ED42000803060C1830607800E4
:10BC000054BF00087CBF00089CBF00085CBF000850
:10BC100048BF000830BF00083CBF000890BF0008C4
:10BC200068BF000870BF000884BF00080102030459
:10BC3000050607070707070707000000EC000020BC
:10BC4000E8000020F0000020F400002000000000C8
:10BC5000FFFFFFFFFFFFFFFFFFFF000000000000EE
:10BC60005B4C5749505D204448435020626F756ECD
:10BC7000643A2049502025642E25642E25642E2503
:10BC8000642047572025642E25642E25642E2564C4
:10BC9000204E4D2025642E25642E25642E25640D0E
:10BCA0000A0000005B5048595D20414E41523D3032
:10BCB0007825303458202031303046443D256420EA
:10BCC00031303048443D256420313046443D2564C0
:10BCD00020313048443D2564202070617573653DF6
:10BCE00025640D0A000000005B5048595D20414E5C
:10BCF0004C5041523D30782530345820203130307E
:10BD000046443D25642031303048443D256420318F
:10BD10003046443D256420313048443D2564202090
:10BD200070617573653D25640D0A00005B504859CC
:10BD30005D204243523D30782530345820207265D2
:10BD40007365743D257320206175746F6E65673D62
:10BD50002573202073706565643D2573202064750C
:10BD6000706C65783D2573202069736F3D257320C5
:10BD70002070643D25730D0A000000005B444D41B6
:10BD80005D2052585F444553433D30782530385844
:10BD90002052585F4255463D30782530385820545F
:10BDA000585F444553433D30782530385820545827
:10BDB0005F4255463D3078253038580D0A00000066
:10BDC0005B50485950524F42455D204243523D30EE
:10BDD0007825303458204253523D3078253034583D
:10BDE0002049443D3078253034583A307825303475
:10BDF000582028657870203078323030303A3078EA
:10BE000035433930290D0A005B50485950524F4292
:10BE1000455D206C696E6B3D257320202849443DAB
:10BE20003078464646462F307830303030202D3E30
:10BE300020504859206E6F7420726573706F6E6465
:10BE4000696E673B20636865636B2032354D487AC5
:10BE5000207874616C2C204D44494F2077697269B9
:10BE60006E672C205048592061646472290D0A00C5
:10BE70005B4A4F425D2069643D2564206D696473AF
:10BE800074617465733D25642076657273696F6EA5
:10BE90003D307825303858206E626974733D3078B3
:10BEA00025303858206E74696D653D3078253038FE
:10BEB00058206E6F6E63655F73746172743D307885
:10BEC000253038580D0A00000D0A5B535441545573
:10BED000535D2075703D256C7573202069703D257C
:10BEE000752E25752E25752E257520206574683DC7
:10BEF00025732020626D313336363D257320206353
:10BF0000686970733D256420206C696E6B3D2573F4
:10BF1000202072783D256C752074783D256C752045
:10BF2000444D4153523D30782530386C580D0A004D
:10BF300046494E5F574149545F31000046494E5FC4
:10BF4000574149545F32000045535441424C4953D4
:10BF500048454400434C4F534544000053594E5FFD
:10BF60005243564400000000434C4F53494E470093
:10BF70004C4153545F41434B000000004C49535423
:10BF8000454E000054494D455F574149540000005B
:10BF9000434C4F53455F57414954000053594E5F3E
:10BFA00053454E54000000005B5458445D206172BC
:10BFB0006D65643D2564206F776E5F6E6F773D25FC
:10BFC0006428303D73656E7429207370696E733D0B
:10BFD000256C7520444D4153523D30782530386CE6
:10BFE00058205450533D256C7520544255532862B7
:10BFF000697432293D256C750D0A00001CC00008CB
:10C00000000000205C0100005408000850C0000837
:10C010005C010020EC7800005C300008013304145F
:10C02000FFFF01052D0A08010309110208DCABCD51
:10C03000EF701742019210033F127A32C0033C6E38
:10C0400019C2C0041D01031C4203021008000000B5
:04000005080001519D
:00000001FF
