:020000040800F2
:10000000487A002069010008272D000825260008ED
:10001000252D00088F080008732F0008000000003D
:10002000000000000000000000000000512D00084A
:100030009108000800000000292D0008552D000837
:100040008301000883010008830100088301000880
:100050008301000883010008830100088301000870
:100060008301000883010008830100088301000860
:100070008301000883010008830100088301000850
:100080008301000883010008830100088301000840
:100090008301000883010008830100088301000830
:1000A0008301000883010008830100088301000820
:1000B0008301000883010008830100088301000810
:1000C0008301000883010008830100088301000800
:1000D000830100086F2F00088301000883010008D6
:1000E000830100088301000883010008000000006C
:1000F0000000000000000000000000000000000000
:1001000000000000000000008301000883010008D7
:1001100083010008830100088301000883010008AF
:10012000830100088301000883010008830100089F
:10013000830100088301000883010008830100088F
:10014000830100088301000883010008830100087F
:10015000DFF810D000F06CFB004800476D6B000822
:10016000AFF30080487A00200648804706480047E1
:10017000FEE7FEE7FEE7FEE7FEE7FEE7FEE7FEE757
:10018000FEE7FEE7C92D0008510100082DE9F05FE8
:100190000546002092469B468846064681464024F6
:1001A0001BE0284641464746224600F020F85346C9
:1001B0005A46C01A914110D311461846224600F003
:1001C00093FA2D1A67EB01084F46224601200021C1
:1001D00000F08AFA17EB00094E41201EA4F1010439
:1001E000DFDC484631462A464346BDE8F09F202AD8
:1001F00004DB203A21FA02F00021704721FA02F3D1
:10020000D040C2F12002914008431946704710B512
:10021000431A934209D28318881803E010F8011D8D
:1002200003F8011D521EF9D210BD40EA01039B07DD
:1002300003D009E008C9121F08C0042AFAD203E05B
:1002400011F8013B00F8013B521EF9D210BDD2B2A9
:1002500001E000F8012B491EFBD270470022F6E7AF
:1002600010B513460A4604461946FFF7F0FF20462C
:1002700010BD421C10F8011B0029FBD1801A7047E9
:1002800030B504460020034600E05B1C934203D2D5
:10029000E05CCD5C401BF8D030BDF0B480EA0102D8
:1002A000D40F4200B2EB410F02D20246084611467B
:1002B0004A0042D0C30DDDB2C1F3C752AD1A202DA2
:1002C00035DAC1F3160141F4000204B15242C5F11E
:1002D000200602FA06F12A411044B3EBD05F23D086
:1002E000C4B1012DA0EBC35009DCF0BC4FF00042BB
:1002F00002EAC352DBB200F5000000F00DBA400084
:1003000000F1807000EBC350A0F1807040EAD17022
:10031000490009E0490841EAC071A0EBC35000F56B
:100320000000400800EBC350F0BC00F0ECB96142A3
:10033000012202EB4101001BF6E7F0BC704781F09F
:100340000041AAE780F00040A7E780EA010210B56B
:1003500002F00043400022D04A001FD0010E01EB02
:100360001261C0F35600C2F3560240F4000042F49A
:100370000002A0FB022000047F39140400D0401CBE
:1003800050EA124001D44000491EC2B20C0604EBF0
:10039000D010401C4008802A02D003E0002010BD8D
:1003A00020F00100002900DA0020184310BD30B40D
:1003B00080EA010202F0004530F0004221F00040E6
:1003C00013D090B1C30DD40DC2F31601C0F31600C3
:1003D000E41A41F4000140F400027D34914201D35B
:1003E000641C00E04900002C02DA30BC0020704799
:1003F0004FF400000023914201D3891A03434008BF
:100400004FEA4101F7D151B1914202D14FF0004181
:1004100005E002D24FF0010101E06FF0010103EBB2
:10042000C450284430BC00F06EB92DE9FE4F81EA7B
:10043000030404F0004421F0004100944FF0000B4D
:1004400023F0004350EA01045ED052EA03045BD07B
:10045000C3F30A54C1F30A552C44A4F2F3340194B3
:10046000A0FB0254C1F3130141F48011C3F3130341
:1004700043F4801301FB024400FB034E840A970AF5
:1004800044EA815447EA8357A4FB076802958D0A22
:1004900005FB07854FEA932C04FB0C542705029DAE
:1004A0004FEA065847EA1637B5EB08056EEB070C1E
:1004B000870E920E47EA811742EA8312A7FB0201D8
:1004C000B6EB0B0164EB00042B0D43EA0C335E1812
:1004D00044EB1C50DA465146E7FB0201C5F3130416
:1004E0004FEA0B3343EA14534FEA0432019C43EAC8
:1004F0000603A4F10C040294009CCDE900B400F0C2
:1005000048F903B0BDE8F08F00200146F9E72DE976
:10051000F04D81EA030404F0004B21F0004514463D
:100520004FF0000A23F0004150EA050220D054EABF
:1005300001021DD0C5F30A570246C5F31303C1F3E8
:100540001300C1F30A5640F4801543F48013A7EB5F
:100550000608101BD64608F2FD3873EB050002D3DF
:1005600008F1010801E092185B41B8F1000F03DACD
:1005700000200146BDE8F08D00204FF480110646B2
:1005800084460EE0171B73EB050705D3121B63EBC4
:10059000050306434CEA010C49084FEA3000921863
:1005A0005B4150EA0107EDD152EA030012D082EA22
:1005B000040083EA0501084305D0101BAB4106D2B5
:1005C0000122002306E000224FF0004302E06FF01A
:1005D000010253101AEB06004CEB085110EB0A0015
:1005E00041EB0B01BDE8F04D00F0C4B870B521F04F
:1005F000004303430CD0C1F30A550024D5EB040596
:1006000064EB0403D617AD1AB34102DB00200146A8
:1006100070BD201841EB025170BDC10F80EAE0703F
:100620000844CA079623002100F076B896230022DA
:10063000114600F071B800F0004220F00040C10DFA
:10064000C0F3160040F400007F2901DA0020704753
:10065000962903DCC1F19601C84001E09639884033
:10066000002AF4D040427047C1F30A5210B5C1F3DA
:10067000130140F2FF3341F480119A4201DA002065
:1006800010BD40F233439A42A2F2334203DC52429D
:10069000FFF7ADFD10BD904010BD00F0004230F0FE
:1006A00000400AD0C10D01F56071C0F3160042EAA6
:1006B0000151C208400711437047002001467047AE
:1006C000002801DBC0F10040002901DBC1F100413D
:1006D00081427047002801DBC0F10040002901DBA6
:1006E000C1F1004188427047202A04DB203A00FA19
:1006F00002F1002070479140C2F1200320FA03F379
:100700001943904070470029A8BF7047401C49001A
:1007100008BF20F00100704710B4B0FA80FC00FA66
:100720000CF050EA010404BF10BC704749B1CCF191
:10073000200421FA04F411FA0CF118BF012121431D
:100740000843A3EB0C01CB1D4FEA00614FEA1020D8
:1007500042BF002010BC704700EBC350104400297A
:10076000A4BF10BC7047401C490008BF20F0010026
:1007700010BC704710B5141E73F1000408DA401C59
:1007800041F1000192185B411A4301D120F00100B0
:1007900010BD2DE9F04D92469B4611B1B1FA81F2A0
:1007A00002E0B0FA80F220329046FFF79DFF044647
:1007B0000F4640EA0A0041EA0B0153465A460843F5
:1007C00013D0114653EA010019D0C8F14002504637
:1007D000FFF70DFD05460E46504659464246FFF7C7
:1007E00083FF084305D0012004E020463946BDE8D8
:1007F000F08D0020054346EAE0762C4337430A9803
:100800006305E40AA0EB08000022FD0A44EA47540D
:100810000A3002D500200146E9E7010510196941B7
:10082000DDE9084500196941BDE8F04DA2E7000087
:10083000064C074D06E0E06840F0010394E807002D
:1008400098471034AC42F6D3FFF786FC0CBF000883
:100850002CBF000830B58C1810F8012B12F00F03D4
:1008600001D110F8013B120906D110F8012B03E069
:1008700010F8015B01F8015B5B1EF9D101E001F8A2
:10088000013B521EFBD1A142E6D3002030BDFEE762
:100890007047000003484FF4E001416100214160CE
:1008A00070470000009002402DE9FF4F81B00646DE
:1008B0003148DDE90F58DDF8389001681F461446CD
:1008C00041F0010101600168C907FCD12B49824652
:1008D000416141692AA002F04DFB3B46CDF80090F2
:1008E00031463548029A02F045FB0021C8F30D005D
:1008F0004FF0004B40F48043621E13E006EB4110C2
:10090000C0F800B04360DDF808C001FB08CCC0F8B7
:1009100008C0914204D200F1200CC0F80CC000E0E5
:10092000C660491CA142E9D3002084464FF48018D8
:100930006A1E11E007EB4011C1F80080C1F804C045
:10094000119C00FB04938B60904203D201F12003C1
:10095000CB6000E0CF60401CA842EBD31749CAF837
:100960000010CAF80C60CAF810701549CAF81810BF
:1009700005B0BDE8F08F0000009002400484010043
:100980005B444D415D20444D4153525F41465445C7
:10099000525F434C4541523D30782530385820282D
:1009A00065787065637420307830303030303030A6
:1009B00030290D0A0000000034BC000880204102EC
:1009C000062030040168002905DB0168C90502D54D
:1009D0000168090401D5002070470068C0F30D408C
:1009E00070471079537940EA032301F1804000F504
:1009F000203003641178D37841EA03619378527808
:100A00001B0443EA0222114341647047F0B5ADB0C4
:100A10000446002904D04FF40060E060C000A060EC
:100A20000025109511951295139514951595E0696B
:100A300000287CD016954FF40070179018951995E2
:100A40001A951B951C9540271D971E951F9520955F
:100A500021952295239524952595802026902795EC
:100A6000289529952A952B952C9520680168464A4A
:100A70001140E368A2681A43169B1A4342F40072BD
:100A80001143016020680668012000F0F9F8206831
:100A900006602068476020684668012000F0F0F892
:100AA00020684660206885602068C560206881698C
:100AB0004FF64172114041F08001816120688669E2
:100AC000012000F0DDF8206886612068C56120689B
:100AD000C669012000F0D4F82068C6610195F804C9
:100AE00002900395011104910595069507950895C7
:100AF000042109910A9040120B9080010C90401241
:100B00000D900E950F95206800F5805081691F4A61
:100B1000114041F0040141F008718161206800F545
:100B200080508569012000F0ABF8206800E016E0F5
:100B300000F5805085612168154801F580510860F5
:100B4000206800F580500568012000F099F82068C1
:100B500000F580500560A069012804D00CE04FF436
:100B60008060169067E7206800F58050C16941F009
:100B7000400141F48031C16162692DB02046BDE879
:100B8000F0400021FFF72DBF0F8120FF233FDEF84B
:100B90000020C1024288018852BA037912044079C8
:100BA00042EA03220243074849BA41F00041016486
:100BB000426405490160054941604FF481518161FA
:100BC00070470000008002400C0C0100000400800F
:100BD00030B5124A104B14694FF6FF7524F01C040F
:100BE00024F4784424F4F86444F0100405EAC020A6
:100BF00020434FF4F86404EA8111014321F002001C
:100C000040F00100106101E05B1E02D01069C007D6
:100C1000FAD1506980B230BDA08601000080024048
:100C2000C3F30D0141F4804141604FF00041016088
:100C30007047000030B5114B0F4C5A611A694FF6DE
:100C4000FF7522F01C0222F4784222F4F86242F08E
:100C5000100205EAC02010434FF4F86202EA811145
:100C6000014341F00300186101E0641E02D01869DD
:100C7000C007FAD130BD0000A0860100008002400C
:100C800070B5044600F036FB0546B4F1FF3F02D0D4
:100C900004480078044400F02DFB401BA042FAD326
:100CA00070BD0000900000202DE9F84304460027A5
:100CB0000097B846002C03D094F8440018B107E020
:100CC0000120BDE8F88384F84570204600F0F6F86E
:100CD0007548416821F4000141604168226A11436E
:100CE0004160206800F58050016841F00101016019
:100CF00000F000FB0546206800F58050006810F009
:100D0000010F13D000F0F6FA401BB0F5FA7F06D9B8
:100D1000032084F8440084F84570BDE8F883206817
:100D200000F58050006810F0010FEBD120680069D9
:100D300020F01C0501F06AF85C495D4A01449142CB
:100D400002D245F0080506E05A4908445A4988424B
:100D500001D245F00C05206805614FF400420021E6
:100D6000204600F077F94FF0010940B101212046FB
:100D7000FFF74CFE84F844900120BDE8F883FF2083
:100D8000FFF77EFF606800286AD000F0B3FA0646DD
:100D900041F288356A460121204600F015F900F03D
:100DA000A9FA801BA8420AD901212046FFF72EFE8E
:100DB00084F8449084F845700320BDE8F8830098D7
:100DC00010F0040FE6D04FF480520021204600F0CE
:100DD00041F940B101212046FFF718FE84F8449004
:100DE0000120BDE8F88300F085FA06466A46012135
:100DF000204600F0E9F800F07DFA801BA8420AD9ED
:100E000001212046FFF702FE84F8449084F84570E3
:100E10000320BDE8F883009810F0200FE6D06A4662
:100E20001021204600F0D0F840B101212046FFF704
:100E3000EDFD84F844900120BDE8F883009810F09F
:100E4000040F03D04FF40061E16000E0E76010F0B0
:100E5000020F01D0A7601DE04FF48040A06019E0B0
:100E6000E068A168C0F3CF00C1F34F0140EA01027E
:100E70000021204600F0EEF840B101212046FFF7A6
:100E8000C5FD84F844900120BDE8F88340F6FF706A
:100E9000FFF7F6FE41462046FFF7B8FD84F8449080
:100EA0000020BDE8F88300000000014000D3CEFE22
:100EB000C0E1E40040F1E9FD40787D012DE9F04119
:100EC00086B0002400940194029403940068394988
:100ED00088426CD13848416941F48041416141699F
:100EE00001F480410491416941F40041416141694B
:100EF00001F400410491416941F48031416141694B
:100F000001F480310491816941F0100181618169AE
:100F100001F010010491816941F00401816181694E
:100F200001F004010491816941F008018161816946
:100F300001F008010491816941F02001816180691B
:100F4000022500F02000009503260195CDE90360FD
:100F5000DFF868806946404600F0BEF8CDE90054ED
:100F6000174F69463846029400F0B6F80420CDE9E0
:100F7000000569460396384600F0AEF88020CDE9BA
:100F8000000469463846029400F0A6F83020CDE906
:100F9000000469464046029400F09EF84FF4605009
:100FA000CDE9000569460396064800F095F806B0BD
:100FB000BDE8F081008002400010024000100140B6
:100FC00000080140000C01402DE9F041044617469D
:100FD00094F8440082282CD0822084F844002068B1
:100FE000026902F01C02238A4FF4784C0CEAC323F6
:100FF0001A434FF4F86303EA8111114321F002010F
:1010000041F00106066100F075F9054616F0010F82
:101010004FF0010615D000F06DF9401BB0F5803F90
:101020000AD384F84460002084F845000320BDE81A
:10103000F0810220BDE8F0812068006910F0010F06
:10104000E9D12068406980B2386084F844600020AB
:10105000BDE8F08170B5044694F84400422830D0D1
:10106000422084F844002068036903F01C03B4F8AC
:1010700010C04FF4784505EACC2C4CEA03034FF43A
:10108000F86C0CEA8111194341F0020141F00106AC
:1010900091B241612068066100F02CF9054616F016
:1010A000010F4FF0010613D000F024F9401BB0F5FA
:1010B000803F08D384F84460002084F84500032072
:1010C00070BD022070BD2068006910F0010FEBD1E7
:1010D00084F84460002070BD2DE9F84F4FF0000CFB
:1010E00000230A68002A7DD0DFF8DC810F27A8F1F1
:1010F000040A08F10409AAF1040B012202FA0CF611
:101100000A683240B2426ED1DFF8C0E14C68A4EB0D
:101110000E0574452BD00DDC032C34D005DC34B324
:10112000012C19D0022C2FD11BE0112C16D0122C1F
:101130002AD119E0B5F5881F19D006DCB5F5803F36
:1011400015D0B5F5801F1FD111E0B5F5001F0ED0E9
:10115000B5F5041F18D10AE0CB6815E0CB681B1D5C
:1011600012E0CB6808330FE0CB680C330CE08B68DF
:1011700023B1012B04D00823466105E0042303E0DA
:101180000823066100E00023B2F5807F01D2054606
:1011900001E000F1040502D24FEA8C0403E0ACF157
:1011A00008044FEA84042E6807FA04FE26EA0E06B5
:1011B00003FA04F446EA04042C604C6814F0805FDF
:1011C00079D0434CA56945F00105A561A46904F0F7
:1011D000010400942CF0030404F1804404F58034ED
:1011E000A66801E06EE066E04FEA8C754FEA15757F
:1011F00007FA05FE26EA0E0EA0F18046B6F5843603
:101200001ED0A0F18046B6F586361BD0A0F18046F0
:10121000B6F5883618D0A0F18046B6F58A3615D0D6
:10122000042606FA05F545EA0E05A5604C6814F497
:10123000801F0DD0D8F800401443C8F800400CE0DF
:101240000026EEE70126ECE70226EAE70326E8E7B8
:10125000D8F800409443C8F800404C6814F4001FCC
:1012600005D0D9F800401443C9F8004004E0D9F88B
:1012700000409443C9F800404C6814F4003F05D086
:10128000DAF800401443CAF8004004E0DAF80040FD
:101290009443CAF800404C6814F4803F05D0DBF852
:1012A00000402243CBF8002005E0DBF8004024EAB0
:1012B0000202CBF800200CF1010C0A6832FA0CF2A1
:1012C0007FF41BAFBDE8F88F080401400000111047
:1012D00000100240C26821EA0203114043EA0141C2
:1012E00001617047002A01D0016170470904016162
:1012F000704700000148806870470000900000209F
:1013000070B50446002C04D094F83D00002510B1BF
:1013100006E0012070BD84F83C50204600F0DAFB66
:10132000242084F83D002068016821F0010101605B
:101330002068016841F4004101602068016821F4DF
:101340000041016000F068FD544B6168994203D888
:101350005349884203D304E05249884201D2012014
:1013600070BD5149B0FBF1F12268D2F804C02CF0F5
:101370003F0C4CEA010CC2F804C062689A4201D8E2
:101380004A1C07E04FF4967251434FF47A72B1FB56
:10139000F2F14A1C2168D1F820C02CF03F0C42EA3F
:1013A0000C020A626168994210D84900401EB0FBE5
:1013B000F1F2521CC2F30B02042A01D2042026E0EF
:1013C000B0FBF1F0401CC0F30B0020E0A268002A43
:1013D00050D001EBC10303EB0113A0F1010CBCFBE6
:1013E000F3F35B1C43F480431B051B0D4AD0002A1A
:1013F0004AD001EBC10202EB0111401EB0FBF1F03B
:10140000401CC0F30B0040F4804040F400402168D1
:10141000CA6922F0FF0222F44F421043C861216AD8
:10142000E06901432068026822F0C00211430160B4
:10143000E168206901432068826822F0FF0222F4FB
:10144000034211438160A169606901432068C26859
:1014500022F0FF021143C1602068016841F00101E0
:1014600001602564202084F83D00256384F83E5007
:10147000002070BD01EB4103A0F1010CBCFBF3F3B4
:101480005B1CB1E70120C2E701EB4101401EB0FB4C
:10149000F1F0401CC0F30B00B7E70000A08601008C
:1014A00080841E0000093D0040420F002DE9F84FE6
:1014B0000446884692461E46FFF71CFF0546002755
:1014C00094F83D00202802D00220BDE8F88F1923AF
:1014D000012256492046009501F003FA10B102207E
:1014E000BDE8F88F94F83C00012808D0012084F86A
:1014F0003C002068016811F0010F03D006E00220D3
:10150000BDE8F88F016841F00101016020680168C1
:1015100021F400610160242084F83D000020206453
:101520004348E06208F0FE094FF0A0084FF0200B9E
:101530002068016841F480710160334600224FF059
:1015400001112046009501F0CCF950B120680068E7
:1015500010F4807F02D04FF4007020640320BDE8B7
:10156000F88F2068C0F81090FFF7C4FE0546206889
:101570004169C1F340014069C0F380200EE0FFF7EC
:10158000B9FE401BB04200D80EB984F83D802068F7
:101590004169C1F340014069C0F3802094F83D20C7
:1015A000A02A02D009B90028E9D084F83DB020680B
:1015B000416911F0020F1BD02168096841F40071E4
:1015C000016000262068416980690090192301228A
:1015D00016492046009501F084F910B10120BDE8BC
:1015E000F88F84F83DB084F83C600020BDE8F88FA7
:1015F000016841F40071016021686FF48060486106
:101600001923012209492046009501F06AF910B119
:101610000120BDE8F88F7F1C574589D384F83DB081
:10162000002084F83C000120BDE8F88F0200100083
:101630000000FFFF2DE9FF4F83B00446DDF8449022
:10164000DDF84080129E8A46934600270297FFF7F6
:1016500051FE054694F83D00202803D007B0022033
:10166000BDE8F08F19230122B9492046009501F009
:1016700038F918B107B00220BDE8F08F94F83C00AB
:10168000012808D0012084F83C002068016811F08E
:10169000010F04D007E007B00220BDE8F08F016819
:1016A00041F0010101602068016821F400610160DE
:1016B000222084F83D00402084F83E002764C4F8CE
:1016C0002480A4F82A90608D2085A248E0620195CC
:1016D00000965A4651462046069B00F0BDFF18B1C1
:1016E00007B00120BDE8F08F208D68B3012834D009
:1016F000022842D02068016841F4806101602068BE
:10170000416980690190208D4FF02008002800F089
:101710001481DFF844B2DFF8449246F2A81A208D13
:10172000032800F2D680012837D002284DD0334656
:10173000002259462046009501F0D3F8002872D0C7
:1017400007B00120BDE8F08F2068416981690191EF
:10175000016841F400710160D5E72068016821F457
:101760008061016072B620684169816901910168F8
:1017700041F40071016062B6C5E72068016841F478
:101780000061016072B62068416981690191016858
:1017900021F48061016062B6B5E72A4631462046F1
:1017A00001F08AF918B107B00120BDE8F08F206878
:1017B0000069616A0870606A401C6062208D401E8A
:1017C0002085608D401E6085B3E033460022594677
:1017D0002046009501F085F818B107B00120BDE85A
:1017E000F08F72B62068016841F4007101602068D2
:1017F0000069616A0870606A401C6062218D491E40
:101800002185618D491E618562B621680969017073
:10181000606A401C6062208D401E2085608D401EE5
:10182000608586E0FFE72068016821F4806101603F
:1018300072B620680069616A0870606A401C606264
:10184000208D401E2085608D401E6085D9F80000E7
:10185000B0FBFAF0C0EBC00000EB800002900298F1
:10186000401E0290029820B32068406910F0040FD7
:10187000F5D02068016841F40071016020680069BA
:10188000616A0870606A401C6062218D491E218572
:10189000618D491E618562B6216809690170606ABF
:1018A000401C6062208D401E2085608D401E60853A
:1018B0003FE0276384F83D8084F83E70206C40F060
:1018C0002000206462B684F83C7007B00120BDE8B7
:1018D000F08F2A463146204601F0EEF818B107B0E5
:1018E0000120BDE8F08F20680069616A0870606AB5
:1018F000401C6062208D401E81B22185608D401E9B
:1019000060852068426912F0040F12D0032903D1C8
:10191000016821F48061016020680069616A0870D3
:10192000606A401C6062208D401E2085608D401ED4
:101930006085208D00287FF4F2AE84F83D8084F825
:101940003E7084F83C7007B00020BDE8F08F0000C6
:10195000020010000000FFFF040001009C000020B6
:101960002DE9FF4F83B004468A469346DDF8449044
:10197000DDF84080129EFFF7BDFC054694F83D005F
:10198000202803D007B00220BDE8F08F19230122E0
:101990004E492046009500F0A4FF18B107B0022080
:1019A000BDE8F08F94F83C00012808D0012084F8AD
:1019B0003C002068016811F0010F04D007E007B077
:1019C0000220BDE8F08F016841F00101016020684C
:1019D000016821F400610160212084F83D0040206D
:1019E00084F83E0000272764C4F82480A4F82A90D5
:1019F000608D20853648E062019500965A46514632
:101A00002046069B00F0D2FE18B107B00120BDE8C9
:101A1000F08F208D002836D02A463146204601F02E
:101A20008EF858B1206C042804D12068016841F474
:101A30000071016007B00120BDE8F08F606A216885
:101A400000780861606A00F1010CC4F824C0208DA0
:101A5000401E80B22085618D491E618523685969C9
:101A600011F0040F0CD058B19CF800001861606AA6
:101A7000401C6062208D401E2085608D401E608568
:101A8000208D0028C8D12A463146204600F0F6FEB7
:101A900058B1206C042804D12068016841F4007119
:101AA000016007B00120BDE8F08F2068016841F4B3
:101AB00000710160202084F83D0084F83E7084F8B5
:101AC0003C7007B00020BDE8F08F0000020010005D
:101AD0000000FFFF10B586B0002100910191029136
:101AE000039100680F4988421AD10F4CA06940F059
:101AF0000800A061A069694600F008000490C020B9
:101B0000009012200190032003900848FFF7E4FAA8
:101B1000E06940F40010E061E06900F40010049016
:101B200006B010BD0054004000100240000C0140FF
:101B3000024881680278114481607047900000205B
:101B400010B50748016841F010010160032000F062
:101B50008BF80F2000F006F800F026F8002010BDEA
:101B60000020024070B504460D4D4FF47A7128787C
:101B7000B1FBF0F00B490968B1FBF0F000F044FC58
:101B800008B1012070BD102C07D200222146501E42
:101B900000F036F86C60002070BD012070BD0000C0
:101BA000900000209C0000200C4808B5816941F09D
:101BB00001018161816901F001010091C16941F078
:101BC0008051C161C06900F08050009004484168B4
:101BD00021F0E06141F00071416008BD0010024059
:101BE0000000014000280ADB00F01F01012202FA78
:101BF00001F14009800000F1E020C0F800117047B9
:101C000010B4184B1B68C3F30223C3F1070CBCF1DB
:101C1000040F01D94FF0040C1C1D072C01D2002326
:101C200000E0DB1E012404FA0CFCACF1010C0CEA10
:101C30000101994004FA03F35B1E1A401143002886
:101C400006DB00F1E020090180F8001410BC7047A9
:101C500000F00F0000F1E020090180F8141D10BC15
:101C6000704700000CED00E000F00700064A116824
:101C70004FF6FF03194041EA002040F0FD7040F0AC
:101C800080601060704700000CED00E02DE9F04727
:101C900004460D46002C17D0DFF85C81D8F8000010
:101CA00000F00700A84212D2D8F8000020F0070088
:101CB0002843C8F80000D8F8000000F00700A84248
:101CC00005D00120BDE8F0870120BDE8F08720683D
:101CD0004A4E10F0020F14D010F0040F03D07068B9
:101CE00040F4E0607060207810F0080F03D0706856
:101CF00040F460507060706820F0F001A068084304
:101D00007060207810F0010F3AD06068012806D08A
:101D100002280BD0316811F0020F27D00AE0316899
:101D200011F4003F06D10120BDE8F087316811F0C1
:101D3000007F18D0716821F0030108437060FFF73D
:101D4000D9FA07467068616800F00C00B0EB810FAB
:101D500016D041F28839FFF7CDFAC01B484508D9A3
:101D60000320BDE8F0870120BDE8F0870120BDE831
:101D7000F0877068616800F00C00B0EB810FEAD169
:101D8000D8F8000000F00700A8420FD9D8F80000EA
:101D900020F007002843C8F80000D8F8000000F041
:101DA0000700A84202D00120BDE8F087207810F09B
:101DB000040F05D07068E16820F4E06008437060AB
:101DC000207810F0080F06D07068216920F4605068
:101DD00040EAC100706000F03FF87168084AC1F342
:101DE0000311515CC8400749086007480068FFF7C5
:101DF000B9FE0020BDE8F08700200240001002403C
:101E000006BA00089C0000209400002001480068E9
:101E1000704700009C00002000B5FFF7F7FF044961
:101E20004968044AC1F30221515CC84000BD00006A
:101E30000010024016BA000800B5FFF7E7FF04499A
:101E40004968044AC1F3C221515CC84000BD00008A
:101E50000010024016BA00082DE9F041214B5868E5
:101E600000F00C01042904D0082905D01E48BDE863
:101E7000F0811E48BDE8F0811D49C0F383428C5CAF
:101E800010F4803F29D0D86A0E3100F00F00085CB2
:101E9000D96A11F4803F17D0D96AC1F303114A1CE3
:101EA000D96AC1F30321891CA2FB0023A1FB0415FD
:101EB000DFF838C00026A1FB0C0705FB0C7C01FBFA
:101EC00006C1FEF763F903E008496143B1FBF0F096
:101ED0000D2CCFD14008BDE8F08106486043BDE835
:101EE000F08100000010024000127A0000366E01FE
:101EF000E8B9000800093D002DE9F84F0446002C20
:101F00000FD02078FE4D10F0010F6CD0686800F003
:101F10000C0004280CD0686800F00C00082803D0DE
:101F200010E00120BDE8F88F686810F4803F09D008
:101F3000286810F4003F56D0A068002853D1012033
:101F4000BDE8F88FA068B0F5803F15D0C8B1B0F5F6
:101F5000A02F1FD0286820F480302860286820F443
:101F600080202860A06858B3FFF7C4F906462868A7
:101F700010F4003F17D036E0286840F48030286025
:101F8000F0E7286820F480302860286820F480205A
:101F90002860E7E7286840F480202860286840F43B
:101FA00080302860DEE7FFF7A5F9801B642802D99E
:101FB0000320BDE8F88F286810F4003FF3D012E04A
:101FC000FFF798F90646286810F4003F0BD0FFF79A
:101FD00091F9801B642802D90320BDE8F88F286896
:101FE00010F4003FF3D12078C64F10F0020F4FF0ED
:101FF00001094FF0000854D0686810F00C0F14D09D
:10200000686800F00C00082803D1686810F4803F6D
:102010000BD0606978B3C7F80090FFF76BF90646FC
:10202000286810F0020F12D01DE0286810F0020F8F
:1020300005D06069012802D00120BDE8F88F28682A
:10204000A16920F0F80040EAC100286029E0FFF70C
:1020500051F9801B022802D90320BDE8F88F2868B7
:1020600010F0020FF3D02868A16920F0F80040EAD0
:10207000C100286015E0FFE7C7F80080FFF73AF9D4
:102080000646286810F0020F0BD0FFF733F9801BCB
:10209000022802D90320BDE8F88F286810F0020F4B
:1020A000F3D1207810F0080F30D09748E169C1B122
:1020B000C0F80090FFF71EF90646686A10F0020F9C
:1020C0000BD1FFF717F9801B022802D90320BDE8C6
:1020D000F88F686A10F0020FF3D0012000F026FE9E
:1020E00014E0C0F80080FFF705F90646686A10F0B2
:1020F000020F0BD0FFF7FEF8801B022802D9032045
:10210000BDE8F88F686A10F0020FF3D1207810F064
:10211000040F6FD00026E86910F0805F08D1E869ED
:1021200040F08050E861E86900F08050009001269E
:10213000DFF8D8B1DBF8000010F4807F1BD1DBF8AA
:10214000000040F48070CBF80000FFF7D3F882461F
:10215000DBF8000010F4807F0DD1FFF7CBF8A0EB87
:102160000A00642802D90320BDE8F88FDBF80000DC
:1021700010F4807FF1D02069012816D0D0B1052855
:1021800021D0286A20F001002862286A20F004008B
:102190002862206941F2883B68B3FFF7ABF88246BA
:1021A000286A10F0020F17D03AE0286A40F00100C8
:1021B0002862EEE7286A20F001002862286A20F0F1
:1021C00004002862E5E7286A40F004002862286AD3
:1021D00040F001002862DCE7FFF78CF8A0EB0A0072
:1021E000584502D90320BDE8F88F286A10F0020F85
:1021F000F2D015E01AE0FFE7FFF77CF88246286A84
:1022000010F0020F0CD0FFF775F8A0EB0A0058454C
:1022100002D90320BDE8F88F286A10F0020FF2D12E
:10222000012E03D1E86920F08050E861E06A98B39C
:10223000696811F4803F0BD0696801F00C0108292E
:1022400006D1E96A11F4803F02D00120BDE8F88F81
:10225000022814D0E86A20F48030E862C7F8688069
:10226000FFF748F80646286810F0006F59D0FFF7CE
:1022700041F8801B642850D90320BDE8F88F2868F6
:1022800010F0805F09D0E86A616B00F0F0008842CE
:1022900003D00120BDE8F88F43E0C7F86880FFF75E
:1022A00029F80646286810F0006F0BD0FFF722F8D7
:1022B000801B642802D90320BDE8F88F286810F03D
:1022C000006FF3D1E86A616B20F0F0000843E86228
:1022D000E86A216B20F470600843E862C7F86890F0
:1022E000FFF708F80646286810F0006F19D1FFF7CD
:1022F00001F8801B64280BD90320BDE8F88F00008B
:10230000001002400000424280044242007000403F
:10231000286810F0006FEAD003E0286810F0006F22
:10232000A5D1206AE8B3696801F00C01082957D0EB
:1023300002280FD0C7F86080FEF7DCFF044628684B
:1023400010F0007F5DD0FEF7D5FF001B022842D9B8
:102350000320D2E7C7F86080FEF7CCFF0646286866
:1023600010F0007F0AD0FEF7C5FF801B022801D9BC
:102370000320C2E7286810F0007FF4D1606AB0F54E
:10238000803F09D1E86A61680843E862E86AE16869
:1023900020F00F000843E862A16A606A0843696898
:1023A00000E02EE021F4741108436860C7F86090E3
:1023B000FEF7A0FF0446286810F0007F21D1FEF749
:1023C00099FF001B022801D9032096E7286810F026
:1023D000007FF4D015E0286810F0007FB3D110E042
:1023E00001280CD06868626A00F48031914204D1FF
:1023F000A16A00F47010884203D001207DE701201B
:102400007BE7002079E70000401EB0F1807F01D318
:10241000012070474FF0E0214861044AF02010701D
:1024200000208861072008610020704723ED00E04C
:1024300070B50446002C04D094F84100002510B17A
:1024400006E0012070BD84F84050204600F024F8DA
:10245000242084F841002068C16821F40051C16043
:10246000204600F0D9FC2068016921F49041016107
:102470002068416921F02A0141612068C16841F466
:102480000051C1606564202084F8410084F8420056
:102490006563002070BD000030B585B00024009455
:1024A0000194029403942B4D03682B4802210322CC
:1024B000AB4222D1836943F480438361836903F48F
:1024C00080430493836943F0040383618069234D4F
:1024D00000F0040004900802CDE90001039269466F
:1024E0002846FEF7F9FD2815CDE90004694628467F
:1024F0000294FEF7F1FD05B030BD194DAB42FAD1A3
:10250000C36943F40033C361C36903F40033049324
:10251000836943F0200383618069124D00F020003D
:1025200004902020CDE90001039269462846FEF779
:10253000D3FD4020CDE90004694628460294FEF709
:10254000CBFD0948416841F0E06141F0080141607C
:10255000D1E70000003801400010024000080140AF
:102560000044004000140140000001402DE9F84300
:1025700004460E4615461F4694F84100202802D016
:102580000220BDE8F8837EB175B10020606421208F
:1025900084F84100FEF7AEFE8146A584E584A0687C
:1025A000B0F5805F03D004E00120BDE8F883206926
:1025B00090B135460026E08C4FF02008C8B14B465C
:1025C000002280212046009700F08AFC30B184F878
:1025D00041800320BDE8F8830025ECE7B5B1216810
:1025E000287848606D1CE08C401EE084E08C002858
:1025F000E5D14B46002240212046009700F070FCB8
:1026000058B184F841800320BDE8F8833088216800
:10261000C0F308004860B61CE5E784F8418000205C
:10262000BDE8F883FEE701684A6912F4806F11D0B3
:102630006FF480624A6100210163202280F83D200E
:1026400080F83E10026C42F00402026480F83C10F4
:1026500001207047002070472DE9F84F0446DDF84F
:1026600028A00B9D0F4690461E462068016841F445
:10267000806101602068016841F480710160534607
:1026800000224FF001112046009500F02AF94FF486
:10269000007948B12068006810F4807F01D0C4F848
:1026A00040900320BDE8F88F216807F0FE00086124
:1026B000DFF8F4B02B4652465946204600F086F922
:1026C00010B10120BDE8F88F206841698069009051
:1026D0002A465146204600F032FA50B1206C0428B8
:1026E00004D12068016841F4007101600120BDE857
:1026F000F88F304608F0FF0601280DD021684FEA18
:10270000182008612A465146204600F018FA70B198
:10271000206C042803D007E02068066109E02068E7
:10272000016841F4007101600120BDE8F88F206864
:1027300006612A465146204600F001FA50B1206C4D
:10274000042804D12068016841F40071016001206F
:10275000BDE8F88F2068016841F48071016053463C
:1027600000224FF001112046009500F0BAF848B160
:102770002068006810F4807F01D0C4F840900320E6
:10278000BDE8F88F2168F8B240F0010008612B46DF
:1027900052465946204600F019F910B10120BDE813
:1027A000F88F0020BDE8F88F020001002DE9F84302
:1027B0000446DDF82090099F0D461646984620688D
:1027C000016841F4807101604B4600224FF0011115
:1027D0002046009700F085F850B12068006810F49A
:1027E000807F02D04FF4007020640320BDE8F8839E
:1027F000216805F0FE0008613B464A461E49204616
:1028000000F0E4F810B10120BDE8F88320684169C8
:10281000806900903A464946204600F090F950B150
:10282000206C042804D12068016841F40071016023
:102830000120BDE8F883F5B2B8F1010F0CD0216892
:10284000300A08613A464946204600F078F970B1EE
:10285000206C042803D007E02068056109E02068A7
:10286000016841F4007101600120BDE8F88320682F
:1028700005610020BDE8F8830200010070B5044640
:102880000D4616462068406910F0040F18D1204606
:10289000FFF7C9FE08B1012070BDB5F1FF3F0AD0B6
:1028A000FEF728FD801BA84200D825B920684069A2
:1028B00010F0040F06D02068406910F0040FE6D035
:1028C000002070BD00202063202184F83D1084F892
:1028D0003E00216C41F02001216484F83C0001207D
:1028E00070BD2DE9F0470446DDF820900D461746EF
:1028F0001E46C5F307482068B8F1010F13D0806960
:1029000025EA00000004000C17D00020B8424DD189
:10291000B6F1FF3F3DD0FEF7EDFCA0EB0900B04261
:102920000DD866B135E0406925EA00000004000CCE
:1029300001D00020EAE70120E8E70120E6E7B8F14E
:10294000010F19D02068806925EA00000004000CFE
:102950001DD00020B8421CD100202063202184F823
:102960003D1084F83E00216C41F02001216484F880
:102970003C000120BDE8F0872068406925EA00009E
:102980000004000C01D00020E4E70120E2E7012070
:10299000E0E7B8F1010F0CD02068806925EA00005B
:1029A0000004000C10D00020B842B1D00020BDE8D7
:1029B000F0872068406925EA00000004000C01D07F
:1029C0000020F1E70120EFE70120EDE72DE9F047D6
:1029D00004460D4616469846C5F307472068012F62
:1029E00026D0806925EA00000004000C59D04FF081
:1029F00000094FF0200A2068406910F4806F1ED053
:102A00002068016841F40071016021686FF4806002
:102A10004861C4F8309084F83DA084F83E90206C62
:102A200040F00400206484F83C900120BDE8F08769
:102A3000406925EA00000004000C32D0D7E7B6F167
:102A4000FF3F25D0FEF756FCA0EB0800B04200D8AF
:102A5000F6B9012F15D02068806925EA000000042E
:102A6000000C15D0C4F8309084F83DA084F83E9056
:102A7000206C40F02000206484F83C900120BDE8E8
:102A8000F0872068406925EA00000004000CE9D1C5
:102A9000012F09D02068806925EA00000004000C9D
:102AA000A9D10020BDE8F0872068406925EA000030
:102AB0000004000C9FD1F4E72DE9F04104460D46D7
:102AC00016462068406910F0400F27D100274FF0CC
:102AD00020082068406910F0100F0FD020686FF0B8
:102AE00010014161276384F83D8084F83E70206CBA
:102AF000206484F83C700120BDE8F081FEF7FAFB09
:102B0000801BA84200D825B92068406910F0400F0A
:102B100007D02068406910F0400FDAD00020BDE8EF
:102B2000F081276384F83D8084F83E70206C40F08B
:102B30002000206484F83C700120BDE8F08170B56D
:102B400004460D4616462068406910F0800F18D1E3
:102B50002046FFF768FD08B1012070BDB5F1FF3FC9
:102B60000AD0FEF7C7FB801BA84200D825B9206811
:102B7000406910F0800F06D02068406910F0800F87
:102B8000E6D0002070BD00202063202184F83D1095
:102B900084F83E00216C41F02001216484F83C005F
:102BA000012070BD114810B50F49016001218A0351
:102BB000C0E90112CA02C26001820D4900228023CD
:102BC0000A704B70E1238B70CA700A714A71C0E9B8
:102BD00005124FF40001C0E90721FEF765F800284F
:102BE00001D072B6FEE710BD00800240B81500208B
:102BF000640000202DE9F04385B0002428480094AB
:102C0000019402940394816941F01001816181690A
:102C100001F010010491816941F004018161816931
:102C200001F004010491816941F008018161816929
:102C300001F008010491816941F0200181618069FE
:102C4000DFF8608000F0200004900022012140465F
:102C5000FEF748FBDFF850904FF204070022394698
:102C60004846FEF73FFB0125022603960095CDE975
:102C7000015469464046FEF72FFA00970396CDE9C6
:102C8000015469464846FEF727FA28028DE85100AC
:102C900069460648FEF720FA05B0BDE8F08300005B
:102CA00000100240000C01400014014000080140E7
:102CB0002DE9FF4100254FF4005701260224DFF8DB
:102CC0005C80CDE90254CDE9007669464046FEF7C6
:102CD00003FA012239464046FEF704FBCDE90046DF
:102CE000DFF83C80CDE9025469464046FEF7F4F92E
:102CF000002202214046FEF7F5FA6703CDE90254AF
:102D0000CDE9007669464046FEF7E6F900223946ED
:102D10004046FEF7E7FABDE8FF81000000100140E1
:102D2000000C0140FEE7FEE77047000081B0074954
:102D30004FF4FA520968B1FBF2F14843009000BF2A
:102D40000098411E0091FAD201B070479C0000200B
:102D50007047000010B5FEF7EBFEFEF7CBFA014915
:102D6000086010BD3800002030B593B038216846A7
:102D7000FDF774FA14210EA8FDF770FA012108047A
:102D80000224CDE90204CDE90840009105914FF4F9
:102D9000E01000250A9001956846FFF7ADF808B1EC
:102DA00072B6FEE70EA90F2081E831004FF4806073
:102DB000CDE9110502210EA8FEF768FF002801D019
:102DC00072B6FEE713B030BD704701680C3151E8B0
:102DD000002F22F4907241E80023002BF5D1016806
:102DE000143151E8002F22F0010241E80023002BAA
:102DF000F5D1016B012909D101680C3151E8002F8F
:102E000022F0100241E80023002BF5D1202180F8A8
:102E1000421000210163704770B5044620680169C3
:102E2000E26821F44051114301612169A06808431F
:102E3000616901432068C26822F4037222F4A0523F
:102E40001143C16020684169A26921F440711143B6
:102E500041612068A0F18041B1F59C313AD0FEF784
:102E6000DBFF00EBC00101EB001061681B4A890029
:102E7000B0FBF1F3A2FB0353B0FBF1FC5B096FF075
:102E800018056B430CEB83034FF0320C0CEB031370
:102E9000A2FB03535B0903F0F005B0FBF1F3A2FBC7
:102EA00003635B0905EB0313B0FBF1F5B0FBF1F035
:102EB000A2FB001040096FF01801484305EB8000A9
:102EC0000CEB0010A2FB00102168C0F34310184463
:102ED000886070BDFEF7B0FFC3E700001F85EB51AF
:102EE0002DE9F8430446089E0D461746984620688B
:102EF000006835EA000028D00020B84232D1B6F18F
:102F0000FF3F27D0FEF7F6F9A0EB0800B0421ED82D
:102F1000EEB12068C16811F0040F1BD0802D19D0CC
:102F2000402D17D0016811F0080F13D0002521683B
:102F30000968406800902046FFF747FF082060645A
:102F400084F840500120BDE8F8830120D5E7032034
:102F5000BDE8F8832068006835EA000005D000204D
:102F6000B842CCD00020BDE8F8830120F8E700F09B
:102F70007BBEFEE70FB4054B10B503A9044A0298C7
:102F800000F032F810BC5DF814FB0000F16100089D
:102F9000500100200FB47CB50C0009AD01D0611EBA
:102FA00000E00021CDE90001064B6A462946089859
:102FB00000F01AF8002C02D0009A002111707CBC9D
:102FC0005DF814FBB334000802E008C8121F08C102
:102FD000002AFAD170477047002001E001C1121F9A
:102FE000002AFBD1704700002DE9FF4F8DB00F463E
:102FF0000546002606E025280BD0DDE90F12904794
:103000006D1C761C28780028F5D111B03046BDE83B
:10301000F08F0024A246A1460122E94900E00443C2
:1030200015F8013F203B02FA03F00842F7D1287857
:103030002A2810D06FF02F022878A0F1300109293A
:1030400014D80AEB8A0102EB410144F0020400EBC0
:10305000010A6D1CF0E701CF5FEA000A03D544F4D2
:103060000054CAF1000A44F002046D1C28782E288E
:1030700017D115F8010F44F004042A280ED06FF080
:103080002F022878A0F1300109290AD809EB89011B
:1030900002EB410100EB01096D1CF2E757F8049BBC
:1030A0006D1C28786C280FD006DC4C2817D06828B7
:1030B0000DD06A2814D104E0742810D07A280FD1DA
:1030C0000DE044F400140AE044F4801401E044F4F8
:1030D00040146978814202D104F580146D1C6D1C86
:1030E00028786E281ED00CDC632830D004DC002841
:1030F0008BD0582811D19FE0642867D069280CD163
:1031000064E073282DD004DC6F2872D0702804D1BD
:1031100094E075286ED078286DD0DDE90F129047C5
:10312000761C4BE1C4F30250022806D0032809D0D4
:10313000042801CF09D0066040E101CFF117C0E9B2
:1031400000613BE101CF068038E1067036E117F8F7
:10315000040B8DF8000000208DF80100EB460120E3
:1031600003E057F804BB4FF0FF3061074FF0000158
:1031700002D40DE008F10101884649450FDA804587
:10318000F8DB1BF808100029F4D108E008F1010170
:1031900088468142FADB1BF808100029F6D1DDE9E8
:1031A0000F23AAEB08008146214600F031F9304494
:1031B00000EB080604E0DDE90F121BF8010B904755
:1031C000B8F10108F7D221464846F2E00A21C4F3DB
:1031D00002524FF0000B0891022A04D001CFC11710
:1031E000032A09D00AE0FF1D27F00707F7E80201CC
:1031F00008E02CE01EE01FE000B2C117042A01D154
:1032000040B2C117021E71F1000206DA0023D0EBB2
:10321000030063EB01012D2202E0220504D52B22DD
:103220008DF82420012203E0E20701D02022F7E7F5
:10323000904653E00A210BE0102109E010214FF0E5
:10324000000B44F004044FF00809089103E0082142
:103250004FF0000B0891C4F30252022A04D001CFB0
:103260000021032A06D006E0FF1D27F00707F7E834
:10327000020103E080B2042A00D1C0B24FF000087E
:1032800022072BD52A78702A07D0DDF820C08CF0D1
:10329000100C5CEA0B0C05D00EE040228DF82420C7
:1032A000012208E050EA010306D030238DF82430D3
:1032B0008DF8252002229046089B83F0080353EAEC
:1032C0000B030BD150EA010201D1620706D530226F
:1032D0008DF824204FF00108A9F101092A78582A15
:1032E00004D038A20B9208AA0A920BE03AA2F9E79E
:1032F0005B46089AFCF74AFF0B9B9B5C0A9A521E9E
:103300000A92137050EA0102F2D10A98ADEB000064
:1033100000F1200B600702D524F4803401E04FF067
:103320000109D94502DDA9EB0B0000E0002000EB0C
:103330000B0141440890AAEB010AE00306D4DDE941
:103340000F232146504600F063F806444FF0000971
:1033500008E009A911F80900DDE90F12904709F109
:103360000109761CC145F4DBE0030CD5DDE90F2330
:103370002146504600F04CF8064404E0DDE90F1207
:1033800030209047761C0899481E08900029F5DCEB
:1033900008E00A980A990078491C0A91DDE90F12A1
:1033A0009047761CBBF10001ABF1010BF1DC21462B
:1033B0005046DDE90F2300F019F806446D1C21E6A4
:1033C00009280100303132333435363738396162FB
:1033D00063646566000000003031323334353637BF
:1033E0003839414243444546000000002DE9F04190
:1033F000044600251E461746880404D405E03946D5
:103400002020B0476D1C641EF9D52846BDE8F08128
:103410002DE9F041044600251E469046C80301D51B
:10342000302700E02027880404D505E041463846CF
:10343000B0476D1C641EF9D52846BDE8F081F0B593
:103440001E1EC1B014460B4602D004F1060101E075
:1034500004F10501CFB24FF055018DF800104FF087
:10346000AA018DF801108DF8020001D0201D00E0A6
:10347000E01C8DF80300224619466D4601A8FCF7B2
:10348000C6FE30000DEB040607D0A11CA81C00F0FE
:1034900063F8010A3171707105E0A41CE1B2A81C47
:1034A00000F078F830713946684600F0FFFB41B013
:1034B000F0BD4A68002A06D00A68531C0B601070E1
:1034C0004868401E486070472DE9FF4782464FF02C
:1034D00064080025FDF70EFF0746E94631E003A822
:1034E00008F036F868B39DF80C00AA2829D18DF8A9
:1034F00000000124FDF7FEFE064608E009EB04008B
:1035000008F026F808B1641CE4B20B2C06D2FDF7D3
:10351000F1FE801B0A28F1D30B2C12D39DF8010079
:1035200055280ED1BDF8020040BAA0F59851663971
:1035300007D1092109F1020000F02CF808B96D1C2F
:10354000ADB2FDF7D7FEC11B414501D25545C6D3EB
:1035500004B02846BDE8F087F0B505464FF6FF7485
:103560002046002241F2210611E0AB5C80EA0320F4
:103570000023070403D586EA400080B201E004EA94
:1035800040005B1CDBB2082BF3D3521C92B28A4280
:10359000EBD3F0BD70B506461F20002212E0B45CEC
:1035A0000023E50985EA1015640645EA40005B1C26
:1035B000240E80EA8500DBB200F01F00082BF0D358
:1035C000521CD2B28A42EAD370BD00002DE9FC47FA
:1035D0000E4682460146EB239022684600F0ACF985
:1035E000019D50462946FCF7AAFE10F1FF4F01D37A
:1035F00080F000401B49884232DB1B4CA0422CDB90
:1036000029465046FDF766F801D2012001E04FF04F
:10361000FF30804621462846FCF7C9FEFDF70BF82F
:10362000054621465046FCF7C2FEFDF704F8074662
:10363000A14610E045442846FCF7EFFF4946FCF759
:1036400084FE00F059FAFDF755FE0446FDF752FEE0
:10365000001BB042FAD3BD42ECD1504600F04CFA08
:10366000BDE8FC8717B7D1380000C8400148407852
:1036700070470000000000200148007870470000FB
:10368000000000202DE9F04389467F49054691B0AE
:10369000886940F0080088618869002700F0080008
:1036A00000900120CDE9040703900220774C06909A
:1036B00003A92046FDF710FD012211462046FDF723
:1036C00011FE734E0024304600F0A4FA641C032C53
:1036D000F9DB70A1D1E90001CDE9000107216846BD
:1036E00000F0E1F92846FFF7EFFE040020D06B4E12
:1036F0006BA207AB347007CA83E807000B2107A849
:1037000000F0D1F969A207AB07CA83E807000B21D3
:1037100007A800F0C8F9022269465320009700F07C
:10372000BFF94FF4807898FBF4F07070002510E03A
:10373000002011B0BDE8F0837178029705FB01F01D
:103740008DF80800022202A9402000F0A9F96D1CA2
:10375000EDB2A542F0DB58A007AB07C883E807002D
:103760000B2107A800F09FF956A007AB07C883E814
:1037700007000B2107A800F096F9404600F095F9E4
:1037800053A007AB07C883E807000B2107A800F088
:103790008AF952A007AB07C883E807000B2107A8E6
:1037A00000F081F950A207AB07CA83E807000B219C
:1037B00007A800F078F9002740E070784DA107FBDA
:1037C00000F5D1E90001CDE907018DF81C50062272
:1037D00007A9412000F064F948A00622D0E90010B2
:1037E000CDE909108DF8245009A9412000F058F9BD
:1037F00044A00622D0E90010CDE90B108DF82C5022
:103800000BA9412000F04CF940A10622D1E90001AA
:10381000CDE90D018DF834500DA9412000F040F99B
:103820003CA10622D1E90001CDE90F018DF83C5001
:103830000FA9412000F034F97F1CFFB2A742BCDB86
:10384000484600F059F9024670200090A3B20020CB
:10385000324900F08BF932A207AB07CA83E80700B0
:103860000B2107A800F01FF930A00622D0E90010B4
:10387000CDE9071007A9512000F012F92D4800F0FA
:1038800029FA204655E7000000100240000C0140D4
:1038900000E0FF1F55AA520500000A0000000020AA
:1038A00055AA510900A800070000030055AA5109B4
:1038B0000018FF0FC100000055AA5109003C80000C
:1038C00085400C0055AA5109003C80008020190059
:1038D00055AA51090054000000031D0055AA5109C2
:1038E000005802111111060055AA4109002C007C54
:1038F0000003030000A8000701F000000018F0001A
:10390000C1000000003C800085400000003C8000B9
:1039100080200000003C800082AA00000000F03FF0
:1039200055AA510900A49000FFFF1C000028113087
:103930000200000040420F002DE9FF5F4FF0000A37
:103940002D4E934650E000BF4FF0010801243CE0AB
:10395000012538E02846FCF769FE81462046FCF741
:1039600065FE07464046FCF761FE3946FCF7EDFC74
:103970004946FCF7EAFC07465846FCF757FE1F4944
:10398000FCF7E3FC3946FCF712FD8146304601990D
:10399000FCF7D5FC20F0004748460199FCF7CFFC26
:1039A00020F000403946FCF78BFE0AD250466BF3FC
:1039B000070068F30F2064F3174065F31F60824629
:1039C0004E466D1CEDB2A542C4D3641CE4B2072C74
:1039D000BED908F1010000F0FF08B8F1020FB5D917
:1039E0000BF1010000F0FF0B03998B45ACD9009857
:1039F000C0E900A6BDE8FF9F286B6E4E0000C841DD
:103A00002DE9F84388460746FDF774FC224C234D08
:103A10000646684607F09CFD0028A0781DD028B314
:103A2000012829D09DF800102954401CC0B2A07074
:103A30000B28EED10020A0700921A81CFFF7AAFDD9
:103A40000028E6D12868386068687860288938815D
:103A5000A87AB8720120BDE8F8830028FBD0FDF7F2
:103A600049FC811B4145D4D30020F4E79DF80000B8
:103A7000AA28CED128700CE09DF80000552804D06B
:103A80002870AA2805D0002001E068700220A070EC
:103A9000BFE70120FBE70000000000205C010020E0
:103AA0000023FFF7CCBC00F001B97CB56C460021C7
:103AB00001E04008491C0128FBD8002001252070A6
:103AC0008D40142060706D1E280E04F0B1FCA070B3
:103AD000C5F3074004F0ACFCE070C5F3072004F028
:103AE000A7FC2071E8B204F0A3FC607106226946CD
:103AF0005120FFF7D5FF7CBD7FB50146EB23902217
:103B000002A8FFF719FF9DF808209DF8091002EBA5
:103B1000C20404EB0214B4FBF1F49DF80A309DF8E2
:103B20000B00B4F5166F01D3502400E040245B1E57
:103B300003F00F03401E0BA563F31F10D5E90035FA
:103B4000CDE900358DF804108DF802408DF8032082
:103B50008DF80500062269465120FFF7A1FF039862
:103B600004B070BD00080000000000002DE9FC4119
:103B700006461C4617468846089803F07BFE054615
:103B8000204603F077FEFCF751FD04462846FCF77B
:103B90004DFD01464FF09F40FCF709FC2146FCF724
:103BA00006FC05463846FCF778FD07460C462846D5
:103BB000FCF773FD0022144BFCF737FC3A46234612
:103BC000FCF7A5FC4FF0FF32FCF710FD32464346F0
:103BD000FCF72BFCFCF748FD0CA2D2E90012CDE962
:103BE0000012010E8DF80210010C8DF80310010A6D
:103BF0008DF804108DF80500062269465120FFF764
:103C00004FFFBDE8FC8100000000394000100000BB
:103C1000000000001CB508A2400BD2E90012CDE95B
:103C20000012010A8DF804108DF80500062269467D
:103C30005120FFF735FF1CBD00A4900000000000DC
:103C4000084810B50068C16841F02001C160002239
:103C500001212520FDF7D4FFBDE810402520FDF708
:103C6000C1BF0000541600200C4810B500680C4974
:103C700082060ED508680B49C0B28A88CB88521CD0
:103C8000C2F309029A4203D0074B8C8818558A80E8
:103C900010BD0007FCD5086810BD000000380140C9
:103CA00004380140000000206701002030B5084BB7
:103CB00000221C1D06E01D682D06FCD5855C2560D4
:103CC000521C92B28A42F6D318684006FCD530BD29
:103CD0000038014070B505460A4801684906FCD520
:103CE000084C0C34206820F400502060FEF7A4F843
:103CF000B0FBF5F0211F0860206840F40050206000
:103D000070BD0000003801402DE9F0410F46064625
:103D100014461D46511C184607F044FE2E7124B16E
:103D200022463946681DFCF772FA641DA0B2BDE850
:103D3000F081000070B5244C98B0E068002840D0B5
:103D4000002105A8FFF75CFE00283ADD0020029064
:103D50000490DDF8160005BABDF81C00039546BABC
:103D60009DF81B0000F0F8018DF8081000F0070026
:103D70008DF80B00680E8DF80A00FFF777FCC5F38D
:103D80004741B1FBF0F08DF8090061699DF80A30F8
:103D900041EA463104919DF80B10CDE900109DF8E1
:103DA00008100AA0039AFFF7E5F808A80090D4E9E4
:103DB000102302A804F0EAF8010002D008A801F0DC
:103DC00061FE18B070BD0000300000205B4E4F4E09
:103DD00043455D206A6F625F69643D2564206E6FB4
:103DE0006E63653D30782530385820636F72653DCD
:103DF000256420736D616C6C3D256420617369637B
:103E00003D25640D0A0000002DE9FC41050055D058
:103E10002C6A002C52D000266682A16A4FF03C0228
:103E20004B1C4FF480374FF6FF7009D01E31B1FBA9
:103E3000F2F1B94201D3014601E001B90121A182A9
:103E4000E16A4B1C0AD01E31B1FBF2F3BB4201D335
:103E5000034601E003B901236381E381216B4B1C1D
:103E60000AD01E31B1FBF2F2BA4201D3024601E0A0
:103E700002B90122A28122826289A1898A4201D3E8
:103E800001B16681E179C90701D0206A08E0217F8C
:103E90007F2901D8FF2003E0C02901D36FF07F40C4
:103EA0000090606A01900A21204600F055FE01ABA7
:103EB0006A4604F11C01284603F078FCBDE8FC8149
:103EC00070B5294804684CE0206AA0B3417991B3E9
:103ED000818A69B1418A491C89B24182828A9142B0
:103EE00006D1204600F0BAFC204600F03DFE37E047
:103EF000018A19B14A1E0282012906D0C189D1B1B5
:103F00004A1EC281012917D02AE0256A2046697914
:103F1000012905D00A2903D0052901D004291FD180
:103F200000F022FBA88A698A401A022818DB00EBFD
:103F3000D0704008288213E0256A2046697901295B
:103F400003D00A2901D005290AD100F0E9FCA8898B
:103F5000698A401A022803DB00EBD0704008E88130
:103F60002468002CB0D170BDC00000202DE9F047BE
:103F7000994616460D4607000ED06DB14FF49A7A59
:103F80004FF420725146382003F0A8FCB0F100082D
:103F900003D0032E06D102E00020BDE8F087687947
:103FA000032808D1A879234C08B1606802E0FDF726
:103FB000A1F960602860D8F8044051462046FCF71B
:103FC0004DF901202070607097F83000A0702868CB
:103FD00002F08CFD6060082E0AD0042E08D0072E57
:103FE00006D0032E06D16879052801D0042801D116
:103FF0007868E060002039182218401C91F82A10D7
:1040000080B211770628F6D30B48C4F8EC0004F10F
:10401000F001012335220C46002000F04BF9324616
:10402000214600F04EF9B9F1000F01D0A9F80000C7
:104030004046B2E7280100206382536310B5064C66
:104040002078401E10F0FF00207004D1A06807F017
:10405000FDFB0020A06010BD280100202DE9FE4FCF
:10406000046A07464FF0000906212046C4F81C9058
:1040700000F072FD02AB012221463846FFF776FFC1
:10408000060041D071680223F0318A463922554634
:10409000BDF8080000F00EF9ADF808003A8D294689
:1040A00000F047F9ADF808003A46294600F00DF94E
:1040B000ADF8080003233722294600F0FBF8DFF8AB
:1040C0008480ADF808000025514618F80520BDF899
:1040D000080000F0F6F86D1CEDB2ADF80800032DF5
:1040E000F2D33246514680B200F02BF916484323F2
:1040F000CDE900701348154A401E3146806807F02C
:10410000DDFB304603F031FDA079FF2801D2401CD1
:10411000A071C1B2062902D20120884000E03C20F3
:1041200000EB4001C1EBC0104FF6FF7101EAC00087
:104130004FF4FA7100F2F310B0FBF1F02081484621
:10414000BDE8FE8F2901002004BB000808BB000861
:104150001B4810B504682FE0206AF8B101890129D5
:1041600003D9A1F10101018125E024D14FF0000123
:104170000181216A48790C2806D0062804D001283C
:1041800006D0032811D016E02046FFF767FF12E0A3
:1041900088790528204602D800F032FC0BE000F0B8
:1041A0005DFB204600F0E0FC05E088790228EBD2B8
:1041B000204600F04BFA2468002CCDD110BD000041
:1041C000C000002070B5046A0020184D20626062B3
:1041D000E878174E08B1F068A062287908B1306914
:1041E00001E0A06A4008E062687908B1706903E004
:1041F000A06AC0EBC000C00820630869E061A8792C
:1042000038B1B06902F072FC2062E07940F0010040
:1042100002E0E07920F00100E071E879002803D0A5
:10422000F06902F063FC606270BD000034010020A0
:10423000D455002010B5104C2078A8B907F0F4FA36
:10424000A060B0B1417A442241F0200141720B4993
:1042500007F094F943220949A06807F0EBF900221E
:104260000749A06807F0EDFA2078401C2070002074
:1042700010BD4FF0FF3010BD2801002004BB000826
:1042800059470008016A002913D04B790022042BFA
:104290000CD004DC002B0CD0032B04D106E0052B42
:1042A00004D00A2B02D08A71FFF7D8BE8A7100F0C1
:1042B000CDB970470A54401C80B20B54401C80B2E8
:1042C00070470A54401C80B270472DE9F041054602
:1042D000506A14460E46C8B1FBF7CBFFB0B1646A12
:1042E000C5F14101884200D308460746C3B20C22FB
:1042F00031462846FFF7DEFF05E014F8012B314672
:104300002846FFF7DEFF05467F1EF6D22846BDE8A9
:10431000F081130E0B54401C80B2130C0B54401C44
:1043200080B2130A0B54401C80B20A54401C80B265
:104330007047130A0B54401C80B20A54401C80B2D0
:104340007047FF230B54401C80B2002302E00B5443
:10435000401C80B24428FAD3F03081B2104603F0FA
:1043600061BC00002DE9F04F87B082460020049028
:104370007B480021C1600161BAF80A002C2814D3DF
:10438000774FF024BAF808006FF005090C3756464D
:10439000059404E0621A401A366894B280B226B1DD
:1043A0007189A142F6D90290B1E06FF0010007B027
:1043B000BDE8F08FA01C80B24FF0FF380190A04202
:1043C000F3D37389621C934203D903982044407845
:1043D00003E0306808B1406800783429054624D0ED
:1043E00007DC89B1012912D0032914D0332908D15F
:1043F00017E035292ED0362930D03A2932D03B2942
:1044000035D0002591B317E000200546FAE70428CF
:104410007ED1062303E0042504287DD30723984694
:10442000F0E7042878D10323F9E7012874D105992E
:10443000F02971D14FF000082044801CB0F5803F76
:10444000B3D284B2F5B30020CDF8000017F808000D
:1044500098B14FE001285FD10123E0E704285BD148
:104460000223DCE7042857D10423D8E703E004281B
:1044700052D10523D3E794B23CE0042D01D2284663
:1044800000E004208346024669463046019B03F063
:10449000E1FA584589D1042D19D9A8073CD101204A
:1044A00007F80800009802F021FB2E4A2D1FEDB2FC
:1044B00042F8280001980199001D80B28842FFF45B
:1044C00074AF00E016E008F101080190BEE7042D8A
:1044D00002D0012D20D103E0009802F007FB01E09B
:1044E0009DF80000009001201E4907F80800009A7E
:1044F00041F828207089A04210D8211A8CB2029964
:10450000081A80B2029084429AD2366806B100E05E
:1045100002E07068039002E0484648E73EB1029826
:10452000844204D20398015DFF297FF443AF3878B9
:1045300048B10C4800210068397001280DD00228CC
:1045400004D0032807D004980028E6D000202C24AB
:1045500004906C201BE7012004906C24EC2016E7EB
:1045600028010020D45500202DE9FC47046A0746A5
:104570000421204600F0F0FA01AB03222146384620
:10458000FFF7F4FC060041D071680223F031894640
:1045900039224D46BDF80400FFF78CFEADF804004B
:1045A0003A8D2946FFF7C5FEADF8040003233722F4
:1045B0002946FFF77FFEDFF88C80ADF80400002568
:1045C000494618F80520BDF80400FFF77AFE6D1C77
:1045D000EDB2ADF80400032DF2D33A46494680B25D
:1045E000FFF773FEADF8040032464946FFF7A9FE17
:1045F00014480097401E4323134A3146806807F051
:104600003FF90546304603F0B0FA01E04FF0FF35C0
:10461000A079FF2801D2401CA071C0B20A2803D2A1
:104620004FF47A71484301E042F2107080B24FF4C7
:10463000FA7100F2F310B0FBF1F020812846BDE8DA
:10464000FC8700002901002008BB00082DE9FC4779
:10465000046A07460321204600F07EFA01AB0322DC
:1046600021463846FFF782FC060055D071680223C8
:10467000F031894639224D46BDF80400FFF71AFE95
:10468000ADF804004FF410722946FFF752FEADF862
:104690000400042332222946FFF70CFEADF8040083
:1046A000E06902F023FA02462946BDF80400FFF74C
:1046B00030FEADF80400032337222946FFF7FAFD48
:1046C000DFF88C80ADF80400002500BF18F8052045
:1046D0004946BDF80400FFF7F4FD6D1CEDB2ADF8DE
:1046E0000400032DF2D33A46494680B2FFF7EDFDB0
:1046F000ADF8040032464946FFF723FE1448009700
:10470000401E4323134A3146806807F0B9F8054636
:10471000304603F02AFA01E04FF0FF35A079FF2878
:1047200001D2401CA071C0B20A2803D24FF47A71A2
:10473000484301E042F2107080B24FF4FA7100F287
:10474000F310B0FBF1F020812846BDE8FC870000A3
:104750002901002008BB00082DE9F0413B485168C1
:1047600016464468256A002D6BD02879002868D049
:1047700070892C2865D30878022862D1002094F82B
:10478000302008E023180F1893F82A303F7FBB42EF
:1047900057D1401CC0B2824201D90628F2D34868E2
:1047A00002F0A4F9296888424BD129463046FFF728
:1047B000D9FD98BB2649487880B3264A7768107996
:1047C000052804D0062813D0022828D039E06879BB
:1047D000012805D0032803D0042801D0052830D1B2
:1047E00039462046FFF7EEFC2046FFF70DFB28E098
:1047F0006879032805D0012803D0042801D00528B2
:104800001FD10C21206A00F0A7F9134B20461A464D
:10481000114602F0CBFF2046FFF720FC11E068793B
:1048200006280ED12546246A887850B100202081C0
:10483000906802F05BF9A0613869E061284600F0F9
:10484000DFF83046BDE8F04103F08FB95C55002039
:1048500034010020D455002004BB00082DE9FE439C
:10486000046A0746002C55D06079002852D0A06910
:1048700002900025A561E561256265622563E56218
:10488000A562A58265822582E581384600F0A6F9F9
:1048900000282946204635D000F05EF901AB0722FA
:1048A00021463846FFF762FB060024D071680423D6
:1048B000F03136228846BDF80400FFF7FBFCADF866
:1048C0000400029802F012F902464146BDF80400C5
:1048D000FFF71FFDADF8040032464146FFF731FDFA
:1048E0000D480097432302AA3146806806F0C8FFAE
:1048F000304603F03AF9094B38461A46114602F0A1
:1049000055FF01E000F028F92079002802D0FFF7D8
:1049100095FB2571BDE8FE832801002004BB00083B
:104920002DE9FC47046A07460521204600F014F9EA
:1049300001AB032221463846FFF718FB060042D0A0
:1049400071680223F031894639224D46BDF80400D2
:10495000FFF7B0FCADF804003A8D2946FFF7E9FCFB
:10496000ADF80400032337222946FFF7A3FCDFF844
:104970008C80ADF804000025494618F80520BDF8E4
:104980000400FFF79EFC6D1CEDB2ADF80400032D92
:10499000F2D33A46494680B2FFF797FCADF80400DF
:1049A00032464946FFF7CDFC14480097401E43238A
:1049B00004F118023146806806F062FF0546304671
:1049C00003F0D3F801E04FF0FF35A079FF2801D2C2
:1049D000401CA071C0B20A2803D24FF4FA614843C8
:1049E00001E044F6206080B24FF4FA7100F2F31057
:1049F000B0FBF1F020812846BDE8FC8729010020AA
:104A00002DE9FE4306007AD0346A002C7BD00121C8
:104A1000204600F0A1F802AB032221463046FFF702
:104A2000A5FA070072D079680223F031894639224D
:104A30004D46BDF80800FFF73DFCADF80800328D8B
:104A40002946FFF776FCADF80800042332222946F8
:104A5000FFF730FCADF80800E06902F047F80246C5
:104A60002946BDF80800FFF754FCADF80800042300
:104A700036222946FFF71EFCADF80800A06902F0B7
:104A800035F802462946BDF80800FFF742FCADF8AC
:104A90000800032337222946FFF70CFCDFF8AC801F
:104AA000ADF80800002500BF18F805204946BDF8FC
:104AB0000800FFF706FC6D1CEDB2ADF80800032DF1
:104AC000F2D33246494680B2FFF7FFFBADF808004B
:104AD0003A464946FFF735FC1D484323CDE90060BF
:104AE0001A481C4A401E3946806806F0E7FE054613
:104AF000384603F03AF80BE001E004E006E06FF01E
:104B00000F00BDE8FE836FF00500FAE74FF0FF35B8
:104B1000A079FF2801D2401CA071C0B2062802D2A1
:104B20000121814000E03C2101EB4100C0EBC110BC
:104B30004FF6FF7101EAC0004FF4FA7100F2F31072
:104B4000B0FBF1F020812846DBE7000029010020BE
:104B500004BB000808BB000842798A4203D04171B7
:104B6000002181710181704770B505006FF00F0061
:104B700017D095F83110C90713D0288D2C6A4FF043
:104B8000FF36B0F5107F0BD364B1207908B1FFF781
:104B900055FA34212046FBF761FBFFF74BFB40B190
:104BA000304670BD342002F0FEFC0400F8D02C62C8
:104BB000EFE70120207195F83100400705D402216C
:104BC0002046FFF7C9FF002070BD2846FFF746FAD0
:104BD0000028F9D02846FFF741FEE1E740B1006A1E
:104BE00030B140790A2805D0052803D0042801D027
:104BF000002070470120704770B505460C4603F051
:104C000017FDA96809682160A9680C60BDE87040BB
:104C100003F010BD10B5044603F00AFDA1680C684E
:104C20002CB122680A6003F005FD204610BD03F098
:104C300001FD002010BD0000F0B58BB056294DD30A
:104C4000828952BAB2F5006F48D1827B1207920E68
:104C5000142A43D302F116038B423FD8C37D112B94
:104C60003CD10E3283181C885B8864BA5BBA432C33
:104C700005D0442C03D0432B01D0442B2ED102F17C
:104C8000340508328D4229D88518815CA888AA7914
:104C900040BA000440EA0222E87905F11006024316
:104CA00005F11C00012947790579CDE90943CDE9D2
:104CB0000757C478837845780078CDE90305CDE9B6
:104CC00005347078F478B3788DE81900337807D01C
:104CD000022907D004A10548FEF74CF90BB0F0BD3E
:104CE00003A1F8E703A1F6E73F000000B4BE000807
:104CF000524551005245504C590000002DE9FC41ED
:104D0000294C05460E46A06810B10120BDE8FC8183
:104D1000E068002846D1288841BA0A04A97847BA31
:104D200042EA0123EA783F04134347EA01271B06BE
:104D3000BFB243EA072347BA40BA000440EA012061
:104D40001949FFB243EA07231043203143EA1060B8
:104D50000860268004F091FCE06050B10022134905
:104D600003F0E8FD002740B1E06803F045FDE7608F
:104D700018E00FA0FEF7FEF814E0E878CDE9000691
:104D8000AB786A7829780EA0FEF7F4F80649154B3F
:104D900032462031E06803F0CFFF0028E4D1FCF771
:104DA000A9FA20610020B1E70800002004BB000838
:104DB0005B5443505D204E6F205043420D0A00006B
:104DC0005B5443505D20436F6E6E656374202564B1
:104DD0002E25642E25642E25643A25642E2E2E0D54
:104DE0000A000000C9890008F0B589B001265BA05F
:104DF000FEF7C0F8002401AD04F1110081B2304685
:104E0000FBF7E6FE25F81400641C0F2CF4DB5EA013
:104E1000FEF7B0F85FF0000463A035F81410FEF759
:104E2000A9F8641C0F2CF7DB61A0FEF7A3F818218A
:104E30003046FBF7CDFE044619213046FBF7C8FE8D
:104E4000024621465BA0FEF795F8BDF8041066A067
:104E5000FEF790F803213046FBF7BAFE0446032123
:104E60003046FBF7B5FE054603213046FBF7B0FEA2
:104E70000746AC4203D1BD4201D163A000E064A06B
:104E800000903B462A46214664A0FEF773F8AC42E8
:104E900012D1BD4210D1A4F52040B0382BD0A4F5DA
:104EA000B840903825D002213046FBF791FE0146EC
:104EB000224667A0FEF75EF871A0FEF75BF840F6A9
:104EC000B830FBF7DDFE01213046FBF781FE0446DA
:104ED00005213046FBF77CFE074600213046FBF7F4
:104EE00077FE054672A0FEF745F8E80508D577A0DD
:104EF00007E078A100E078A178A0FEF73BF8DBE7B7
:104F000080A00090A80401D580A300E081A3E8045C
:104F100001D581A200E081A2294681A0FEF72AF8EE
:104F2000A00601D58CA300E08DA3600701D58EA259
:104F300000E08FA2214690A0FEF71CF80FB19BA2C3
:104F400000E09CA239469DA0FEF714F8600702D548
:104F5000A4A0FEF70FF809B0F0BD00005B5048595F
:104F60004442475D203D3D3D20445038333834387D
:104F700044534B2032354D487A20524D4949203F09
:104F80003F203D3D3D0D0A005B5048594442475D7E
:104F900020457874207265677320307831312D3068
:104FA0007831463A000000002025303458000000D7
:104FB0000D0A00005B5048594442475D205354524B
:104FC00041502830783138293D3078253034582008
:104FD0002053545241502830783139293D307825BA
:104FE0003034580D0A0000005B5048594442475D78
:104FF0002050485943522830783131293D307825A6
:105000003034580D0A000000737461626C65000052
:10501000554E535441424C45210000005B504859C5
:105020004442475D205048594944523220726561DC
:1050300064733A2030782530345820307825303465
:105040005820307825303458202025730D0A000070
:105050005B5048594442475D20556E7265636F67E7
:105060006E697A6564205048592049443D3078255E
:105070003034583A3078253034580D0A000000009A
:105080005B5048594442475D2057616974696E67B7
:1050900020337320666F72206175746F6E656720B0
:1050A000746F20736574746C652E2E2E0D0A0000CB
:1050B0005B5048594442475D203D3D3D203F3F3FC6
:1050C0003F3F3F203D3D3D0D0A00000046554C4C02
:1050D000000000004B535100432F49005B504859DA
:1050E0004442475D20504859203D204450383338D1
:1050F00034382025732028636F6E6669726D65648D
:10510000290D0A0048414C46000000003130304D66
:105110000000000031304D00454E0000444953006E
:105120005B5048594442475D204243523D30782508
:1051300030345820206175746F6E65673D2573208B
:105140002073706565643D257320206475706C65FF
:10515000783D25730D0A0000444F4E4500000000C5
:1051600050454E44494E4700555021212100000032
:10517000444F574E000000005B5048594442475D81
:1051800020424D53523D30782530345820206C69F0
:105190006E6B3D257320206175746F6E65675F646B
:1051A0006F6E653D25730D0A000000005052455397
:1051B000454E5400414253454E5400005B504859FF
:1051C0004442475D20414E4C5041523D307825309D
:1051D00034582020706172746E65723D25730D0A1B
:1051E000000000005B5048594442475D202A2A2AAB
:1051F000203F3F3F3F3F3F3F3F3F3F3F3F3F202A12
:105200002A2A0D0A0000000004490A7902704A792E
:1052100042708A798270C979C17070478005002018
:1052200002484068002800D0012070478005002017
:1052300030B5404D044687B0002204212846FCF7D3
:1052400051F83220FBF71CFD012204212846FCF70F
:1052500049F84FF49670FBF713FD612204210120F9
:10526000FBF7E8FC4FF4905200210120FBF7E2FC31
:105270004FF4FA60FBF704FD2FA0FDF77BFE00F072
:105280005FFF2046FBF786FC354883690268416969
:1052900034A0FDF76FFE4048426801683FA0FDF76B
:1052A00069FE4748416847A0FDF764FE01F022FC13
:1052B0000020039004904E4A4E4905908DE8070067
:1052C00004AB05AA03A94C4802F0B4F900282BD07E
:1052D000494802F09BFA484802F0BEFA01214648CC
:1052E00000F080FF444821681838434D40F8421FC1
:1052F000A1888180062085F8300061792079CDE988
:105300000001E3783DA21821A5F11800FDF742FE47
:10531000A5F1180068621830FFF726FC3DA0FDF7E4
:1053200029FE012007B030BD46A0FDF723FE002076
:10533000F8E70000001401405B5048595D20466FBB
:10534000726365642031304D20284554485F464FD4
:105350005243455F31304D3D31290D0A00000000B8
:10536000009002405B444D415D20444D4153523D0D
:105370003078253038582020444D41424D523D3040
:1053800078253038582020444D414F4D523D3078DB
:10539000253038580D0A0000008002405B444D4122
:1053A0005D204D414343523D307825303858202010
:1053B0004D41434646523D3078253038580D0A005D
:1053C000000001405B444D415D204146494F5F4D27
:1053D0004150523D30782530385820202862697479
:1053E00032343D4554485F524D4949290D0A000069
:1053F000516000086D610008800500204254434D53
:10540000696E65722D25303258253032582530327C
:10541000580000005B4C5749505D204448435020E1
:1054200073746172746564202877616974696E674A
:1054300020666F72206C65617365292E2E2E0D0A11
:10544000000000005B4C5749505D206E6574696632
:105450005F616464206661696C65640D0A00000028
:1054600001488068704700000800002010B5012145
:105470000846FBF7ADFBC0F3800010BD0148006893
:10548000704700003C010020014840687047000060
:105490003C0100200248002101604160704700008B
:1054A0003C010020F0B589B02C4800F077FEFBF7F6
:1054B00021FF2B4C05466069281AFA2802D965613C
:1054C00003F0BAF8A069F0B924494868D8B10120BE
:1054D000A061084602460DF1140CD77A967A537AE9
:1054E000127A8CE8CC00C37B827B467B007BCDE9C3
:1054F0000106CDE90323C87900908B794A790979AF
:105500001848FDF737FDE0690026281AB0F5FA6F54
:105510000FD9E561FFF7AAFF08B1012106E0A068F5
:1055200018B111A0FDF726FDA66000210B4800F080
:1055300059FEA06800280FD1E06800280CD020692F
:1055400041F28831281A884206D90CA0FDF712FDD5
:10555000E06803F051F9E66009B0F0BD8005002075
:105560000800002018BB00085B4554485D204C69CA
:105570006E6B206C6F7374210D0A00005B544350F6
:105580005D2054696D656F75742C20726574727935
:105590000D0A00002DE9FF41FFF726FC7C4E002597
:1055A00031467CA0FDF7E6FC346980A02146FDF77A
:1055B000E1FCC4F30043C4F3C422C4F38411C4F374
:1055C00080008DE80F0004F00101C4F3C003C4F3B0
:1055D000001284A0FDF7CEFC346902210120FBF704
:1055E000F7FA3269034621468CA0FDF7C3FC9BA065
:1055F000FDF7C0FC00244FF6FF77A0B20221FBF7B5
:10560000E7FA0646A0B20321FBF7E2FA03463EB1F1
:10561000BE4205D0324621469AA0FDF7ABFC0125DB
:10562000641C202CE9DBC5B1012402212046FBF7D4
:10563000CFFA074603212046FBF7CAFA06460121A6
:105640002046FBF7C5FA05463246394697A0FDF7D6
:1056500091FCA80615D5A2A014E0A3A0FDF78AFC32
:1056600002210120FBF7B4FA044601210846FBF7AA
:10567000AFFA04B02146BDE8F0410246A5A0FDF70F
:1056800079BCAFA00090E80401D5AFA300E0AFA3C0
:10569000680701D5AEA200E0AFA22946B0A0FDF791
:1056A00069FC10212046FBF793FA0146800601D5DC
:1056B000BAA000E0BAA00090480701D5BAA300E064
:1056C000BBA3880701D5BCA200E0BCA2BDA0FDF72A
:1056D00051FC00212046FBF77BFA0146000501D56D
:1056E000C6A000E0C6A04A0501D5C6A200E0C6A239
:1056F000CB0501D5ACA300E0ADA38D0401D5AFA5CA
:1057000000E0ADA5CDE90220CDE90053C80401D5E4
:10571000BEA300E0BEA3080401D58BA200E0BDA299
:10572000BE48FDF727FC04212046FBF751FA054649
:1057300005212046FBF74CFA0446C5F38022C5F349
:105740004011C5F380108DE80700C5F3C013C5F301
:1057500000222946B248FDF70DFCC4F38022C4F3B1
:105760004011C4F380108DE80700C4F3C013C4F3E4
:1057700000222146AB48FDF7FDFB0CB1AAA100E0D9
:10578000ABA104B0ACA0BDE8F041FDF7F3BB000055
:10579000008002405B5048595D204554485F4241BB
:1057A00053453D3078253038580D0A005B50485934
:1057B0005D204D41434D494941523D3078253038B7
:1057C00058202028657870656374204D423D6269D9
:1057D00074303D302C2043523D62697473343A3248
:1057E000290D0A005B5048595D2020204D423D257F
:1057F000642043523D25642E25642E2564204D529D
:105800003D3078253032582050413D3078253032B7
:1058100058204D573D25640D0A0000005B50485943
:105820005D20534D4920746573743A206265666F3C
:1058300072653D3078253038582020616674657275
:105840003D3078253038582020726573756C743D72
:105850003078253034580D0A000000005B5048595C
:105860005D205363616E6E696E672061646472656A
:105870007373657320307830302D307831462E2E9A
:105880002E0D0A005B5048595D202041646472204F
:105890003078253032583A2049443D30782530342C
:1058A000583A253034580D0A000000005B50485922
:1058B0005D20445038333834382049443D30782511
:1058C0003034583A25303458202865787065637430
:1058D000203078323030303A41304230290D0A00E1
:1058E000444F4E45000000005B5048595D20204E5B
:1058F0006F2050485920726573706F6E6465642024
:10590000617420616E792061646472657373210D26
:105910000A0000005B5048595D20205265616420F8
:105920003078303120726567323D30782530345818
:1059300020726567313D3078253034580D0A0000FB
:1059400050454E44494E47004F4E00004F464600DA
:105950005550212000000000444F574E0000000029
:105960005B5048595D20424D53523D3078253034CC
:105970005820206C696E6B3D257320206175746F13
:105980006E65673D257320206175746F6E65675F76
:10599000646F6E653D25730D0A0000004F4B0000DB
:1059A00049444C450000000046554C4C00000000A6
:1059B00048414C460000000031304D003130304D40
:1059C000000000005B5048595D2050485953545323
:1059D0003D307825303458202073706565643D254E
:1059E0007320206475706C65783D2573202070618C
:1059F00067655F72783D25730D0A00005044000012
:105A00007570000049534F006E6F0000454E000056
:105A100044495300646F6E6500000000E4BB000859
:105A20005CBB0008A0BB000850524553454E5400D3
:105A3000414253454E5400005B5048595D206C690B
:105A40006E6B5F706172746E65723D25730D0A0036
:105A5000F0B50A4A054600205488094E07E0F75C75
:105A60002F54401C5B1CC3F30B0380B2938088420D
:105A700002D29388A342F2D1F0BD000008000020BA
:105A8000B805002070B50A4C0E460146A0684FF0DC
:105A9000FF3530B1E06820B10123324605F034FA19
:105AA00008B1284670BDE06803F05CFE304670BD6A
:105AB000080000202DE9F74F0422054682B000209F
:105AC0008B46DFF8DC901146144616460190864658
:105AD000CDF8000000EB400A09EBCA03042C1F7D3F
:105AE00029D0C7B175B1D5F800C0D3F80480C4453A
:105AF00008D1DDF810C0BCF1000F4ED0D3F80880FB
:105B0000E0454AD0012F1AD0022F04D35B8A734597
:105B100001D301469E46401C00B20428DADB5FEA4E
:105B20008B734FF0FF3038D4042C18D025DB0429B8
:105B300019DA0C461EE0002FD4D10446EBE759F8E1
:105B40003A705B8A2FB1019FBB42E4D306460193B2
:105B5000E1E7009FBB42DED302460093DBE75FEA4A
:105B6000CB731AD0E3E7042A01DA144602E0042ECC
:105B700013DA3446204600F015F82DB104EB440248
:105B800009EBC2002968416004EB440109EBC10044
:105B90000022428204998160204605B0BDE8F08F62
:105BA0007455002070B5074C00EB4005002654F8F2
:105BB000350018B101F0D9FF44F8356004EBC50099
:105BC000067570BD745500202DE9F04786B00D00B4
:105BD000804643D0D8F804404FF480792088484567
:105BE00039D12079062836D16079042833D16088EC
:105BF000082830D1D4F80E100491A269686818B151
:105C0000824204D1012603E00026374608E0002640
:105C1000814201D1012700E000270EB1012300E0FD
:105C2000022304F10802924604A9284600F0CEF9A6
:105C3000E08848450FD176B16FB9022204ABCDE9B7
:105C40000232291DCDE9001A05F12A0319465246F0
:105C5000284600F02FF9404601F087FF06B0BDE866
:105C6000F0870000FEB504460E4615462146106832
:105C700000F01AFC08B1354B3FE02868C0F303116F
:105C80000E2925D0A168636800EA01020B409A4200
:105C900008D080B2A0F57E41A93903D0E068B0B346
:105CA00004F10C052A4B2B481A7802EB420100EB59
:105CB000C1010F7D022F2ED38F68A7422BD12F68F1
:105CC00049688F4227D13146204600F045F8FEBD95
:105CD00001208DF8040000208DF805005E208DF86D
:105CE0000600687801AB00F07F008DF80700A87807
:105CF0008DF80800E8788DF809004FF400600090F6
:105D000004F12A023146204600F0F4F9FEBDFFE717
:105D10006FF00300FAE7002202EB420100EBC10141
:105D20000F7D022F08D38F68A74205D12F684968DD
:105D30008F4201D11A70C6E7521CD2B2042AEBD3AB
:105D400032462946204600F037F8DFE70CBB000852
:105D500026010020745500202DE9F84306468846A8
:105D6000144802EB420100EBC10404F10C05207D54
:105D7000022813D1608A0327B0F58E7F04D9211D34
:105D8000304600F0DDF807E0B0F5877F06D32A46FD
:105D9000211D304600F0DAF800B927754FF4006095
:105DA00000902B4606F12A024146304600F0A2F947
:105DB000BDE8F883745500202DE9FC5F83462A3046
:105DC00001900F46086814464FF0FF364FF0000A66
:105DD000594600F069FB80B93868C0F303110E29F9
:105DE0000BD057B148B15A4601213846FFF762FE41
:105DF000002805DA40B2BDE8FC9F6FF00F00FAE71B
:105E000000F0FF09294909EB490801EBC805287D85
:105E100008B134B114E04FF0010A85F814A0C5F8B8
:105E200008B03946584600F08BF8060007D1287DA7
:105E3000012804D1BAF1000F01D1002068827CB39F
:105E4000287D1A4F02280ED319494FF4006005F13E
:105E50000C0381F80090009021465846019A00F00A
:105E600049F906461FE001281DD12046017B49065D
:105E700007D522464FF42071102001F0D4FD0446CE
:105E800005E000680028F1D1204601F0F2FE44B19F
:105E900057F8380008B101F068FE47F8384000268E
:105EA00001E04FF0FF363046A5E7000074550020B2
:105EB000260100202DE9FF4F81B09346DDE90F98C0
:105EC0001F4600264FF420721C211020DDF838A058
:105ED00001F004FD05002FD06C68119800F008FE59
:105EE000E0803868A060B888A081D9F80010C4F8B4
:105EF0001210B9F80400E082DAF80000C4F80E00CD
:105F0000D8F80000A0614FF48070208008206080E5
:105F1000062020710420607140F606000090DDE943
:105F200001025B46294600F0E5F8284601F01DFE17
:105F3000304605B0BDE8F08F4FF0FF30F9E70000C4
:105F4000014A00F003B800000CBB00087FB5064D05
:105F5000031D0124CDE90035CDE90214263319468D
:105F6000FFF7A8FF04B070BD12BB000870B5164D56
:105F7000002400BF04EB440005EBC002117DF1B129
:105F8000508A401C80B25082B0F5967F0AD2012917
:105F900006D003290AD004290AD001290BD00EE02B
:105FA000052808D32046FFF7FDFD08E0042000E0A7
:105FB0000220107503E0111D9068FFF7C1FF641CFB
:105FC000042CD7DB70BD000074550020F8B51F46C7
:105FD00016460D00044613D0286888B1214600F00B
:105FE00063FA68B92878C0F303100E2808D0224657
:105FF00039462846FFF75EFD002804DA40B2F8BDB6
:106000006FF00F00F8BD114900EB400201EBC20038
:106010000223037584603368C360B388038200235E
:10602000438251F8325075B141F832304FF400607C
:106030000090334604F12A022946204600F05AF81F
:10604000284601F092FD0020F8BD000074550020A4
:106050002DE9F041044640890E270D460E283CD913
:106060006068E17B868919B995F83410491CE173A1
:106070000178CA0714D0012905D006221C49FAF775
:10608000FFF848B10CE0417851B980785E2807D11B
:10609000607B40F0100002E0607B40F0080060731D
:1060A000082E03D0B6F5C16F17D10DE095F8310079
:1060B000000712D53946204601F0E8FD68B92946A7
:1060C000204600F009FA10E095F83100000704D5E9
:1060D0003946204601F0DAFD18B1204601F045FDB1
:1060E00003E029462046FFF76FFD0020BDE8F08160
:1060F0000CBB00082DE9F04180461E4617460D46B0
:10610000069800F0F5FC04460E21284601F0BFFB7E
:1061100018B16FF00100BDE8F081686884813168D2
:106120000160B18881803968C0F80610B988418162
:1061300040462946D8F81820BDE8F0411047000035
:106140001FB5094A00924FF4BE600121CDE901104C
:10615000A2F5BF5303F1200103900422A1F1A00096
:10616000FAF7A2FB1FBD0000546E0020652180F8E5
:106170003210302180F83310064940F8141F0649C8
:10618000416040F2DC5181821A214177062101777A
:1061900000207047655C00089169000870B50446EE
:1061A0000AE0226921469047010005D005A0FCF7CE
:1061B000E1FE284601F0D9FC00F014FB0500F0D107
:1061C00070BD00005B4E455449465D20696E707598
:1061D000742064726F707065643A206572723D2538
:1061E000640D0A0009B101F022BB01F015BB0000EB
:1061F00013B54FF0FF33012269460248FCF7B6F9A8
:1062000000981CBD9C16002010B5002821D0114B11
:106210000022001F196803E0814203D80A4649683A
:106220000029F9D152B11368841A9C4204D1006844
:1062300018441060104602E0506000E0186039B168
:1062400002680B1A934203D10B681A440260496832
:10625000416010BD540100200A46032100F090B8AF
:106260002DE9FE4F8B46454904468E68307800077D
:10627000850E142D7DD3608904287AD36068007858
:10628000002876D0082874D1486901F11409C0F3B8
:1062900003120E2A6DD08A46096800F005F900281D
:1062A00067D12089082864D305F110010F462046E4
:1062B00001F0EDFA40B32089411989B2884258D8DB
:1062C0004FF42072102001F009FB070051D07989AA
:1062D00005F1080081420ED32A4631467868F9F765
:1062E00096FF2946384601F0D1FC20B921463846B0
:1062F00001F0A8FB18B1384601F037FC39E0204620
:1063000001F033FC3C4604E03946204601F0BEFC77
:1063100078BB29462046D4F8048001F0B8FA40BB87
:106320006668D9F800000027F060DAF810003061E4
:1063300088F80070E773B8F802004FF6F7718842EA
:1063400001D9093000E00830A8F80200FF203072BF
:1063500077812946304600F057F870810121CDE958
:106360000071FF230022CDF808B04946204600F016
:106370008BF92046BDE8FE4F01F0F7BB5C550020CD
:106380002DE9FF47074600891C25924689461C28AF
:1063900000D2054605F1080081B24FF42072242096
:1063A00001F09CFA06002DD07468D7F80480082309
:1063B00084F8009084F801A04FF00009C4F804901C
:1063C0002A463946304601F078FBD8F80C00039095
:1063D00003A800F0D1F9050011D0A4F802904F46AF
:1063E0007189204600F010F8608001200097CDE907
:1063F0000105FF2303AA0021304600F045F930468D
:1064000001F0B3FBBDE8FF8700B500F083FBC0439C
:1064100080B200BD30B41B68029D9CB204EB1344F3
:106420002B689DB22C4404EB13439CB204EB134342
:106430009CB204EB134330BCAFF300802DE9F04174
:106440001C4690460F460026054612E0698968689A
:1064500000F060FB204481B201EB1044A87AC00731
:1064600006D0FEB10026E0B2C4F3072141EA0024C1
:106470002D68002DEAD126B1E0B2C4F3072141EA2C
:106480000024384600F034FB0444404600F030FB62
:10649000204481B201EB104000EB1040C04380B2B9
:1064A000BDE8F0810126DEE7421C12D088B191F8E8
:1064B000312092070BD54B68834208D0896800EAE7
:1064C00001020B409A4202D10143491C01D0002035
:1064D00070470120704700002DE9F047456880466D
:1064E0000E4628780421B1EB101F03D0404601F07E
:1064F0003CFBACE00007870E688800F0F9FA044620
:10650000B8F80800A04203D92146404601F08AFBB2
:10651000B8F80A00B842E9D3B8F80800A042E5D3B9
:10652000142FE3D32969DFF82C91C1F303100E284F
:10653000C9F81410EA68C9F8102005D0304600F0F8
:106540008DF850B1344616E096F83100C00702D0FD
:1065500070680028F6D1002412E099F81400002495
:106560007F280DD03C48046808E0B44205D020469E
:1065700000F074F808B11CB10AE02468002CF4D1D2
:10658000687A112804D1E8194088B0F5884F30D0D6
:10659000D9F810205AB131461046FFF785FF002880
:1065A000A4D199F81000C0F303100E289ED0002C3F
:1065B0009CD0E88830F0C00098D1C9F80850C9E9EB
:1065C0000046297840460907890EA9F80C1039467B
:1065D00001F05CFB687A012817D0062810D011283A
:1065E00009D04D462146D9F81400FFF75DFF88B168
:1065F0001DE03446DBE73146404605F04FF819E030
:106600003146404602F050FD14E031464046FFF767
:1066100027FE0FE0287DC0F303100E2807D039466F
:10662000404601F0E7FA02214046FFF715FE4046DA
:1066300001F09BFA0021C9F80010C9F80410C9F84C
:106640000810A9F80C10C9F81010C9F8141000208F
:10665000BDE8F0875C550020C000002010B590F820
:106660003110C9070CD0416851B1064A52698A42BB
:1066700004D001461046FFF717FF08B1012010BDF6
:10668000002010BD5C550020FEB5DDE90954089ED0
:106690001AB109B10F6807B9211D0096CDE901545F
:1066A00000F002F8FEBD00002DE9F84F9946DDE943
:1066B0000A87DDF830B016008A4605466FF00104FF
:1066C00044D0142101F0E3F8E0BB6C68390247EADA
:1066D000092084F80890677241EA1021306820612F
:1066E00082B2114401EB1040452121704FEA08228B
:1066F00048F48A4142EA112184F801800F18288960
:1067000000F0F6F900EB07086080194F0020E080E8
:10671000388800F0EDF9A08039884044491C398060
:10672000BAF1000F0FD0DAF80010E1608AB210441D
:1067300000EB114081B201EB104000EB1040C04370
:1067400060810DE005E00B490968EEE768891428CF
:1067500002D22046BDE8F88F68686E460069009056
:10676000DBF814305846324629469847F2E70000D5
:106770002401002004BB000870B50146144813E052
:1067800090F83120D3070FD053070DD543685BB184
:1067900084680D68234005EA04069E4216D09207DD
:1067A00002D4C268954211D000680028E8D1094897
:1067B000006850B190F83120D30706D0520704D5B5
:1067C000426812B109787F2900D1002070BD000015
:1067D000C0000020C400002038B5049C0094FFF7DE
:1067E00019FE38BD2DE9FF5F4FF4BE60DFF8289138
:1067F000DFF828B14FF0040A0026039009EB461594
:106800002868002877DBDBF81010002915DD491E09
:10681000CBF810102868C0F30D422868C0F3C031CF
:106820002868C0F300208DE8070028682A68C0F3B4
:10683000402331463AA0FCF79DFB2846FAF7C2F800
:106840000404240C02D00398844208D9C6EB4610F5
:1068500000EB86113048A03000EB011151E0C6EB8F
:10686000461000EB86112C48A03000EB011080464A
:106870002146FEF7E1F9B4F5967F13D9214636A0FB
:10688000FCF778FB002708E018F8071035A0FCF7A4
:1068900071FB7F1CBFB23C2F01D2A742F4D333A0BF
:1068A000FCF768FB4FF4C1722146002001F016F896
:1068B000009008B3002706467089C119A14200D98B
:1068C000E01B814608EB07014A467068F9F79FFC18
:1068D00036684F44002EEFD1414652462846039B6E
:1068E000FAF79EF9DBF80010491CCBF8001000986D
:1068F00004B0BDE8F09F09E021461DA0FCF73AFB7B
:10690000414652462846039BFAF78AF9761C5645BB
:10691000FFF674AF0020EBE7F45500203C010020A7
:106920005B5258445D20646573633D256420737435
:10693000617475733D30782530386C582046533D6E
:106940002564204C533D25642045533D2564204655
:106950004C3D256C750D0A005B4845585D2025753A
:10696000423A000020253032580000000D0A000095
:106970005B4554485D204E6F207062756620666FDF
:10698000722052582025642062797465730D0A00C4
:106990002DE9FE4F314FDFF8C0803148BA6808EB6F
:1069A000421501E0401E09D02B68002BFADBD5F818
:1069B000089000260C464FF4BE6A19E0114629A043
:1069C000FCF7D8FA6FF00200BDE8FE8F62899019DB
:1069D000504505D92BA0FCF7CDFA6FF00100F3E785
:1069E00009EB06006168F9F712FC60892468064427
:1069F000002CEBD1B1B24846FEF71EF9C6F30C00ED
:106A00006860274828600020B860F9F743FF78687D
:106A1000401C7860F86800281CDD401EF8602148A2
:106A200000232968002902DA5B1C8342F9D31E483F
:106A300040692968CA0F454501D0012100E00021C5
:106A4000C0F30255CDE90005C0F380040294174855
:106A5000FCF790FA0020B7E7745600203C010020B4
:106A600040420F005B4554485D20545820646573D4
:106A70006320256C7520737475636B20284F574E07
:106A8000290D0A005B4554485D2054582062756604
:106A9000666572206F766572666C6F770D0A00000E
:106AA000000010F0A08601000090024060BE0008C7
:106AB00010B504464068804701F0E8FD094A2168A6
:106AC00052688B181A1AB2F1004F03D308442246B9
:106AD000054902E0044922461846BDE8104001F08D
:106AE000E5BD0000CC000020B16A000800BA704784
:106AF00040BA704710B500F055FD00F06DFD00F094
:106B00003FFE04F0BFFD02F0C3FABDE8104001F003
:106B1000F5BD000018B50022ADF8002010F001030B
:106B20000CD000290ADD10F8014B8DF80140491EF8
:106B300004E000BF30F8024B891E22440129F9DC31
:106B4000002902DD00788DF80000BDF80000104437
:106B500081B201EB104081B201EB104023B1C1B210
:106B6000C0F3072040EA012080B218BD8EB0FAF7CA
:106B7000E7FFFCF7F9F8DFF8B083D8F8181041F018
:106B80001001C8F81810D8F818004FF4005400F09D
:106B90001000049001AA0027009401204FF0020B7E
:106BA00082E88108E14D69462846FAF795FA002205
:106BB00021462846FAF796FBC820FAF761F8012229
:106BC00021462846FAF78EFBC820FAF759F800222A
:106BD00021462846FAF786FBC820FAF751F8012229
:106BE00021462846FAF77EFBFCF704F8FCF760F82C
:106BF000D048CF494FF4E1390160C0E901970C2634
:106C0000C760C0E904768761C761FBF711FC08B172
:106C100072B6FEE7C74CC84D483420462560C4E92B
:106C20000197E760C4E90476A761E761FBF700FC20
:106C300008B172B6FEE7C0485521001D0160296801
:106C40004906FCD50D21016029684906FCD50A21B9
:106C5000016028684006FCD5B8A0FCF78BF9C14953
:106C6000C1A0FCF787F9C7480168C7A0FCF782F903
:106C7000FBF7D2F80146CCA0FCF77CF9FBF7DCF877
:106C80000146D2A0FCF776F994F84110D8A0FCF7A1
:106C900071F9E348DFF88CA30168001F54460268CD
:106CA000C4E91021E0A0FCF765F90AF148090821C0
:106CB00089F800B089F80110DC2189F80210616CB4
:106CC000E3A00A0E89F803200A0C89F80420090AB7
:106CD00089F80510FCF74EF9944D00244FF4005646
:106CE000002231462846FAF7FDFA5020F9F7C8FF8E
:106CF000012231462846FAF7F5FA5020F9F7C0FF8D
:106D0000641C032CECDBE0A0FCF734F9D8F8141079
:106D100041F48041C8F81410D8F8141001F48041EF
:106D20000091D8F8141041F40041C8F81410D8F8B4
:106D3000141001F400410091D8F8141041F480318E
:106D4000C8F81410D8F81400032400F480300A9412
:106D5000CDE908B7009007A97448CDF81CB0FAF740
:106D6000BBF90420079007A9D048FAF7B5F900212C
:106D70000120F9F72DFF012106900846F9F728FFB9
:106D8000054602210120F9F723FF83460321012054
:106D9000F9F71EFF804610210120F9F719FF049032
:106DA00018210120F9F714FF039019210120F9F7A8
:106DB0000FFF02905B462A46CDF80080BC4806993A
:106DC000FCF7D8F8DDE90321BAA0029BFCF7D2F862
:106DD000680701D5C7A100E0C7A1C948FCF7CAF8F8
:106DE0004FF496784046F9F74BFFC6A0FCF7C2F87F
:106DF000FBF7D8FECBA0FCF7BDF8D1A0FCF7BAF8A2
:106E00004C48D74954384FF480420160D549C0E915
:106E10000117C0E9037247618761C761BB4607621A
:106E2000FAF76EFA08B172B6FEE7CFA0FCF7A2F847
:106E300040497C485439503004F0C3FA3D49794800
:106E40005439583004F074FA00F038FF01F0FEFABB
:106E5000FAF750FACAF82400CAF8280099F8031083
:106E600099F8053099F804208DE80E00554699F8F8
:106E7000023099F8012099F80010C1A0FCF77AF8C7
:106E8000CAA0FCF777F841F268010320CDE90001C0
:106E9000012308220A21CFA0FCF76CF8FAF72AFA9E
:106EA000A860D4A0FCF766F8DEA0FCF763F8042223
:106EB0000221E5A0FCF75EF8E7A0FCF75BF8F1A083
:106EC000FCF758F857484830FEF7B2F9002829D0A7
:106ED000F1A0FCF74FF8FEF75DFBF3A0FCF74AF8D2
:106EE000FCF7AEFE4FF4FA70F9F7CAFEF44906203B
:106EF000FCF7C8FB011E00DC0020E8600622F1A0C0
:106F0000FCF738F8F9A1FEA0FCF734F842F210774C
:106F10004FF47A7AFAF7EEF90446FEF7A1FA002860
:106F20002869FBE1FDE10000001002400010014073
:106F30000038014054160020004400400D0A3D3D39
:106F40003D3D3D20555341525432204F4B202D2082
:106F500044494147205354415254203D3D3D3D3D1D
:106F60000D0A000000366E015B444941475D204830
:106F700053455F56414C55453D256C7520487A0D6B
:106F80000A0000009C0000205B444941475D2053FB
:106F9000797374656D436F7265436C6F636B3D25E8
:106FA0006C7520487A0D0A005B444941475D2050CA
:106FB000434C4B313D256C7520487A202855534170
:106FC00052543220636C6B290D0A00005B44494126
:106FD000475D2050434C4B323D256C7520487A204C
:106FE0002855534152543120636C6B290D0A00001F
:106FF0005B444941475D206875617274322E675366
:10700000746174653D25642028657870656374201B
:10701000307832303D5245414459290D0A00000074
:10702000ECF7FF1F300000205B444941475D2042E0
:107030006F6172642049442028554944293A203020
:10704000782530386C582530386C580D0A0000000F
:107050005B434C4B5D204853452032344D487A2CDD
:107060002035304D487A20524D49492072656620BE
:1070700066726F6D2065787465726E616C206372E4
:10708000797374616C0D0A005B444941475D204D82
:1070900044494F2070726F6265206F6620504859D6
:1070A0002040307830312E2E2E0D0A00000801408D
:1070B00078BC00085B50485950524F42455D205003
:1070C00048595354532830783130293D3078253091
:1070D000345820535452415031383D3078253034A3
:1070E0005820535452415031393D3078253034586E
:1070F0000D0A000055500000444F574E000000009C
:10710000C0BC00085B444941475D2041626F757413
:1071100020746F20696E6974204554482E2E2E0D00
:107120000A0000005B444941475D2045544820481F
:10713000414C20696E697420646F6E650D0A000011
:107140005B444941475D2041626F757420746F2034
:10715000696E6974204932432E2E2E0D0A000000FC
:1071600000540040A08601005B444941475D20492E
:10717000324320696E697420646F6E650D0A0000E9
:107180005B4E45545D204D41433A20253032583AFC
:10719000253032583A253032583A253032583A257F
:1071A0003032583A253032580D0A00005B4E4554B3
:1071B0005D2049503A20444843502028616371754E
:1071C000697265642061742072756E74696D6529D9
:1071D0000D0A00005B4E45545D2053657276657262
:1071E0003A2025642E25642E25642E25643A2564D4
:1071F0000D0A00000D0A3D3D3D3D3D3D3D3D3D3DFF
:107200003D3D3D3D3D3D3D3D3D3D3D3D3D3D3D3DAE
:107210003D3D3D3D3D3D3D3D3D3D3D3D3D3D0D0A01
:107220000000000020204254434D696E65724D53AA
:10723000204631303756435436202B2044503833C3
:107240003834380D0A000000202046572076256487
:107250002E25640D0A0000003D3D3D3D3D3D3D3D78
:107260003D3D3D3D3D3D3D3D3D3D3D3D3D3D3D3D4E
:107270003D3D3D3D3D3D3D3D3D3D3D3D3D3D3D3D3E
:107280000D0A00005B5359535D2045544820696E38
:1072900069742E2E2E0D0A005B5359535D20455400
:1072A00048204F4B0D0A00005B5359535D20424D5F
:1072B0003133363620696E69742E2E2E0D0A000089
:1072C0000080F2435B5359535D20424D31333636D3
:1072D0003A2025642F25642063686970287329206B
:1072E00064657465637465640D0A00004449534124
:1072F000424C454420286272696E672D75702900E2
:107300005B5359535D204A6F6220646973706174E6
:1073100063683A2025730D0A0000000014D038B1CC
:1073200033E05DA0FBF726FE4046F9F7A9FCFBE73A
:1073300001202861A5F806B05EA0FBF71BFE01F056
:107340001FF901F065F907E040B1C5F810B0A5F8E4
:1073500006B05CA0FBF70EFE2869B0B9FDF760FF30
:1073600098B1E869201A50450FD941F26808032105
:10737000EC61CDE90018012308220A2159A0FBF78E
:10738000F9FD41466148FDF7B9FCFEF78BF800F0C6
:10739000AFFEFCF7CFFC287808B1687830B9686A8E
:1073A000201AB84202D36C6200F088FCA86A201A46
:1073B000B0F5FA6F06D3AC6201F048F8286960B105
:1073C00001F026F9286940B1286A44F62061201AA4
:1073D000884202D92C6201F0D3F8286B201AB842F7
:1073E00045D90DA82C63FDF70FFFFEF74DF802906D
:1073F000FEF744F80190FEF739F810B1AFF20C3007
:1074000001E0AFF20C308146E86808B1FCF734F9CE
:10741000B4FBFAF83E494969DDE90123CDE90731BA
:10742000CDE90592E96809B13AA200E03AA22969DA
:1074300009B13AA300E03BA39DF83710CDE9032042
:10744000CDE901139DF8360000909DF835309DF888
:10745000342041463548FBF78DFD47F23050B4FBF0
:10746000F0F100FB1140504501D2FEF713F8E86A35
:10747000201AB0F5FA7F7FF64DADEC62286928B18D
:10748000002231462A48F9F72DFF43E531462848C6
:10749000F9F720FF3EE500005B4552525D20455460
:1074A0004820696E6974204641494C4544210D0AC3
:1074B000000000005B4E45545D20544350204F4B6C
:1074C0000D0A00005B4E45545D2054435020646F0C
:1074D000776E2C2077696C6C2072657472790D0A56
:1074E000000000005B4E45545D20436F6E6E656387
:1074F00074696E672025642E25642E25642E25640C
:107500003A25642E2E2E0D0A0000000048000020AF
:10751000009002404F4B00004F464600434F4E4EF6
:1075200000000000574149540000000080BD0008E1
:1075300000100140F0B50B30154D20F0070100247C
:10754000144A0FE003688B420BD38B4205D95E1AB5
:1075500043184768C3E9006700E04368136002C04E
:1075600004E0021D10680028ECD12046002802D15A
:10757000286808B10020F0BD064A07481060074A95
:10758000121A22F00702C0E9002401202860D7E780
:1075900058010020540100204C740020487600203F
:1075A000FEF732BE704710B5FFF7C4FF040003D1E9
:1075B00001F03EF801F03EF8204610BD7047000093
:1075C000072806D2002904D0024A52F82000FDF70D
:1075D00013BB704774BA000830B5064D002400BFD5
:1075E00055F8240000F008F8641CA4B2072CF7D367
:1075F00030BD000074BA00088268002111600022CA
:10760000416807E08368521C1B680B60836819603F
:107610000388194443889342F4DC7047072801D358
:1076200000207047024951F82000FDF7F3BA00002E
:1076300074BA00082DE9F0410400DDE90770069EE8
:107640001FD0F7B101B9224902B9214A03B9204B31
:1076500000256560A560DFF87CC0C4F814C0E56053
:10766000258584F83150C4E907651B4E96F800C0A3
:1076700084F834C02061204600F098F82046B847CE
:1076800010B10020BDE8F081D6F8042094F8340051
:10769000FF2801D184F83450104694F834100AE0E1
:1076A00090F834308B4205D1491C84F834100028FE
:1076B000ECD102E000680028F2D1C8B2FE2805D063
:1076C000401C3070226020467460DBE73570F9E7BB
:1076D00004BB0008A7770008BC00002070B50C466A
:1076E000054601F093FF21462846BDE8704004F0AE
:1076F00081B80A68C3689A4204D001B90022C26006
:10770000012070470020704738B505460C460868D0
:107710006968884212D020680090686810606946E5
:107720001046FFF7DBFF3CB1206868600121284666
:1077300000F027F8012038BD0020F6E7002038BD12
:107740000A6883689A4204D001B90022826001204D
:10775000704700207047000001000CD007484068C7
:1077600007E000BF90F83420521CD2B28A4203D006
:1077700000680028F6D1002070470000BC000020FF
:1077800070470A4690F831104B070BD5CB0709D04C
:10779000D20707D04268002A04D0090702D5011D8C
:1077A000FEF7CEBB70476FF00B0070472DE9F84F26
:1077B0004FF000091D4616460C008246C84600D10F
:1077C000114C06B9104E05B90F4DACB1206898B1F7
:1077D00000274A4631465046FFF7B2FF4246294647
:1077E0005046FFF786FF002F04D16A4621465046D7
:1077F000FFF78AFFBDE8F88F01276A462146504609
:10780000FFF782FFE5E7000004BB0008014988603C
:1078100070470000BC000020002807D090F831100D
:107820004A0703D501F0FB0180F83110704710B50D
:10783000040010D094F8310041070CD440F004004B
:1078400084F831002046FCF71DFD2046BDE81040BD
:107850000321FFF796BF10BD00280AD090F8311021
:10786000CA0706D141F0010180F831100321FFF76A
:1078700088BF7047401E80B240EA500040EA900046
:1078800040EA101040EA1020401C80B270470022ED
:10789000AFF3008030B5F0B1B1F5803F1BD279B1C4
:1078A00004898BB21C44A4B29C4214D3057B2D06E0
:1078B00008D54268511A00F1100291420BD304E03E
:1078C000002030BD3AB14268511A416041891944E3
:1078D00041810481F4E7012030BD00002DE9FC5F07
:1078E000064690460C461046012A0AD0412808D088
:1078F0004FF0000BB0F5C17F09D0B2F5207F50D119
:1079000038E00246002000F051F8054646E0002528
:10791000A9460F460620FFF781FE04001CD0A6F200
:10792000F450404280B2B84200D938468246CDE990
:10793000008BA11953463A462046103100F064F9F5
:10794000B5B1C9F80040A7EB0A000704A1463F0CF7
:107950004FF00006DED121E000F06AFE124A01215C
:10796000117000F067FEE5B1284600F0FEF818E05F
:107970002546E8E7311901F11000A14211D3A042D8
:107980000FD3FFF710FE05000BD0CDE9008BA9192E
:1079900023461A462846103100F036F92846BDE83D
:1079A000FC9F0020FBE70000C80000202DE9FC41FF
:1079B000074615460E460520FFF730FE04004FF03F
:1079C000000008D0CDE9005033461A46394620461B
:1079D00000F01AF92046BDE8FC8110B500280FD050
:1079E00000290DD004E003890C892344038110464B
:1079F0000268002AF7D102890B891A4402810160CA
:107A000010BD10B50C46FFF7E8FF2046BDE810405A
:107A100000F02FB9002102E0491C006889B200285B
:107A2000FAD10846704770B514460A462189FFF717
:107A300055FF050004D0214600F004F8284670BD2B
:107A4000002070BD19B10A89002300F036B86FF02C
:107A50000F0070472DE9F047002716468946B846C3
:107A6000002805D0B9F1000F01D0044620E0002025
:107A7000BDE8F0872BB16089984202D8181A83B20A
:107A800015E06089C01A85B2B54200D935466068F4
:107A90002A46C11809EB0700F8F7B9FB08EB050007
:107AA0001FFA80F8781987B2701B86B20023246809
:107AB0000EB1002CDED14046DAE72DE9F05F9046AA
:107AC0000C0005461E464FF000076FF00F0A35D038
:107AD0002189414532D38DB3298906EB08008142C3
:107AE0002CD36FF0050B6889811B6089C01B814214
:107AF00000D208464146804500D20846814660686B
:107B00004A46C11968683044F8F781FBA8EB0900C0
:107B10001FFA80F860894F444E44B84205D8246863
:107B2000002714B9B8F1000F08D16889B04208D114
:107B30002D6800262DB9B8F1000F02D05046BDE8DF
:107B4000F09F2CB160892189884201D1206830B929
:107B50003DB168892989884203D1286808B158460F
:107B6000EDE75FEA0800BED1E9E770B504000AD08E
:107B7000002500F05DFDA17B491ECEB2A67300F08A
:107B800059FD16B11AE0002070BD207B266800F078
:107B90000F00022803D0012804D040B10AE021469A
:107BA000062001E021460520FFF70AFD02E02046FD
:107BB000FFF7F6FC6D1CEDB23400DAD1284670BD3B
:107BC00010B500F035FD094A0021117000F032FDBA
:107BD0000748006806E0416F19B1BDE8104001F0A8
:107BE00039BAC0680028F6D110BD0000C8000020D6
:107BF000F00000200122AFF30080002902DA4942A0
:107C000000F044B8FFF746BE70B50024DDE9045625
:107C1000C0E90041028143810573467301218173EC
:107C2000C47370BD70B502898A4221D9521A92B2CA
:107C30000D46044605E0281A85B22089801A208165
:107C400024686089A842F6D3207B000708D16089A8
:107C5000A84205D06068001B41192046FFF7AEFC22
:107C600065812581206808B1FFF77FFF0020206033
:107C700070BD10B5040008D000F0DAFCA17B491CEF
:107C8000A173BDE8104000F0D5BC10BD10B538B1EF
:107C9000B1F5803F04D229B143898AB2934203D21D
:107CA000012010BD002010BD446821444160991A94
:107CB00041810189891A0181F4E7000010B51C4C4B
:107CC000207870B904F1500003F07FFB207040B1C0
:107CD000217904F1500003F00BFC10B915A0FBF75B
:107CE00049F9607820B91248583003F025FB6070DC
:107CF000A1782078814209D008B11AA200E01CA224
:107D000024211FA0FBF736F92078A070E178607875
:107D100081420CD030B106485830017920A0FBF7E1
:107D200029F902E027A0FBF725F96078E07010BD83
:107D3000300000205B4932435D20545053353436C7
:107D4000443234412064656661756C7420706F77CD
:107D5000657220636F6D6D616E64206661696C652C
:107D6000640D0A0064657465637465640000000056
:107D70006E6F742064657465637465640000000050
:107D80005B4932435D2054505335343644323441DC
:107D900020403078253032583A2025730D0A0000F3
:107DA0005B4932435D20544D5031303735204030EF
:107DB00078253032583A2064657465637465640DC3
:107DC0000A0000005B4932435D20544D503130378A
:107DD000352040307834382D307834463A206E6F74
:107DE000742064657465637465640D0A00000000A6
:107DF0002DE9F0410F4605461446022910D3D4213F
:107E00001046F8F72BFA2878207068780226411E71
:107E10006070042904D2522101EB4010B84202D90B
:107E20000020BDE8F08100270AE004EB4710A91903
:107E30002022801CF8F7EBF920367F1CB6B2FFB287
:107E40006078B842F1D8A81900F031F9361DB6B201
:107E5000C4F88400A919202204F18800F8F7D7F9A2
:107E60002036B6B2A919202204F1A800F8F7CFF9FC
:107E70002036B6B2A81900F01AF9361D44F8C80F1A
:107E8000B6B2A81900F013F9361D6060B0B22844EC
:107E900000F00DF9A0600120C3E730B510B10AB1C0
:107EA000082901D0002030BD00210B460C461B02E2
:107EB000055D43EA1163641C45EA0121082CF6DBE9
:107EC000C2E90013012030BD042901D2002070470F
:107ED000018849BA1180408840BA5080012070471B
:107EE00011B10078012801D90020704710700120DD
:107EF000704713B50B46012269460620FBF704FFC5
:107F00001CBDF0B50546A1B016460F460846F8F769
:107F1000B0F984B2782C00D978248DF8005022462C
:107F200039460DF10100F8F772F9641CA2B233462C
:107F30006946FF20FBF7E8FE21B0F0BD3EB50446E0
:107F40000D46D4E90023684603F034FD207A8DF80D
:107F5000080061890DF1090003F020FD207B8DF8F8
:107F60000B002B460C2269460420FBF7CDFE3EBDDC
:107F70001CB5D0E900230C46684603F01BFD2346E0
:107F8000082269460920FBF7BFFE1CBD70B586B00C
:107F9000044600780A9D8DF8000060788DF8010095
:107FA0006E46B01C616803F0FDFCB01DA16803F0D3
:107FB000F9FC094800684FF47A71A0FB01230DF128
:107FC0000A0003F0F7FC2B46122269460220FBF759
:107FD0009BFE06B070BD00003800002070B586B072
:107FE000044600788DF8000060788DF80100A078D4
:107FF0008DF80200E0788DF803000E46A1886D46EA
:1080000001A803F0CBFCA81DA16803F0CBFC0DF187
:108010000A00E16803F0C6FC218A0DF10E0003F0AE
:10802000BDFC618A04A803F0B9FCA18A0DF112001D
:1080300003F0B4FC3346142269460720FBF764FEC4
:1080400006B070BD2DE9F0410746002010801D46A6
:1080500014460E461880042911D3384600F027F83C
:10806000411E40F2FC72914203D34FF6FF70208014
:1080700005E0001D208029802088B04202D9002020
:10808000BDE8F0813879FBE73EB501241923CDE93D
:10809000002402930279006854000A460123214615
:1080A000F9F7C8FA08B100203EBD01203EBD0188A5
:1080B000827849BA0904C07841EA0221084370472E
:1080C0007FB514461925022303AA8DE82C000279F6
:1080D000006855000A4601232946F9F7ABFA10B1AA
:1080E000002004B070BDBDF80C0020800120F8E72E
:1080F0002DE9F043764C774FBFB0E088C0F50061C2
:1081000089B23844FDF7A4FC002802DDE188084468
:10811000E080E088002871D00025A846B9E0401B27
:1081200081B27819814603AB09AAFFF78BFFBDF82E
:1081300024200646A2F57F40FF3818D0002E74D0C8
:1081400009F105008146092E13D0BDF80C303146E7
:1081500061A0FAF70FFF012E1DD0052E34D0082E96
:108160004DD0314666A0FAF705FF002683E06CA0EB
:10817000A6E00AAABDF80C10FFF78FFE002809D070
:1081800004A90AA8FFF7F4FE01007ED00DF110004B
:10819000FDF778FC79E00AAABDF80C104846FFF715
:1081A00027FE002871DD2B983CAB606193E8070047
:1081B000CDE9001002929DF829209DF8281066480C
:1081C0002B9BFAF7D7FE60E001AABDF80C104846D9
:1081D000FFF77AFE002858DDBDF80620BDF8041030
:1081E0005EA0FAF7C7FEE06800284ED0BDF8040094
:1081F000F8F71CFA6421FBF7E9F946E064E001AA0C
:10820000BDF80C104846FFF76BFE78B1207888B1B6
:108210002F489DF80410503003F06AF980B19DF8A2
:108220000400207180B156A10FE037E00AAA55A1E1
:10823000202002E00AAA59A12120FFF762FE0FE0E8
:108240000AAA5CA12220F8E762A163A0FAF792FED5
:1082500000F0FCF800F0DCF90AA90820FFF749FE5D
:10826000010012D00AA893E719F8061060A0FAF7E7
:1082700081FE761CB6B2BDF80C00102800D9102083
:10828000B042F1D833A0FAF775FEBDF824002844B7
:1082900085B2E088291D81427FF641AFE0885DB15B
:1082A000401B0204120CE2800ED03FB07919BDE8E9
:1082B000F0430848F7F7ABBFB0F5006F04D14EA00C
:1082C000FAF758FEA4F806803FB0BDE8F08300003E
:1082D00030000020E41600205B5443505D20747988
:1082E00070653D307825303258206672616D653D8D
:1082F0002564207061796C6F61643D25640D0A000E
:108300005B5443505D20556E6B6E6F776E207479B1
:108310007065203078253032582C206865783A0016
:108320005B5443505D20496E76616C6964206672CF
:10833000616D65206C656E6774683B2064726F7058
:1083400070696E6720627566666572656420737415
:108350007265616D0D0A000028BD00085B50415236
:10836000414D5D20667265713D2564204D487A203F
:10837000766F6C746167653D2564206D560D0A004B
:108380004F4E0000696E76616C696420706F77658E
:108390007220636F6D6D616E640000005450533540
:1083A000343644323441206E6F74206465746563E2
:1083B000746564005450533534364432344120706F
:1083C0006F77657220636F6D6D616E6420666169A1
:1083D0006C6564004F4646005B504F5745525D2028
:1083E000545053353436443234412025730D0A003D
:1083F00020253032580000005B5443505D20526508
:108400006365697665206672616D65206578636570
:10841000656473206275666665723B2064726F7076
:1084200070696E672073747265616D0D0A000000DB
:108430000246002001464006030E02F001001843E8
:108440005208491C0829F6DB704700002DE9F0436B
:108450004FF0000887B04646ADF800804746182127
:108460003548F7F7FBFE354D334C2878F0B101A9BC
:1084700005F1500002F0BAFF060010D0BDF804006C
:10848000A0800298A0600398E060BDF810006082B0
:10849000BDF81200A0829DF81400E07006E02748A5
:1084A000503002F092FF08B985F80080DFF88C9018
:1084B000687809F15809B0B16946484602F054FF9E
:1084C000070003D0BDF8000020820CE099F80400FA
:1084D0001423410001221A48F8F7E8FF18B185F883
:1084E000018089F80480287818B1217841F00101D1
:1084F0002170697819B1227842F0020222701EB10F
:10850000227842F0040222701FB1227842F0080261
:1085100022701EB1227842F01002227010B107487A
:1085200050300079607011B199F8040000E000202B
:10853000A07007B0BDE8F083E41E002030000020EA
:1085400000160020C0F30A03C20A580501D5A3F59E
:108550000063D00600D5203A03FB01F0002A01DBBE
:1085600090407047524201219140002802DB00EB0D
:10857000510001E0A0EB510090FBF1F070470000CA
:1085800030B5134B99B004AC0FCB84E80F00114DFC
:10859000D5E91001CDE90401287B8DF8180008A960
:1085A00004A8FFF7CBFC04000FD004200221CDE982
:1085B00000100294D5E910219DF8183006A0FAF7B2
:1085C000D9FC214608A8FDF75DFA19B030BD0000BE
:1085D000D8B90008300000205B48454C4C4F5D2066
:1085E000626F6172645F69643D3078253038582568
:1085F00030385820617369633D25642066773D25D6
:10860000642E2564206C656E3D25640D0A00000013
:1086100000B589B069460548FFF7E0FC010002D0CB
:108620006846FDF72FFA09B000BD0000E41E0020E7
:1086300000207047704700002DE9F04700F026F851
:10864000104E114C05464FF00047307808B1FFF747
:10865000B7FA2168002912D048682A1ABA420ED205
:108660000A682260D1E9028960600420FEF7A8FF51
:10867000B8F10002E9D0484611468847E5E7BDE871
:10868000F0870000C8000020CC000020F8F732BEC0
:1086900070B515460E460446FFF7F8FF20442A46FB
:1086A0003146BDE8704000F001B8000070B50446E6
:1086B00015460E460420FEF7B1FF00280ED000211B
:1086C000C5600D4A80E85200116831B14B68E51A67
:1086D0004FF000439D420AD30160106070BD5568A1
:1086E000651B9D4202D30260086070BD11460A6896
:1086F000002AF8D0F3E70000CC00002070B5074D49
:10870000012400BF05EBC40255F834000449FFF70B
:10871000BFFF641C042CF5D370BD000090BA0008A4
:10872000B16A00082DE9FE4F040060D0207D0A28C0
:108730003CD00025DFF8BC80D4F850B0D4F824A099
:10874000D4F81090D4F890602F4670B30D46E78AA5
:10875000214608F1180001F072FA012188F8001092
:10876000206F08B102F016F9E06E08B102F012F9BC
:10877000606F08B102F00EF955B1208B211DCDE9D3
:1087800000172346029052465946184602F098F8C0
:10879000204600F02BFC002E29D003B04846B446FA
:1087A000BDE8F04F6FF00C01604709E01148214629
:1087B0001C3001F044FA2046BDE8FE4F00F016BC24
:1087C000E08A0028CCD0D8F81000A0420AD1C068B6
:1087D000C8F8100008E0C168A14202D1E168C16098
:1087E00002E008460028F6D10020E060B8E7BDE8C6
:1087F000FE8F0000D80000200121FFF793BF00008A
:108800002DE9F04106460120FEF708FF454D040022
:108810005BD1A86909E0418BC4680A0704D521F03F
:108820000801418300F060FA20460028F3D10022BD
:108830001146EC68E86906E0036AE31A934201D343
:108840001A460146C0680028F6D111B10846FFF764
:10885000D3FF0120FEF7E2FE040036D1092000F02C
:1088600033FE0120FEF7DAFE04002ED1082000F0CE
:108870002BFE0120FEF7D2FE040026D17F2E01D967
:108880007F2001E030001BD0401EC2B200231946F9
:10889000EC68A8690EE0477D974206D309D1D0F86D
:1088A00020C0A4EB0C0C9C4503D3016A3A46631A22
:1088B0000146C0680028EED111B10846FFF79CFFC1
:1088C0000120FEF7ABFE040029D0A421F7F7C6FC77
:1088D000667541F2D060A4F864006085208540216F
:1088E000E1724FF4067161860621A4F84010E18719
:1088F000C91F21860121A4F84810E9682162A978DE
:10890000A177A4F84A000848C4F884000748C4F8CE
:1089100094000748C4F898000920C4F89C00204639
:10892000BDE8F081D8000020F3A6000800DD6D004E
:10893000F82401002DE9F0410D0004464FF0040336
:1089400000D11E4D2CB1207D30B16FF00500BDE887
:10895000F0816FF00F00FAE732B1194E002100BF2D
:1089600056F82100006817E000F08AFE020018D1D6
:10897000801EECE7C78A97420DD148B107683FB126
:1089800035B1D5F800C0BCF1000F01D0674502D168
:108990006FF00700DBE7C0680028EBD1491C994263
:1089A000DEDB15B1286800B120600648E28201696B
:1089B000E160046102F02AFA0020C8E704BB000865
:1089C000F4BA0008D80000207CB51E4D16000C46F5
:1089D00008D011461CA0FAF7CDFA0020A860E86084
:1089E00030467CBD0120A860608B40F04000608371
:1089F00014482A882030C178CDE900128378427863
:108A0000017818A0FAF7B6FA1F49204601F06CFE6B
:108A10001E49204600F0AFFA02221D49204601F00F
:108A200036F9607A40F00800607242F21070C4F8C3
:108A300094004FF4FA60C4F898000320C4F89C0036
:108A4000CEE70000080000205B5443505D20436FD8
:108A50006E6E656374206661696C65643A20256496
:108A60000D0A00005B5443505D20436F6E6E6563DA
:108A700074656420746F2025642E25642E25642E71
:108A800025643A25640D0A00D18A0008958A0008F9
:108A9000CD8A000810B504A0FAF76CFA0A48002144
:108AA0008160C16010BD00005B5443505D204552A1
:108AB000522063616C6C6261636B3A206572723D37
:108AC00025640D0A00000000080000200020704707
:108AD0002DE9FF5F274C16464FF0000B4BB946B10E
:108AE000B6F808A0A788DFF890C0154600206B688C
:108AF00031E022A0FAF73EFAC4F808B0E0685D461B
:108B000038B1019800F05CF810B10198FFF774FEDD
:108B1000E560002004B0BDE8F09F628802F1010921
:108B2000C9F30B01B9420FD11BA0FAF723FA304663
:108B3000FFF71BF8C4F808B0C4F80CB00198FFF7B1
:108B40005BFE6FF00C00E5E713F800800CF8028084
:108B5000401C618080B269898142DED82D68002D79
:108B6000C4D15146019801F0DAFD3046FEF7FDFF11
:108B7000CFE7000008000020B80500205B544350F8
:108B80005D20436F6E6E656374696F6E20636C6FFA
:108B90007365640D0A0000005B5443505D20525819
:108BA0002072696E67206F766572666C6F773B2006
:108BB0007265636F6E6E656374696E670D0A00009F
:108BC00048B1017D012903D0418B41F0100141835F
:108BD000012100F003B86FF00F007047FEB50446A6
:108BE0000127007D3D4D002681B3042801D00728D0
:108BF00031D1A16F21B9218DA1F5B052D03A2AD03F
:108C0000228BE18A201D8DE8070023461846626A00
:108C1000216D01F055FE204600F0EEFFA869A0424C
:108C200009D1C068A86108E0C168A14202D1E16829
:108C3000C16002E008460028F6D12948E6602F709E
:108C40000068A04203D102F03FF93DE003E0204676
:108C500000F0CCF938E040B101281AD0022835D014
:108C60002046BDE8FE4000F03FB8E08A0028EED084
:108C70002869A04209D1C068286108E0C168A14202
:108C800002D1E168C16002E008460028F6D1E66042
:108C9000DDE7144B012100BF53F821002246006894
:108CA00004E0C56F954200D1C667C0680028F8D1BE
:108CB000491C0429F0D309481146143000F0BFFFC5
:108CC00021460220FEF77CFC0020FEBD0348214621
:108CD000183000F0B4FF2F70B9E70000D800002072
:108CE00018010020F4BA000870B50546007D05267D
:108CF000032804D0042802D0072816D106E028460D
:108D000001F074FE040006D12E7509E0284601F03A
:108D10006DFE040002D0601C09D004E00920287513
:108D2000284600F01FFD204670BD002070BD688BF6
:108D300040F008006883F8E72DE9F04704001E467C
:108D40006FF00F0005D0002903D0207D18B16FF01F
:108D50000900BDE8F087086860602283207A10B1BE
:108D6000FEF7FAFC02E0201DFDF706FD05006FF09E
:108D700003010BD0206818B9281D07D000682060B7
:108D8000B4F81680B8F1000F02D005E00846E0E71D
:108D900000F076FCE08238B3204600F0A1FC4FF0F2
:108DA0000009C4F824902065401E6064A065E06559
:108DB00041F2D06060852085C4F82C90A4F8600052
:108DC0004FF406706086221D294600F081F8608607
:108DD0000127A4F8487002212046C4F8886000F0FA
:108DE00086F8060003D022E06FF00100B1E7022010
:108DF000104D2075B8F1000F10D02869A04209D19C
:108E0000C068286108E0C168A14202D1E168C16080
:108E100002E008460028F6D1C4F80C90A869E0608A
:108E2000AC6101F0F3FF2F70204600F09BFC304650
:108E30008FE70000D80000202DE9F0470746DDF855
:108E400020809A4691460D465FEAC87001D00426FC
:108E500000E000260320FEF7E1FB040013D084F8B5
:108E60000A804FF00008C4E9008528891421801B7E
:108E700020812846FEF70BFD48B1204601F07CFD1D
:108E80000020BDE8F0872846FEF76FFEF8E760682F
:108E90004068E060F88AFDF72BFEE1680880388BB7
:108EA000FDF726FEE16848805046FDF71FFEE168A9
:108EB0004860B008000300F5A04040EA0900FDF753
:108EC00017FEE1688881E1682046A1F81280D8E7A2
:108ED00000290BD0098D002908D0282902D928396A
:108EE0008AB200E00022904200D310467047F8B5E5
:108EF000044600270D46880700D50127F80701D052
:108F0000042100E000214FF420723820FEF7E6FC37
:108F100001004FF0FF360AD000972A462046E36D45
:108F2000FFF78AFF010002D0E06E30B108E0608BED
:108F300040F0800060833046F8BDE16604E01046F2
:108F40000268002AFBD101600020A4F86800A8078D
:108F500002D0E06D401CE065E80703D0608B40F074
:108F6000200060834868FEF755FD34F8661F08440A
:108F700020800020F8BD002801D0C0F89010704774
:108F800070B5194DA878401CA870AC6928E0A17F85
:108F9000A878814223D0A077608BC10709D040F028
:108FA00002006083204600F0DDFB608B20F00300B0
:108FB000608380B2010705D520F008006083204659
:108FC000FFF792FEE668A06F38B1002028702046B7
:108FD00001F024F828780028D7D1344600E0E4686E
:108FE000002CD4D170BD0000D80000200146012023
:108FF000FEF7E6BA2DE9F0410C460746144E10E0A4
:109000002546D5E90040FEF705FDB7F86610081AB9
:10901000A7F866002889318908443081284601F084
:10902000ABFC8CB1E0684068FDF760FD0546E06888
:109030008089FDF75DFD800700D00120218928444B
:109040000844B169081ADBD52046BDE8F08100006C
:10905000F800002010B50446406F002803D001F04E
:1090600099FC0020606710BD0849C888421CCA806E
:109070000A6912B18B88984203D2C9681431085C1E
:109080007047C01AC0B2105C70470000F8000020A2
:1090900010B5F8F72FF90349C0F30D0000F5404073
:1090A000888010BDD80000202DE9FE4FE34E054614
:1090B0004068F060688914287ED3DFF88493D9F87B
:1090C0000010D9F81400FDF7EFF9002874D199F8D1
:1090D0001400C0F303100E286ED0F0688089FDF7ED
:1090E00007FD000B81001429E6D328898842E3D3C9
:1090F000A1F1140080B270804FF0000AC6F810A0F1
:109100006A898A4204D3B0802846FEF7BFFD17E083
:1091100014212846FEF7BAFD6989B1807088401A8B
:1091200084B22846FEF7B2FD28684189A142C3D324
:10913000416831612146FEF7A9FD2889001B28817D
:10914000F0680088FDF7D4FC0146F0680180408893
:10915000FDF7CEFC0146F06841804068FDF7C6FC93
:109160000146F068416071618068FDF7BFFC01460F
:10917000F0688160B161C089FDF7BAFC0146F06812
:10918000C1818089FDF7B4FC00F03F00307029896F
:109190007181820704D04A1C92B2728191420BD82D
:1091A000DFF8A0820022D9F810E0D8F80030D9F812
:1091B00004B01C46F16800E03BE1D9F81470009758
:1091C0004BE0277A3FB19BF834C00CF1010C0CF056
:1091D000FF0C67453FD1278BB1F800C067453AD1F6
:1091E000E78AB1F802C0674535D1D4F804C0F44528
:1091F00031D1D4F800C0009FBC452CD122B1E76822
:10920000D760E360C8F800404CB3DFF83C925746A3
:109210000007C9F800A02B89A9F80830C9F8045044
:10922000C9F80C10C6F81CA086F801A0A6F808A082
:1092300003D5687B40F001006873A06F78B32046C7
:1092400000F0ECFE0D3003D0A06F40B3708930B356
:10925000608D70B3C9E02246E468002CB1D17B4830
:10926000D9E904280068D9F804401AE0037A2BB140
:1092700094F834707F1CFFB2BB4211D1038B0F886E
:10928000BB420DD1C38A4F88BB4209D14368934288
:1092900006D10368434503D101F0D2FDC9E030E0B7
:1092A000C0680028E2D16A4F0022B24638680346FF
:1092B00017E022E0067A3EB194F834C00CF1010CBC
:1092C0000CF0FF0C66450AD1C68AB1F802C06645AB
:1092D00005D10668464507D0002804D02EB10246C5
:1092E000C0680028E6D18CE0F0B31AB1C168D16043
:1092F000C360386000F006F99BE0204601F053FBA4
:1093000073E02046346200F0C9FC0D306DD07078F7
:10931000354600070ED5D4F890201AB16FF00D0134
:10932000206990472146474800F089FC2046FFF716
:109330005DFE5AE02A8942B1D4F8803023B121463B
:10934000206998470D3050D02F81204600F082F8D8
:10935000F0BBE86910B3A17EC90606D5FEF705FC8F
:109360002046FFF749FA40E04BE0D4F884C0BCF156
:10937000000F07D0D4F81080024600232146404653
:10938000E04705E0002302462146184601F0B1F906
:1093900010F10D0F29D008B1E869A0676878800640
:1093A0001BD5A06F20B1417B41F02001417314E037
:1093B000208DA0F5B051D03901D0401C2085D4F8C3
:1093C00084C0BCF1000F08D000231A46214600E0FB
:1093D0000BE02069E0470D3007D020462F6200F0F7
:1093E00039F810B9204600F0BDF93762F761D9F8B5
:1093F00004004C46002802D0FEF7B7FB6760BDE8CA
:10940000FE8F54468889FDF773FB400711D4E0684E
:109410000B4A0B4B0188408810320092CDE90101C4
:109420006189606914334218D9F80400A16901F018
:1094300078FA2846BDE8FE4FFEF797BBF8000020FB
:109440005C550020F00000204C550020F400002066
:10945000EC00002010B504460C484078C00612D538
:10946000A07EC00606D4D4F890201AB16FF00E0189
:10947000206990472146064800F0E1FB2046FFF7AF
:10948000B5FD012010BD002010BD0000F800002037
:10949000F000002070B50446006D0025401EFDF769
:1094A00025FB034600222946204600F057FA01001A
:1094B00006D02246231DBDE87040104600F098BA41
:1094C0004FF0FF3070BD000030B40D4B044600215A
:1094D0000846DD689A6909E0137DA34205D1136A45
:1094E000EB1A8B4201D319461046D268002AF3D1F9
:1094F000002803D030BC0021FFF714B930BC7047FE
:10950000D8000020FEB53D4D06462878410713D40B
:109510003B4FC10611D5E86807F1100207F11403AB
:10952000018840880092CDE9010169896869421883
:109530007868A96901F0F5F9FEBD8007FCD5707D5A
:10954000FFF75EF9040048D07869206038696060F0
:10955000F08AE082E868008820830320207568692B
:10956000401C6062E062204600F0BAF8A065206509
:109570006064E0656869401E60653069E667206187
:10958000707A00F00C006072307A20721D48016819
:10959000E160046001F03AFC1B490120087020469C
:1095A00000F0CAFAE868C089A4F86000A4F8620074
:1095B000201DFDF7E1F80146608E221DFFF788FCB3
:1095C000608612212046FFF792FC88B103B0204646
:1095D000BDE8F0400021FFF7A5B8B369002BABD080
:1095E000306903B04FF0FF32BDE8F040002118476A
:1095F0002046BDE8FE4000F0B5B80000F8000020AD
:109600005C550020F0000020D800002070B50D4609
:1096100004001DD0206800281AD00E4E2046B169E3
:1096200000F01AF82046316900F016F8002D0FD02E
:10963000286800280CD006F11400026806E01068C3
:109640002168884201D128681060D268002AF6D1CA
:1096500070BD0000D800002070B50546084609E03E
:1096600001682A68914204D1C468FFF7C5F8204612
:1096700000E0C0680028F3D170BD4020FFF7C0B8FB
:10968000F0B5154D154A00234FF6FF764FF44047CD
:109690004FF4804E9088401C80B29080B04200D140
:1096A0009780B2F80440002055F8201009680AE0BD
:1096B000B1F816C0A44505D15B1C9BB27345E9D334
:1096C0000020F0BDC9680029F2D1401CC0B20428B6
:1096D000EAD3A0B2F0BD0000F4BA0008D800002020
:1096E0000249D1E90202104488607047D800002086
:1096F00070B50546C0680C468089FDF7F9F9184E2B
:10970000C00715D0204601F045F9002425E08089E6
:10971000FDF7EEF9C00707D00120FDF7E9F9014692
:10972000E8688289114381812046246801F024F988
:109730009CB1E06822897369416811442A891A44FE
:10974000511AE4D52A8940681A44821A05D5C01AEC
:1097500081B229816868FEF765FA2C6070BD00004F
:10976000F80000202DE9F05F04467B480068A04225
:1097700002D10020BDE8F09FB4F86010B4F84800B2
:10978000814200D20846E56E81466DB12146221D18
:10979000084601F08DF85FEA000A6FF003012ED051
:1097A00054B1206840B10CE0A07E80077ED52046F1
:1097B000BDE8F05F01F0F7B81AF104001FD00068AF
:1097C0002060E8684068FDF791F9616C401A2989CA
:1097D000421800204A4514D9B4F860204A45E3D124
:1097E000216F0029E0D194F8A1100029DCD184F880
:1097F000A000012184F8A11084F8A200D4E7084653
:10980000B8E784F8A100266F83460EB990E00646BB
:1098100030680028FBD18AE0E8688089FDF768F9A4
:10982000206FA8B1618B11F0440F11D1E06E28B107
:1098300002686AB90089628E904209D2B4F8640065
:1098400030B1B4F86600102802D211F0A00F7AD01F
:10985000207D022807D01020FDF74AF90146E8686C
:1098600082891143818152462146284600F0FEF844
:1098700020B1618B41F0800161837BE72868E0665D
:10988000207D022803D0608B20F003006083E8680D
:109890004068FDF72BF90746E8688089FDF728F94D
:1098A000800700D001203844298900E04FE00844B7
:1098B000216D091A00D52065E8688089FDF718F93F
:1098C000800700D001202989C8422CD0C5F800B0FB
:1098D000206F68B1E8684068FDF708F90746F0684E
:1098E0004068FDF703F9381A1AD504F1700003E057
:1098F000256716E0D8F800008046006850B1C068BF
:109900004068FDF7F3F80746E8684068FDF7EEF8B1
:10991000381AEFD4D8F800002860C8F8005005E0E5
:1099200035602E4602E0284601F026F8E56E55B176
:10993000E8684068FDF7DAF8616C401A298901444B
:1099400049457FF669AFE06E08B9A4F868B0608B4E
:1099500020F0800060830CE7180100202DE9FF4112
:109960000446478D058BC08A10268DE8E100606AA9
:1099700000F009F8002803D0628D616A1144E162A9
:1099800004B0BDE8F0812DE9F05F834688180E46EB
:10999000DDE90B98143081B21F464FF42072242069
:1099A000DDF828A0FDF79AFF05001ED050466C6830
:1099B000FDF79EF820804846FDF79AF860806760C2
:1099C0005846FDF793F8A060B008000300F5A040EA
:1099D00080B240EA0800FDF78BF8A0810D98FDF7F2
:1099E00087F8E0810020208260822846BDE8F09F51
:1099F000F8B515460E461C4607461A46294600F09D
:109A000057FF38B1009023462A463146384600F0C9
:109A100007F8F8BD3046FEF7A8F86FF00300F8BD70
:109A20002DE9FE434F68DDF82880914600930D46EE
:109A30001E4604460A894B4606212846FCF7CCFE02
:109A4000388214B1E37AA07A01E040230020062294
:109A50008DE80501324649462846FCF715FE0446C6
:109A60002846FEF782F82046BDE8FE83FEB516467E
:109A70000C46054600F058F808B10020FEBD606AAB
:109A8000FDF734F8E9688860608DFDF731F8E96822
:109A9000C881618D606A0844E062EF68A87A143773
:109AA000C0070AD0221D314640F2B450FFF710FA29
:109AB00040F00170FDF71AF83860B4F93000002763
:109AC000002800DA2786606B38B9164800686063A2
:109AD000E8684068FDF70AF8A0636968A88923462A
:109AE0008A88801A4A89121A4A8169680A89101A72
:109AF00008816968E8684860E86806210782201DD7
:109B0000009068680289FCF767FEE968221D0882F8
:109B1000A07A06218DE84300E37A21466868FCF7C5
:109B2000B3FDFEBDE40000204068807B012801D029
:109B300001207047002070472DE9F0411A4C06467D
:109B40006088002818D00020E08040F2B4550FE073
:109B5000FFF78AFA00280FD0012809D002280DD07B
:109B6000FFF782FA022807D3E1880844801EE080CC
:109B7000E08861888842EBD3BDE8F081FFF774FA92
:109B80000428F9D1E0886188801C8842F4D8FFF766
:109B90006BFA0702FFF768FA3843A84200D800B909
:109BA00028467086E4E70000F80000202DE9F04127
:109BB0001D46DDE90637089E0C4691420FD2BF07CD
:109BC00007D49F7E7F060AD41EB1DE6E0EB91B6FCE
:109BD0002BB104F2B4518A4200D2114689B24FF43B
:109BE0002072FDF77BFE002804D04189091B2980E3
:109BF00004814481BDE8F08170B504001ED0207D51
:109C000000281BD00A2819D0012817D0A06F0025E2
:109C100010B1FDF7AAFFA567606F10B12046FFF7EE
:109C200019FA4FF0FF302086E06E00F0B3FE206F8F
:109C300000F0B0FEE5662567A4F8685070BD70B509
:109C40000C4601460068A04209D1C068086008E0DF
:109C5000C168A14202D1E168C16002E00846002863
:109C6000F6D100252046E560FFF7C6FF207D0A28D3
:109C70000AD0012808D0608BC10705D040F002004F
:109C800060832046FFF76EFD2575E58270BD0028D4
:109C900002D0C0F88C104277704700002DE9FE4FCB
:109CA000D84D04462878410721D5207D02280ED0C2
:109CB000616A686981420ED0421A07D4228D11442C
:109CC000081AFAD4608B40F00200608397E1206D9F
:109CD000A9698842FAD1687840F008006870608B02
:109CE00020F0010060836FF00D00BDE8FE8F80075B
:109CF00004D5207D022801D00328E3D1A07EC00630
:109D000002D4C148006820624FF0000A84F8A3A082
:109D100084F8A2A02046FFF70FFF2A78900704D509
:109D2000207D022801D00328D0D1B84B94F814C06C
:109D300003F110000421DFF8D8B2B64FB64E143349
:109D4000ACF1020C4FF00109BCF1080FBED2DFE804
:109D50000CF00473CBCFF5CBF4F3D606B6D592074F
:109D600054D5626CAE69521CB2424FD16869421C34
:109D700062626664E262EA68401ED289A4F86020EA
:109D8000A4F8622060652175201DFCF7F5FC0146F2
:109D9000608E221DFFF79CF841F21C116086B1EB2A
:109DA000400F01D2420000E00A46B2EB800F01D919
:109DB000810003E0B1EB400F00D24100A4F848104D
:109DC000B4F86600401EA4F86600206FB0B10168C8
:109DD000C4F8701000F0D0FD206F98B1A4F830A046
:109DE00084F842A0D4F88830002B3FF46BAF0022F7
:109DF0002146206998470D3042D063E7E06E016844
:109E0000E166E7E74FF0FF302086EBE7E9680A8874
:109E100049888DE807006989686942182046A96960
:109E200000F04EFD94F8420006288FD2A4F830A02E
:109E3000204600F0F5FCE2E0960708D5606A696903
:109E4000401E884202D1204600F089FCD7E0D206AD
:109E500049D5626CAE69B21A012A38D4226D921BC0
:109E600035D42175E06F40B1836933B100222146BA
:109E70002069984738B10D3002D02046FEF7BCFC6F
:109E80006FF00C0031E7204600F004F9288908B192
:109E9000401E2881618E41F21C10B0EB410F01D2AF
:109EA0004A0000E00246B2EB810F01D9880003E0CE
:109EB000B0EB410F00D24800A4F848006878800653
:109EC00011D5608B40F00200608307204AE0E9680A
:109ED0000A8849888DE8070069896869421831460F
:109EE000204600F0EDFC8AE0204600F0D3F8E5E7DC
:109EF000204600F0CFF86878800628784FEAC060E6
:109F000027D5002805DA206DA969884201D1E06EC5
:109F100028B1608B40F002006083082022E0608B53
:109F200040F0020060832046FFF766FE3068A042E2
:109F30000CD1C068306048E051E02DE014E0C16809
:109F4000A14202D1E168C1603FE008460028F6D195
:109F50003BE0002853DA206DA96988424FD1E06EBA
:109F6000E0BB062020754AE0204600F093F86878B0
:109F7000800644D5608B40F0020060832046FFF7E6
:109F80003BFE3068A042D4D003E0C168A142D9D0E2
:109F900008460028F9D118E0204600F07BF8287820
:109FA000C0062CD5206DA969884228D1E06EA8B9D9
:109FB0002046FFF721FE3068A042BAD003E0C16816
:109FC000A142BFD008460028F9D18BF800900A20A2
:109FD00020753868E0603C6000F018FF0FE0204614
:109FE00000F058F82878C00609D5206DA969884284
:109FF00005D1E06E18B9687840F010006870002054
:10A0000073E60000F8000020E40000205C5500200A
:10A01000D8000020F4000020F00000202DE9F041DD
:10A0200004000CD0A56F00206E7BA067D4F884706C
:10A030004FB100232A4621462069B84709E06FF056
:10A040000F00BDE8F08100232A462146184600F0A3
:10A0500050FB6FF00C0728B10D3018D06FF00400E2
:10A06000A567EEE7B00610D5208DA0F5B051D03928
:10A0700001D0401C2085D4F8845035B100231A4605
:10A0800021462069A8470D3001D00020D9E7384685
:10A09000D7E700002DE9F047F74D04464FF00006E2
:10A0A0002878C0067ED52846B4F860C0A36D676DD9
:10A0B0006A69C16880690CEB0309B7EB020808D430
:10A0C000974201D11F1A04D483420DD1CB89634535
:10A0D0000AD9C989A4F86010B4F862308B4201D261
:10A0E000A4F86210C4E91520626C4FF6FF71131AD0
:10A0F0002CD46B89002B28D1B4F86070A36D1F4459
:10A100004F4522D1B4F93030002B1EDB82421CD1E6
:10A1100094F84300421CD2B2824201D984F8432011
:10A1200094F8430003280CD9B4F84800628E024426
:10A1300092B2824202D3A4F8482003E0A4F8481067
:10A1400000E002D3204600F03DFB8AE0821A012A9B
:10A1500076D4236D1B1A73D4678B7B0708D527F041
:10A1600004036383B4F84A30A4F84830A4F86A6062
:10A1700084F84260E38FB4F93C7092B203EBE703DA
:10A18000A4F8403084F843606064207D042831D313
:10A19000B4F84800B4F84A30984217D2638B1B05D4
:10A1A00003D500E07DE0012300E00223678E5F43DA
:10A1B000BBB2934200D81A46024492B2824202D302
:10A1C000A4F8482016E0A4F8481013E0B4F86A3068
:10A1D0001A4492B29A4202D3A4F86A2001E0A4F889
:10A1E0006A10B4F86A20824204D3121AA4F86A20D2
:10A1F000628EE1E7D4E91B31A0A22046FEF7FAFE09
:10A20000206703469FA22046E16EFEF7F3FEE0665C
:10A21000216F19B12686267720B105E04FF0FF3275
:10A220002286F8E7A4F86860B4F864202B891A4401
:10A23000A4F86420628B120513D511B1C86802E03E
:10A240000CE030B1C0684068FCF750FCE16C401A8B
:10A2500007D4608B20F40060608302E0204600F0A9
:10A26000A2FB606BE8B1A16BAA69891A19D587496D
:10A270000988081AB4F93C10A0EBE10000B20144CF
:10A2800009B2A187002801DA404200B2B4F93E20A9
:10A29000A0EBA2001044E08700EBE100A4F840002E
:10A2A00066636B89002B7DD0207D07287AD2606A97
:10A2B0006A69774F811A01291ED413441B1A012B96
:10A2C0001AD43A8989B27868521A3A810289521AA4
:10A2D00092B204E002814681C91A006889B24389BA
:10A2E0008B42F7D3FDF7D2FC606A6861F968486079
:10A2F000616A401A07D5E2E1101A04D5608B40F07C
:10A3000002006083DBE1208D616A0A186869121A15
:10A31000012AF0D4A846814273D1F8688089FCF7FD
:10A32000E7FB800701D0012100E000213889B94610
:10A33000084480B2A8F80A00218D4546814230D2F7
:10A34000D9F80C004F468089FCF7D2FBC0070FD02C
:10A35000F8688089FCF7CCFBC0F344004000FCF7B0
:10A36000C7FB0146F868828922F47C52114381813F
:10A37000208D3881F8688089FCF7BAFB800702D508
:10A380003889401E388139897868FDF74BFCF868B8
:10A390008089FCF7ADFB800700D001203989084493
:10A3A000688100E090E1606F60B3D9F80C008089AB
:10A3B000FCF79EFBC00704D107E00168616700F06D
:10A3C000DBFA606F0028F8D16BE0676F24E08089CA
:10A3D000FCF78EFBC0071BD0D9F80C008089FCF776
:10A3E00087FB800714D40120FCF782FBD9F80C10FE
:10A3F0008A8910438881FCF77BFB800703D0012109
:10A4000002E0BAE04DE00021B9F808000844688194
:10A4100038463F6800F0B0FA6FB3F86839896B8945
:10A42000426811446A691A44511AD0D56969406872
:10A430009AB20A44821A33D5411AA9F80810D9F8F9
:10A440000C00A8468089FCF753FB800704D5B9F8B7
:10A450000810491EA9F80810B9F80810D9F8040026
:10A46000FDF7E0FBD9F80C008089FCF741FB800781
:10A4700010D001210FE013E0F8000020756E616339
:10A480006B656400756E73656E740000E4000020F7
:10A490004C5500200021B9F808000844A8F80A002B
:10A4A00067676889696901446162218D081A20859E
:10A4B000204600F011FDD9F8041048460A890AB177
:10A4C000E9614660D9F80C008089FCF711FBC007F0
:10A4D00041D0687840F0200068703CE06A6188896B
:10A4E000FCF706FB800700D001203A89616A11441D
:10A4F00008446062F8688089FCF7FAFAF868808995
:10A50000FCF7F6FA800700D0012039890844218D34
:10A51000081A2085204600F0DFFC7968088930B1F0
:10A52000E86910B1FDF759FA00E0E9617E60F8686A
:10A530008089FCF7DDFAC00708D0687840F0200079
:10A540006870207D042801D1072020753868606775
:10A55000384600F011FA676F27B1F968606A4A68F7
:10A560008242BBD0608BC10702D020F00100B6E070
:10A5700040F001006083BDE8F087656F95B100266B
:10A58000E9684968814212D13889298988422FD9DE
:10A59000286868B3534800F0DBF948B37EB33060F5
:10A5A000294623E04F4800F0D3F9606787E006B3FF
:10A5B000F2685268821A012A23D40A1A012A20D486
:10A5C000484800F0C5F9070079D0F0684168308943
:10A5D0000A18D8F81400821A05D5401A81B23181C0
:10A5E0007068FDF71FFB294638463760FFF780F893
:10A5F00065E0421A05D53B4800F0AAF9E8B3606768
:10A60000CEE72A682E46CABB091A55D5E868808964
:10A61000FCF76EFAC00752D1324800F099F9286071
:10A6200058B3E8682989464640684218D8F814109B
:10A630008A1A05D5081A81B229816868FDF7F2FAED
:10A64000218D606A7269084471891144401A36D5B7
:10A650002868C0688089FCF74BFAC00713D02868C7
:10A66000C0688089FCF744FAC0F344004000FCF75E
:10A670003FFA2968C9688A8901E020E01CE022F4D9
:10A680007C5210438881A08C218D0844B18A401AE5
:10A6900081B22868018128684068FDF7C3FA2868FC
:10A6A000C0688089FCF724FA800700D0012029685F
:10A6B00009890844708102E015007FF461AF2046EB
:10A6C000BDE8F04700F06FB9616A6869421A05D4C5
:10A6D000228D1144081A01287FF54DAF608B40F0A0
:10A6E000020047E74C550020002801D0C0F8841034
:10A6F000704710B51446080007D04CB1218900F00E
:10A700000EF82046FDF731FA03E06FF00F0010BDA0
:10A710000BB1002010BDBDE81040FEF751BA10B5D6
:10A7200004001BD0228D501880B241F2D0618842C3
:10A7300001D8824201D9218500E02085204600F021
:10A74000CBFB40F2B451884208D3608B40F002004A
:10A7500060832046BDE81040FFF704B810BD2DE926
:10A76000F041056F04466FF005061DB12846FFF75E
:10A77000DBF910B13046BDE8F081286804F16C06C1
:10A78000206700E03668306850B1C0684068FCF768
:10A79000ADF90746E8684068FCF7A8F9381AF1D423
:10A7A0003068286035602868002108B9A4F868106E
:10A7B00094F84200FF2802D2401C84F84200002096
:10A7C0006163D8E710B50446006F002827D0A07E4B
:10A7D000400724D42046FFF7C2FF00281FD1B4F859
:10A7E0004810B4F86000814200D208464108A4F83D
:10A7F0004A10608EB1EB400F05D24FF6FF7101EAAF
:10A800004001A4F84A1089B200EB40000844A4F8C3
:10A810004800608B40F0040060830020208610BD5B
:10A8200010B5044600F011F8002804D12046BDE818
:10A83000104000F001B810BD90F84210FF2902D27C
:10A84000491C80F84210FEF78DBF2DE9F041056FDD
:10A8500004466FF005065DB103E0FFF765F938B90E
:10A860002D68286800282846F7D1FFF75DF910B158
:10A870003046BDE8F081E06E28600026206FC4E914
:10A880001B06608B40F400606083E8684068FCF75A
:10A890002DF90746E8688089FCF72AF9800700D07F
:10A8A00001202989384408446663E0640020E0E719
:10A8B00018B1007A08B1FCF74FBF1046FBF75CBF38
:10A8C000FEB51D460646DDE90930089C0094CDE939
:10A8D00001302B46304600F00BF8010007D003B0E2
:10A8E00023462A463046BDE8F040FFF781B8FEBD5A
:10A8F0002DE9FF411546DDE90B78084600244DF2AD
:10A900001606FCF7F3F81421CDE90216CDE900781C
:10A910000346002221462846FFF735F804B0BDE87B
:10A92000F081FEB51E460400DDE90930089D0ED019
:10A930000095CDE9013033460020FFF7D9FF010033
:10A9400005D02B46324600200094FFF769F8FEBD83
:10A9500070B505460320FCF761FE04000AD004CD63
:10A9600095E80B0004C484E80B00241FFDF781F96F
:10A97000204670BD002070BD10B5040009D060688D
:10A9800008B1FDF7F2F82146BDE810400320FCF7BE
:10A9900017BE10BD10B503E00468FFF7EDFF2046B9
:10A9A0000028F9D110BD70B504460025006DFCF7F4
:10A9B0009DF80346002229462046FEF7CFFF0100FE
:10A9C00009D02246231D1046FFF712F8618B48B1CB
:10A9D00041F0030108E0608B40F0030060836FF0FA
:10A9E000010070BD21F00301618370BD70B5C46EBC
:10A9F00005460CB909E0044620680028FBD1E06850
:10AA00008089FCF775F8400705D02846BDE87040FE
:10AA10000121FEF76CBA0120FCF76AF8E1688A8927
:10AA200010438881688B40F020006883002070BD4F
:10AA30002DE9FE4FAC4D47F6FF7B4FF4FA78E868FE
:10AA40004FF00009401CE860A878401CA87000275F
:10AA5000AC692BE1A17FA878814202D12746E46846
:10AA600024E1A0770026207DB246022805D194F883
:10AA70004200062801D3012688E094F842000C2801
:10AA800006D294F8A10058B394F8A2100C2901D36F
:10AA900001266FE09549415C94F8A000884202D2FB
:10AAA000401C84F8A000C0B2884263D3B4F86010A0
:10AAB000204619B100F01EF920B107E000F0CCFBF0
:10AAC000E8BB03E02046FEF74DFEC0B384F8A0903B
:10AAD00094F8A10007284DD2401C84F8A10049E059
:10AAE000B4F93000584501D2401C2086B4F930003A
:10AAF000B4F9401088423DDB2046FFF7A6FE18B1AE
:10AB0000206FE0B9E06ED0B1207D022813D094F818
:10AB100042000C2800D30C20B4F93E10B4F93C20BC
:10AB200001EBE201724A105C81405846814200DA32
:10AB30000846A4F840004846A4F8309000E019E028
:10AB4000B4F84820B4F860108A4200D211464A088E
:10AB5000A4F84A20618E4FF6FF7303EA41039A423C
:10AB600001D2A4F84A30A4F84810A4F86A0020469C
:10AB7000FFF762FE207D062808D1A07EC00605D51D
:10AB8000206AE968081A282800D9761C607A00072C
:10AB900026D5207D042801D0072821D1D4E9250C11
:10ABA000D4F89C10226A01FB0C01B1FBF8F1EB68B0
:10ABB0009A1A914203D24FF0010A761C10E094F8E1
:10ABC000A31001FB0C00B0FBF8F0904208D2204625
:10ABD000FEF760FC20B994F8A300401C84F8A300A1
:10ABE000606F60B1216AE868411AB4F9400000EB77
:10ABF0004000B1EB400F02D32046FEF72BFA207D38
:10AC0000032802D0092807D00BE0206AE968081A57
:10AC1000282806D9761C04E0206AE968081AF0287A
:10AC2000F8D84EB32046D4F89060FEF7E5FFE06810
:10AC30000FB1F86000E0A861BAF1000F0AD0228BD2
:10AC4000E18A201D8DE8070023461846626A216DBF
:10AC5000FFF736FE2046D4F810A0E468FEF7C6F9E8
:10AC600085F8009016B36FF00C015046B047287875
:10AC700000287FF4ECAE19E02746E468387F401CDA
:10AC8000C0B23877797F884210D387F81C9085F856
:10AC90000090D7F88C2032B139463869904729782E
:10ACA0000029E6D110B93846FEF75CFD002C7FF490
:10ACB000D1AE0026EC6913E0206AE968081AF02892
:10ACC00006D92046FEF798FFE06826B1F06003E061
:10ACD0002646E46804E0E8612046E468FEF786F969
:10ACE000002CE9D1BDE8FE8FD8000020AFBA0008E3
:10ACF000E4BA00082DE9F84FC46E0F460546002C53
:10AD00007DD04FB12089B84277D994F80AB05FEA74
:10AD1000CB7105D0042604E06FF00500BDE8F88F84
:10AD20000026C01B1FFA80F808EB060081B24FF422
:10AD300020723820FCF7D2FD5FEA000A63D0606819
:10AD400022890189891A39448BB2DAF80410424603
:10AD50003144FCF77FFE404552D1E0688089FBF723
:10AD6000C7FE00F03F064FF00009300703D526F07C
:10AD700008064FF00809F00703D026F0010649F055
:10AD80000109E0684068FBF7B1FEC3194A46514625
:10AD90002846CDF800B0FEF74FF8070033D06068C2
:10ADA000FCF738FE35F8661F081A288060680289AB
:10ADB000A2EB080189B2FCF735FF2189A1EB08005D
:10ADC00020813046FBF794FEE1688A891043888130
:10ADD0006068FCF71FFE2988084428807868FCF723
:10ADE00019FE2988084425F866092068386027601C
:10ADF000386810B90020A5F8680000208EE702E04E
:10AE00005046FCF7B2FE4FF0FF3087E708488168F4
:10AE100000290CD10749084A09681268114306D075
:10AE20000121816000220549FA20FDF731BC7047FD
:10AE3000CC000020F0000020F4000020F9B200084F
:10AE4000FEB516490B785A0717D40A469C07528953
:10AE500014D5446A4B691D1B15D4058D2C44E41A86
:10AE600011D4CC680E4E1A44258864880096CDE92A
:10AE70000145331D8969FFF723FDFEBDD90702D0C7
:10AE8000084909680162002AF7D0418B41F00201AC
:10AE90004183BDE8FE40FEF765BC0000F8000020DD
:10AEA0006C550020E400002010B5FEF769F8054855
:10AEB0004178491C4170C80703D0BDE81040FFF736
:10AEC000B7BD10BDD80000200248417841F0100104
:10AED00041707047F800002070B5048D456A428EBD
:10AEE0002B1940F66836C16AB24200D932460A448C
:10AEF0009A1A02D44485581A70BD491B00D5002106
:10AF00004185002070BD00002DE9FF4F4FF0000B80
:10AF100093B01746CDF838B004005D46CDF834B094
:10AF20005E46CDF824B0CDF844B0ADF828B0D84690
:10AF3000DA466FF00F021BD0608EB4F86210B0EBEF
:10AF4000510F01D2014600E0490801B108460690C0
:10AF5000149868B1207D04280CD007280AD0022854
:10AF600008D0032806D06FF00A0017B0BDE8F08FB4
:10AF70001046FAE767B1B4F86410B94203D3B4F8E5
:10AF80006600102804D3608B40F08000608360E18D
:10AF9000B4F8669000200790E06E002877D0054650
:10AFA00000680028FBD1A87AC00700D004202B89B4
:10AFB00019180698401A82B2B4F86800ADF8280053
:10AFC000C8B10D95B84201D2014600E03946914220
:10AFD00001D9114604E0B84201D2014600E03946E9
:10AFE0008846A0EB0800ADF8280006EB0801A2EBAC
:10AFF00008008EB282B2BE4249D2002A47D0002B4E
:10B0000045D0B81B904200DD104680B2CDE90C055A
:10B010001698C00715D0012116980094CDE90101BA
:10B020000AAB00200C99FEF7C1FD5FEA000B7CD053
:10B0300014980C9A8119DBF80400F5F7E8F85846E3
:10B040001EE0686800E0084601680029FBD1017B2A
:10B05000890908D14168408901441498814202D18C
:10B06000DDF830A011E0012200200C99FCF736FC3D
:10B070005FEA000BDBD0149881195846CBF8041016
:10B08000FCF7C8FC48441FFA80F90C9866E067E0BA
:10B09000B81B81B2DDE90620101A80B2814200D2CD
:10B0A000084603901698C0071DD00998C8B1002122
:10B0B00016980094CDE90101039907980AAB08445A
:10B0C00081B23820FEF772FD019000282DD014982F
:10B0D00081190198426807981044039AF5F797F888
:10B0E00018E00121E4E7012238200399FCF7F6FB80
:10B0F0000090002819D014984FF4207281190098FC
:10B10000416038200799FCF7E9FB019088B100996C
:10B11000FCF763FC0198FCF77DFC48441FFA80F9BA
:10B12000B9F1100F07D9019800E04BE0FCF71DFDC5
:10B1300082E00098F8E711980090E06D00228319F2
:10B1400020460199FDF778FE0D90D8B3099870B1AB
:10B15000DDE90D0108600D980E900398304486B229
:10B16000BE4295D3B8F1000F1CD06E6814E00D9864
:10B170000990F0E7318901EB08003081306850B95F
:10B1800071897068424608441499F5F740F871894E
:10B1900001EB080070813668002EEBD1298901EBA4
:10B1A00008002881BDF82800A4F86800BBF1000F52
:10B1B00009D059466868FCF710FC2989BBF80800DB
:10B1C000084418E038E0BAF1000F15D0686804E0D0
:10B1D000038903EB0A020281084601680029F7D1BE
:10B1E000028902EB0A010181428902EB0A014181D5
:10B1F000298901EB0A0028810998DDB1C5F8000012
:10B2000054F85C0F384420602089C01B2081A4F8CA
:10B210000A900D9860B1C06850B11698800707D4A5
:10B220000820FBF765FC0D99C9688A89104388815D
:10B2300000209AE6E066E3E7608B40F080006083E0
:10B24000BBF1000001D0FCF790FC099808B1FFF7B2
:10B25000A1FB4FF0FF3088E62DE9F041C56E0446B2
:10B26000002635B394F8A200FF2802D2401C84F8CF
:10B27000A200E8688089FBF73BFCC00701D0288961
:10B28000D0B100270122E868314643682046FEF726
:10B2900065FB060013D0716888469FB11120FBF74B
:10B2A00027FCB8F80C1021F47C510843A8F80C00D6
:10B2B00011E00020BDE8F08101270022E3E74FF014
:10B2C000FF30F7E768682B8914310289D21A93B2EC
:10B2D0000122FCF7BFFBE8684068FBF707FC216D23
:10B2E000401C091A00D520652246231D3146BDE8C1
:10B2F000F0411046FEF77CBB10B5FFF7D5FD0848BE
:10B30000084900680968084306D00022BDE81040DB
:10B310000549FA20FDF7BCB904490020886010BD3A
:10B32000F0000020F4000020F9B20008CC0000205A
:10B33000016000210171704770B505000FD02868C9
:10B3400068B148246100142301222868F6F7AEF89A
:10B3500038B1641CE4B24F2CF4D9002028710020CD
:10B3600070BD2C71012070BD7FB50C4680B10568A1
:10B3700075B1007960B15CB11423022203A98DE894
:10B380000E004100012300222846F6F753F910B1C0
:10B39000002004B070BDBDF80C0040BA00090105E2
:10B3A00001D5A0F5805040F2712148434FF064016F
:10B3B00001D4323000E0323890FBF1F020800120DF
:10B3C000E7E7016024210171704710B548B10468B6
:10B3D0003CB100791923410002222046F6F766F8B5
:10B3E00008B1002010BD012010BD00002DE9F04182
:10B3F00086B00E46040034D096B302AA0121FCF7B1
:10B4000043FE68B36A4620212046FCF73DFE38B370
:10B4100001AA8B212046FCF753FE08B303AA8C2116
:10B420002046FCF74DFED8B104AA8D212046FCF73A
:10B4300047FEA8B105AA79212046FCF741FE78B164
:10B44000BDF804509DF800004FF47A7100F01F0021
:10B450004D43C20600D52038002806DB85400BE0AE
:10B46000FFE7002006B0BDE8F08142420120904095
:10B4700005EB5002B2FBF0F58846BDF80C00FDF775
:10B4800061F807466421BDF81000FDF75BF804463B
:10B49000002F00DA0027B5F5803F01D34FF6FF7586
:10B4A000B4F5004F02DB47F6FF7403E00F48844217
:10B4B00000DA044614213046F4F7D0FEA5FB07015C
:10B4C0004FF4FA7280183580776041F100014246EE
:10B4D0000023F4F75BFEB060B481BDF81400F08186
:10B4E0009DF80800C00930740120BBE70080FFFF11
:10B4F00030B585B00D00044601D0802100E0002168
:10B500007CB1206868B18DF8101004AB19210122BC
:10B510000093CDE90121217913464900F6F720FA7D
:10B5200010B1002005B030BD0220F5F7A9FB03AA39
:10B5300001212046FCF7A8FD0028F3D02DB1002002
:10B540009DF80C1080EAD110ECE70120F8E700002C
:10B5500008498A88CB889A4201D100207047064A60
:10B56000CB88D25C0270C888401CC0F30900C88038
:10B570000120704700000020670100202DE9F04FF6
:10B5800001B92A4920B12A4C002663681D4608E00B
:10B590006FF00F00BDE8F08FA84201D1012602E054
:10B5A000ED68002DF8D16FF007097ABB00254FF642
:10B5B000FF784FF4404A4FF4804B2288571C278075
:10B5C000424501D1A4F800A01A4627880AE000BF2E
:10B5D000B2F812C0BC4504D16D1CADB25D45ECD3D0
:10B5E0001CE0D268002AF3D13A04120C16D00FE006
:10B5F00098420AD05D8A954207D11F680D68AF4214
:10B600000CD059B155B14BB147B1DB68002BEFD12C
:10B6100001B109680160428216B104E04846B9E709
:10B620006168C16060600020B4E7000004BB0008EE
:10B630001C01002070B5040016460D466FF00F0087
:10B6400017D0002D15D0628A2AB921460846FFF787
:10B6500095FF00280DD128686060A682207C084AEA
:10B6600040F0040020745068014604E0844201D197
:10B67000002070BDC0680028F8D1E1605460F7E791
:10B680001C01002010B5F5F735FE0349C0F30D008D
:10B6900000F54040088010BD1C0100202DE9F34F4B
:10B6A0000646408981B008287ED3504D74682968C9
:10B6B0006869FAF7F9FE82462088FBF719FA834693
:10B6C0006088FBF715FADFF8289103460020D9F8C7
:10B6D00004200146144655E0678A9F4250D1277ADC
:10B6E0004FB1D5F804C09CF834C00CF1010C0CF03B
:10B6F000FF0C674544D1BAF1000F13D0CCB12768D5
:10B70000BFB1D5F814C0E046BCF1FF3F11D0DDF861
:10B7100008C0DCF808C007EA0C0708EA0C0847452F
:10B7200007D02DE02CB127681FB1D5F814C06745AC
:10B7300026D1277C7F0711D479B1BAF1000F0DD043
:10B740006F697F1C0AD1029FD1F800C07F68BC4599
:10B7500004D0D4F800C0BC4500D12146B4F814C0D0
:10B76000DC450DD167681FB1D5F810C0674507D11A
:10B7700020B1E368C360E260C9F8044024B10AE084
:10B780002046E468002CA7D10C0004D10298696916
:10B790004068884225D108213046FCF777FA18B96D
:10B7A0006CB1A56905B100E01BE0104BCDF800B00D
:10B7B000103332462146E069A847BDE8FE8FBAF152
:10B7C000000F0ED1287DC0F303100E2809D0A889E0
:10B7D000083001B23046FCF70DFA03213046FAF783
:10B7E0003BFD3046BDE8FE4FFCF7BFB95C5500207D
:10B7F0001C01002010B5002813D00268002A10D0C8
:10B8000000290ED00A68002A0BD0064A526806E0CA
:10B8100013680468A34201D10B681360D268002A40
:10B82000F6D110BD1C01002010B50020FBF7F6FE7C
:10B83000040004D02021F4F711FDFF20E07220461F
:10B8400010BD002801D0C0E906127047002814D0AE
:10B850000A494A6882420AD1D2684A6009E0D1683E
:10B8600021B1814202D1C168D16002E00A46002ABA
:10B87000F5D101460020FBF7A3BE70471C01002054
:10B880007CB56FF00F05069C70B169B162B15CB117
:10B8900005685DB1C5F303160E2E07D06668B54284
:10B8A00006D06FF003007CBD28467CBD251D00E05E
:10B8B0000546CDE9004500F001F87CBD2DE9FE4FBD
:10B8C0000500DDE90C9A9B4690460E466FF00F008E
:10B8D0002FD0002E2DD0B8F1000F2AD05FEA0A0138
:10B8E00027D05FEA090124D06A8A2AB92946084686
:10B8F000FFF744FE00281CD130894FF0FF3700F1DC
:10B90000080189B2814213D308213046FBF7BFFFFB
:10B9100088B14FF4207208212420FBF7DFFF0400D8
:10B9200006D0308940B131462046FCF76AF803E082
:10B930003846BDE8FE8F3446688A6768FBF7D8F85A
:10B9400038805846FBF7D4F878800020F8802089AA
:10B95000FBF7CEF8B880287CC0070BD1CDF800806B
:10B960002289534611212046FAF736FF08B94FF6CF
:10B97000FF70F880EB7AAA7A1120CDE90020CDF88B
:10B980000890424651462046FAF78EFE0546B442DC
:10B9900002D02046FCF7E9F82846CAE70A0A0270F6
:10B9A000417070470A0E02700A0C42700A0A8270D7
:10B9B000C17070472DE9F04115461E460746072421
:10B9C000E20028463146F4F712FCC4F10701641E78
:10B9D0007854F5D5BDE8F0810000000000000000BB
:10B9E000000004020000000000000405060708092A
:10B9F00000000000000D0102030405060708090A03
:10BA00000B0C0D0E0F1000000000000000000102E2
:10BA100003040607080900000000010203040000F7
:10BA200020000400FC1E0020A0000020A400040050
:10BA30007C1F0020A40000201C0008000C22002015
:10BA4000A800002010001000EC220020AC00002014
:10BA500010000400EC230020B000002010001000B3
:10BA60002C240020B4000020040608002C2500200F
:10BA7000B800002020BA00082CBA000838BA000824
:10BA800044BA000850BA00085CBA000868BA000856
:10BA9000FA000000A9AE0008E80300006D5F00088E
:10BAA00060EA0000C13E0008F401000051410008B6
:10BAB00003060C18306078000CBE000834BE000885
:10BAC00054BE000814BE000800BE0008E8BD00080F
:10BAD000F4BD000848BE000820BE000828BE0008CB
:10BAE0003CBE000801020304050607070707070715
:10BAF00007000000EC000020E8000020F00000201B
:10BB0000F400002000000000FFFFFFFFFFFFFFFF29
:10BB1000FFFF0000000000005B4C5749505D2044CF
:10BB200048435020626F756E643A20495020256466
:10BB30002E25642E25642E25642047572025642E4B
:10BB400025642E25642E2564204E4D2025642E2547
:10BB5000642E25642E25640D0A0000005B504859B0
:10BB60005D20414E41523D307825303458202031FF
:10BB7000303046443D25642031303048443D256412
:10BB800020313046443D256420313048443D256411
:10BB9000202070617573653D25640D0A000000006A
:10BBA0005B5048595D20414E4C5041523D30782504
:10BBB000303458202031303046443D256420313027
:10BBC0003048443D256420313046443D25642031D1
:10BBD0003048443D2564202070617573653D2564BF
:10BBE0000D0A00005B5048595D204243523D3078B9
:10BBF00025303458202072657365743D25732020EC
:10BC00006175746F6E65673D25732020737065657F
:10BC1000643D257320206475706C65783D25732024
:10BC20002069736F3D2573202070643D25730D0AD4
:10BC3000000000005B444D415D2052585F44455375
:10BC4000433D3078253038582052585F4255463DA4
:10BC50003078253038582054585F444553433D30A0
:10BC600078253038582054585F4255463D30782565
:10BC70003038580D0A0000005B50485950524F426E
:10BC8000455D204243523D307825303458204253A0
:10BC9000523D3078253034582049443D30782530A5
:10BCA00034583A3078253034582028657870203060
:10BCB00078323030303A307835433930290D0A0047
:10BCC0005B50485950524F42455D206C696E6B3D48
:10BCD000257320202849443D3078464646462F307B
:10BCE0007830303030202D3E20504859206E6F740F
:10BCF00020726573706F6E64696E673B2063686560
:10BD0000636B2032354D487A207874616C2C204D5D
:10BD100044494F20776972696E672C20504859203A
:10BD200061646472290D0A005B4A4F425D206964B8
:10BD30003D2564206D69647374617465733D256489
:10BD40002076657273696F6E3D30782530385820E3
:10BD50006E626974733D307825303858206E74698E
:10BD60006D653D307825303858206E6F6E63655FA5
:10BD700073746172743D3078253038580D0A0000B4
:10BD80000D0A5B5354415455535D2075703D256C2D
:10BD90007573202069703D25752E25752E25752E0D
:10BDA000257520206574683D25732020626D313330
:10BDB00036363D2573202063686970733D25642005
:10BDC000206C696E6B3D2573202072783D256C7563
:10BDD0002074783D256C7520444D4153523D307898
:10BDE0002530386C580D0A0046494E5F574149547A
:10BDF0005F31000046494E5F574149545F320000B1
:10BE000045535441424C495348454400434C4F53D9
:10BE10004544000053594E5F524356440000000011
:10BE2000434C4F53494E47004C4153545F41434BA1
:10BE3000000000004C495354454E000054494D4504
:10BE40005F57414954000000434C4F53455F5741F1
:10BE50004954000053594E5F53454E5400000000B2
:10BE60005B5458445D2061726D65643D2564206FAC
:10BE7000776E5F6E6F773D256428303D73656E7415
:10BE800029207370696E733D256C7520444D4153B4
:10BE9000523D30782530386C58205450533D256C35
:10BEA0007520544255532862697432293D256C75BA
:10BEB0000D0A00005B444843505D202573207869DB
:10BEC000643D30782530386C582079693D25642EE2
:10BED00025642E25642E25642063683D2530325864
:10BEE0003A253032583A253032583A253032583ACD
:10BEF000253032583A253032582073703D256C7504
:10BF00002064703D256C750D0A0000002CBF0008F0
:10BF1000000000205C0100005408000860BF000819
:10BF20005C010020EC780000D82F000801330414D5
:10BF3000FFFF01052D0A08010309110208DCABCD42
:10BF4000EF701742019210033F127A32C0033C6E29
:10BF500019C2C0041D01031C4203021008000000A6
:04000005080001519D
:00000001FF
