:020000040800F2
:10000000807B002069010008DF310008FD2900081D
:10001000DD310008BF0A0008BF34000800000000FE
:10002000000000000000000000000000093200088D
:10003000C10A000800000000E13100080D3200088C
:100040008301000883010008830100088301000880
:100050008301000883010008830100088301000870
:100060008301000883010008830100088301000860
:100070008301000883010008830100088301000850
:100080008301000883010008830100088301000840
:100090008301000883010008830100088301000830
:1000A0008301000883010008830100088301000820
:1000B0008301000883010008830100088301000810
:1000C0008301000883010008830100088301000800
:1000D00083010008BB340008830100088301000885
:1000E000830100088301000883010008000000006C
:1000F0000000000000000000000000000000000000
:1001000000000000000000008301000883010008D7
:1001100083010008830100088301000883010008AF
:10012000830100088301000883010008830100089F
:10013000830100088301000883010008830100088F
:10014000830100088301000883010008830100087F
:10015000DFF810D000F072FC00480047D9770008A3
:10016000AFF30080807B00200648804706480047A8
:10017000FEE7FEE7FEE7FEE7FEE7FEE7FEE7FEE757
:10018000FEE7FEE715330008510100082DE9F05F96
:100190000546002092469B468846064681464024F6
:1001A0001BE0284641464746224600F020F85346C9
:1001B0005A46C01A914110D311461846224600F003
:1001C000C3FA2D1A67EB01084F4622460120002191
:1001D00000F0BAFA17EB00094E41201EA4F1010409
:1001E000DFDC484631462A464346BDE8F09F202AD8
:1001F00004DB203A21FA02F00021704721FA02F3D1
:10020000D040C2F12002914008431946704710B512
:10021000431A934209D28318881803E010F8011D8D
:1002200003F8011D521EF9D210BD40EA01039B07DD
:1002300003D009E008C9121F08C0042AFAD203E05B
:1002400011F8013B00F8013B521EF9D210BDD2B2A9
:1002500001E000F8012B491EFBD270470022F6E7AF
:1002600010B513460A4604461946FFF7F0FF20462C
:1002700010BD421C10F8011B0029FBD1801A7047E9
:1002800030B504460020034600E05B1C934203D2D5
:10029000E05CCD5C401BF8D030BDF0B480EA0102D8
:1002A000D40F4200B2EB410F02D20246084611467B
:1002B0004A0042D0C30DDDB2C1F3C752AD1A202DA2
:1002C00035DAC1F3160141F4000204B15242C5F11E
:1002D000200602FA06F12A411044B3EBD05F23D086
:1002E000C4B1012DA0EBC35009DCF0BC4FF00042BB
:1002F00002EAC352DBB200F5000000F03DBA400054
:1003000000F1807000EBC350A0F1807040EAD17022
:10031000490009E0490841EAC071A0EBC35000F56B
:100320000000400800EBC350F0BC00F01CBA614272
:10033000012202EB4101001BF6E7F0BC704781F09F
:100340000041AAE780F00040A7E780EA010210B56B
:1003500002F00043400022D04A001FD0010E01EB02
:100360001261C0F35600C2F3560240F4000042F49A
:100370000002A0FB022000047F39140400D0401CBE
:1003800050EA124001D44000491EC2B20C0604EBF0
:10039000D010401C4008802A02D003E0002010BD8D
:1003A00020F00100002900DA0020184310BD30B40D
:1003B00080EA010202F0004530F0004221F00040E6
:1003C00013D090B1C30DD40DC2F31601C0F31600C3
:1003D000E41A41F4000140F400027D34914201D35B
:1003E000641C00E04900002C02DA30BC0020704799
:1003F0004FF400000023914201D3891A03434008BF
:100400004FEA4101F7D151B1914202D14FF0004181
:1004100005E002D24FF0010101E06FF0010103EBB2
:10042000C450284430BC00F09EB9420005D0C0F34F
:10043000C7525242914201DC0020704700EBC1508C
:1004400070472DE9FE4F81EA030404F0004421F0D7
:10045000004100944FF0000B23F0004350EA0104E8
:100460005ED052EA03045BD0C3F30A54C1F30A55C9
:100470002C44A4F2F3340194A0FB0254C1F3130101
:1004800041F48011C3F3130343F4801301FB0244CE
:1004900000FB034E840A970A44EA815447EA8357D3
:1004A000A4FB076802958D0A05FB07854FEA932C8C
:1004B00004FB0C542705029D4FEA065847EA1637FD
:1004C000B5EB08056EEB070C870E920E47EA811715
:1004D00042EA8312A7FB0201B6EB0B0164EB0004B6
:1004E0002B0D43EA0C335E1844EB1C50DA465146A0
:1004F000E7FB0201C5F313044FEA0B3343EA14533D
:100500004FEA0432019C43EA0603A4F10C0402946E
:10051000009CCDE900B400F06CF903B0BDE8F08FA9
:1005200000200146F9E72DE9F04D81EA030404F0CB
:10053000004B21F0004514464FF0000A23F0004123
:1005400050EA050220D054EA01021DD0C5F30A5733
:100550000246C5F31303C1F31300C1F30A5640F476
:10056000801543F48013A7EB0608101BD64608F24B
:10057000FD3873EB050002D308F1010801E0921881
:100580005B41B8F1000F03DA00200146BDE8F08DB1
:1005900000204FF48011064684460EE0171B73EBD3
:1005A000050705D3121B63EB050306434CEA010C58
:1005B00049084FEA300092185B4150EA0107EDD13B
:1005C00052EA030012D082EA040083EA05010843DC
:1005D00005D0101BAB4106D20122002306E0002209
:1005E0004FF0004302E06FF0010253101AEB0600D7
:1005F0004CEB085110EB0A0041EB0B01BDE8F04D4C
:1006000000F0E8B870B521F0004303430CD0C1F30B
:100610000A550024D5EB040564EB0403D617AD1A84
:10062000B34102DB0020014670BD201841EB0251AE
:1006300070BD96230022114600F09EB80EB540F220
:10064000334102910021CDE900110A460B4600F02A
:10065000D0F803B000BD00F0004220F00040C10D12
:10066000C0F3160040F400007F2901DA0020704733
:10067000962903DCC1F19601C84001E09639884013
:10068000002AF4D04042704720F00040C10DC0F372
:10069000160040F400007F2901DA002070479629F7
:1006A00003DCC1F19601C840704796398840704715
:1006B000C1F30A5210B5C1F3130140F2FF3341F404
:1006C00080119A4201DA002010BD40F233439A4271
:1006D000A2F2334203DC5242FFF789FD10BD904085
:1006E00010BD00F0004230F000400AD0C10D01F50D
:1006F0006071C0F3160042EA0151C208400711437D
:100700007047002001467047002801DBC0F100401F
:10071000002901DBC1F100418142704730B50B4631
:10072000014600202022012409E021FA02F59D4221
:1007300005D303FA02F5491B04FA02F52844151EF5
:10074000A2F10102F1DC30BD202A04DB203A00FADC
:1007500002F1002070479140C2F1200320FA03F318
:100760001943904070470029A8BF7047401C4900BA
:1007700008BF20F00100704710B4B0FA80FC00FA06
:100780000CF050EA010404BF10BC704749B1CCF131
:10079000200421FA04F411FA0CF118BF01212143BD
:1007A0000843A3EB0C01CB1D4FEA00614FEA102078
:1007B00042BF002010BC704700EBC350104400291A
:1007C000A4BF10BC7047401C490008BF20F00100C6
:1007D00010BC704710B5141E73F1000408DA401CF9
:1007E00041F1000192185B411A4301D120F0010050
:1007F00010BD2DE9F04D92469B4611B1B1FA81F240
:1008000002E0B0FA80F220329046FFF79DFF0446E6
:100810000F4640EA0A0041EA0B0153465A46084394
:1008200013D0114653EA010019D0C8F140025046D6
:10083000FFF7DDFC05460E46504659464246FFF797
:1008400083FF084305D0012004E020463946BDE877
:10085000F08D0020054346EAE0762C4337430A98A2
:100860006305E40AA0EB08000022FD0A44EA4754AD
:100870000A3002D500200146E9E701051019694157
:10088000DDE9084500196941BDE8F04DA2E72DE911
:10089000FE4F804681EA0300C00F0C46009021F015
:1008A000004123F00045B8EB0200A94105D24046C3
:1008B000214690461C460B46024623F0004010435A
:1008C00047D0270DC7F30A00C3F30A510290401A1C
:1008D000019040286BDAC3F3130040F4801B0098AA
:1008E000924620B10023D2EB030A63EB0B0B019875
:1008F0005946C0F140025046FFF726FF06460D4616
:1009000050465946019A00F0ABF810EB08006141DF
:10091000002487EA115284EAE7731A4340D0009A10
:1009200062B3019A012A4FEA075215DC001B61EB02
:1009300002014FF0004202EA0752CDE90042001CDA
:1009400041F5801132462B46FFF753FF03B0BDE857
:10095000F08F40462146F9E7001B61EB0201001CC5
:1009600041F5801300185B412018A2F5001747EBF2
:10097000030140EAD570B6196D4111E06D084FEAE8
:10098000360645EAC0754FEA0752001B61EB0201CB
:10099000001C41F5801149084FEA3000001951410F
:1009A00032462B4603B0BDE8F04FFFF713BF009867
:1009B000012240000023D0EB020263EBE0730098B9
:1009C00021464FEAE074B8EB000061EB0401E9E76F
:1009D00083F000435BE781F0004158E7C1F30A521E
:1009E000C1F3130140F2FF3341F480119A4202DA5D
:1009F00000200146704740F233439A42A2F233424C
:100A000002DC5242FFF7F3BBFFF79EBE30B5041E77
:100A100071F1000404DB4FF00044404264EB01013B
:100A2000141E73F1000405DB1C464FF000435242D4
:100A300063EB0403994208BF904230BD064C074D5A
:100A400006E0E06840F0010394E80700984710349E
:100A5000AC42F6D3FFF780FB00DD000820DD000884
:100A6000202A06DBCB17203A41FA02F043EAE07372
:100A700006E041FA02F3D040C2F12002914008435F
:100A80001946704730B58C1810F8012B12F00F037F
:100A900001D110F8013B120906D110F8012B03E037
:100AA00010F8015B01F8015B5B1EF9D101E001F870
:100AB000013B521EFBD1A142E6D3002030BDFEE730
:100AC0007047000003484FF4E0014161002141609C
:100AD00070470000009002402DE9FF4F81B00646AC
:100AE0003148DDE90F58DDF8389001681F4614469B
:100AF00041F0010101600168C907FCD12B49824620
:100B0000416141692AA002F0DBFC3B46CDF8009030
:100B100031463548029A02F0D3FC0021C8F30D009B
:100B20004FF0004B40F48043621E13E006EB41108F
:100B3000C0F800B04360DDF808C001FB08CCC0F885
:100B400008C0914204D200F1200CC0F80CC000E0B3
:100B5000C660491CA142E9D3002084464FF48018A6
:100B60006A1E11E007EB4011C1F80080C1F804C013
:100B7000119C00FB04938B60904203D201F120038F
:100B8000CB6000E0CF60401CA842EBD31749CAF805
:100B90000010CAF80C60CAF810701549CAF818108D
:100BA00005B0BDE8F08F0000009002400484010011
:100BB0005B444D415D20444D4153525F4146544595
:100BC000525F434C4541523D3078253038582028FB
:100BD0006578706563742030783030303030303074
:100BE00030290D0A0000000054D80008802041027E
:100BF000062030040168002905DB0168C90502D51B
:100C00000168090401D5002070470068C0F30D4059
:100C100070471079537940EA032301F1804000F5D1
:100C2000203003641178D37841EA036193785278D5
:100C30001B0443EA0222114341647047F0B5ADB092
:100C40000446002904D04FF40060E060C000A060BA
:100C50000025109511951295139514951595E06939
:100C600000287CD016954FF40070179018951995B0
:100C70001A951B951C9540271D971E951F9520952D
:100C800021952295239524952595802026902795BA
:100C9000289529952A952B952C9520680168464A18
:100CA0001140E368A2681A43169B1A4342F400728B
:100CB0001143016020680668012000F0F9F82068FF
:100CC00006602068476020684668012000F0F0F860
:100CD00020684660206885602068C560206881695A
:100CE0004FF64172114041F08001816120688669B0
:100CF000012000F0DDF8206886612068C561206869
:100D0000C669012000F0D4F82068C6610195F80496
:100D10000290039501110491059506950795089594
:100D2000042109910A9040120B9080010C9040120E
:100D30000D900E950F95206800F5805081691F4A2F
:100D4000114041F0040141F008718161206800F513
:100D500080508569012000F0ABF8206800E016E0C3
:100D600000F5805085612168154801F580510860C3
:100D7000206800F580500568012000F099F820688F
:100D800000F580500560A069012804D00CE04FF404
:100D90008060169067E7206800F58050C16941F0D7
:100DA000400141F48031C16162692DB02046BDE847
:100DB000F0400021FFF72DBF0F8120FF233FDEF819
:100DC0000020C1024288018852BA03791204407996
:100DD00042EA03220243074849BA41F00041016454
:100DE000426405490160054941604FF481518161C8
:100DF00070470000008002400C0C010000040080DD
:100E000030B5124A104B14694FF6FF7524F01C04DC
:100E100024F4784424F4F86444F0100405EAC02073
:100E200020434FF4F86404EA8111014321F00200E9
:100E300040F00100106101E05B1E02D01069C007A4
:100E4000FAD1506980B230BDA08601000080024016
:100E5000C3F30D0141F4804141604FF00041016056
:100E60007047000030B5114B0F4C5A611A694FF6AC
:100E7000FF7522F01C0222F4784222F4F86242F05C
:100E8000100205EAC02010434FF4F86202EA811113
:100E9000014341F00300186101E0641E02D01869AB
:100EA000C007FAD130BD0000A086010000800240DA
:100EB00070B5044600F036FB0546B4F1FF3F02D0A2
:100EC00004480078044400F02DFB401BA042FAD3F4
:100ED00070BD0000B80000202DE9F843044600274B
:100EE0000097B846002C03D094F8440018B107E0EE
:100EF0000120BDE8F88384F84570204600F0F6F83C
:100F00007548416821F4000141604168226A11433B
:100F10004160206800F58050016841F001010160E6
:100F200000F000FB0546206800F58050006810F0D6
:100F3000010F13D000F0F6FA401BB0F5FA7F06D986
:100F4000032084F8440084F84570BDE8F8832068E5
:100F500000F58050006810F0010FEBD120680069A7
:100F600020F01C0501F01AF95C495D4A01449142E8
:100F700002D245F0080506E05A4908445A49884219
:100F800001D245F00C05206805614FF400420021B4
:100F9000204600F077F94FF0010940B101212046C9
:100FA000FFF74CFE84F844900120BDE8F883FF2051
:100FB000FFF77EFF606800286AD000F0B3FA0646AB
:100FC00041F288356A460121204600F015F900F00B
:100FD000A9FA801BA8420AD901212046FFF72EFE5C
:100FE00084F8449084F845700320BDE8F8830098A5
:100FF00010F0040FE6D04FF480520021204600F09C
:1010000041F940B101212046FFF718FE84F84490D1
:101010000120BDE8F88300F085FA06466A46012102
:10102000204600F0E9F800F07DFA801BA8420AD9BA
:1010300001212046FFF702FE84F8449084F84570B1
:101040000320BDE8F883009810F0200FE6D06A4630
:101050001021204600F0D0F840B101212046FFF7D2
:10106000EDFD84F844900120BDE8F883009810F06D
:10107000040F03D04FF40061E16000E0E76010F07E
:10108000020F01D0A7601DE04FF48040A06019E07E
:10109000E068A168C0F3CF00C1F34F0140EA01024C
:1010A0000021204600F0EEF840B101212046FFF774
:1010B000C5FD84F844900120BDE8F88340F6FF7038
:1010C000FFF7F6FE41462046FFF7B8FD84F844904E
:1010D0000020BDE8F88300000000014000D3CEFEF0
:1010E000C0E1E40040F1E9FD40787D012DE9F041E7
:1010F00086B0002400940194029403940068394956
:1011000088426CD13848416941F48041416141696C
:1011100001F480410491416941F400414161416918
:1011200001F400410491416941F480314161416918
:1011300001F480310491816941F01001816181697C
:1011400001F010010491816941F00401816181691C
:1011500001F004010491816941F008018161816914
:1011600001F008010491816941F0200181618069E9
:10117000022500F02000009503260195CDE90360CB
:10118000DFF868806946404600F0BEF8CDE90054BB
:10119000174F69463846029400F0B6F80420CDE9AE
:1011A000000569460396384600F0AEF84FF46050EB
:1011B000CDE90005694603960E4800F0A5F88020A9
:1011C000CDE9000469463846029400F09DF83020CD
:1011D000CDE9000469464046029400F095F806B057
:1011E000BDE8F08100800240001002400010014084
:1011F00000080140000C01402DE9F041044617466B
:1012000094F8440082282CD0822084F8440020687E
:10121000026902F01C02238A4FF4784C0CEAC323C3
:101220001A434FF4F86303EA8111114321F00201DC
:1012300041F00106066100F075F9054616F0010F50
:101240004FF0010615D000F06DF9401BB0F5803F5E
:101250000AD384F84460002084F845000320BDE8E8
:10126000F0810220BDE8F0812068006910F0010FD4
:10127000E9D12068406980B2386084F84460002079
:10128000BDE8F08170B5044694F84400422830D09F
:10129000422084F844002068036903F01C03B4F87A
:1012A00010C04FF4784505EACC2C4CEA03034FF408
:1012B000F86C0CEA8111194341F0020141F001067A
:1012C00091B241612068066100F02CF9054616F0E4
:1012D000010F4FF0010613D000F024F9401BB0F5C8
:1012E000803F08D384F84460002084F84500032040
:1012F00070BD022070BD2068006910F0010FEBD1B5
:1013000084F84460002070BD2DE9F84F4FF0000CC8
:1013100000230A68002A7DD0DFF8DC810F27A8F1BE
:10132000040A08F10409AAF1040B012202FA0CF6DE
:101330000A683240B2426ED1DFF8C0E14C68A4EBDB
:101340000E0574452BD00DDC032C34D005DC34B3F2
:10135000012C19D0022C2FD11BE0112C16D0122CED
:101360002AD119E0B5F5881F19D006DCB5F5803F04
:1013700015D0B5F5801F1FD111E0B5F5001F0ED0B7
:10138000B5F5041F18D10AE0CB6815E0CB681B1D2A
:1013900012E0CB6808330FE0CB680C330CE08B68AD
:1013A00023B1012B04D00823466105E0042303E0A8
:1013B0000823066100E00023B2F5807F01D20546D4
:1013C00001E000F1040502D24FEA8C0403E0ACF125
:1013D00008044FEA84042E6807FA04FE26EA0E0683
:1013E00003FA04F446EA04042C604C6814F0805FAD
:1013F00079D0434CA56945F00105A561A46904F0C5
:10140000010400942CF0030404F1804404F58034BA
:10141000A66801E06EE066E04FEA8C754FEA15754C
:1014200007FA05FE26EA0E0EA0F18046B6F58436D0
:101430001ED0A0F18046B6F586361BD0A0F18046BE
:10144000B6F5883618D0A0F18046B6F58A3615D0A4
:10145000042606FA05F545EA0E05A5604C6814F465
:10146000801F0DD0D8F800401443C8F800400CE0AD
:101470000026EEE70126ECE70226EAE70326E8E786
:10148000D8F800409443C8F800404C6814F4001F9A
:1014900005D0D9F800401443C9F8004004E0D9F859
:1014A00000409443C9F800404C6814F4003F05D054
:1014B000DAF800401443CAF8004004E0DAF80040CB
:1014C0009443CAF800404C6814F4803F05D0DBF820
:1014D00000402243CBF8002005E0DBF8004024EA7E
:1014E0000202CBF800200CF1010C0A6832FA0CF26F
:1014F0007FF41BAFBDE8F88F080401400000111015
:1015000000100240C26821EA0203114043EA01418F
:1015100001617047002A01D001617047090401612F
:10152000704700000148806870470000B800002044
:1015300070B50446002C04D094F83D00002510B18D
:1015400006E0012070BD84F83C50204600F08AFC83
:10155000242084F83D002068016821F00101016029
:101560002068016841F4004101602068016821F4AD
:101570000041016000F018FE544B6168994203D8A5
:101580005349884203D304E05249884201D20120E2
:1015900070BD5149B0FBF1F12268D2F804C02CF0C3
:1015A0003F0C4CEA010CC2F804C062689A4201D8B0
:1015B0004A1C07E04FF4967251434FF47A72B1FB24
:1015C000F2F14A1C2168D1F820C02CF03F0C42EA0D
:1015D0000C020A626168994210D84900401EB0FBB3
:1015E000F1F2521CC2F30B02042A01D2042026E0BD
:1015F000B0FBF1F0401CC0F30B0020E0A268002A11
:1016000050D001EBC10303EB0113A0F1010CBCFBB3
:10161000F3F35B1C43F480431B051B0D4AD0002AE7
:101620004AD001EBC10202EB0111401EB0FBF1F008
:10163000401CC0F30B0040F4804040F4004021689F
:10164000CA6922F0FF0222F44F421043C861216AA6
:10165000E06901432068026822F0C0021143016082
:10166000E168206901432068826822F0FF0222F4C9
:10167000034211438160A169606901432068C26827
:1016800022F0FF021143C1602068016841F00101AE
:1016900001602564202084F83D00256384F83E50D5
:1016A000002070BD01EB4103A0F1010CBCFBF3F382
:1016B0005B1CB1E70120C2E701EB4101401EB0FB1A
:1016C000F1F0401CC0F30B00B7E70000A08601005A
:1016D00080841E0000093D0040420F002DE9F84FB4
:1016E0000446884692461E46FFF71CFF0546002723
:1016F00094F83D00202802D00220BDE8F88F19237D
:10170000012256492046009501F031FB10B102201C
:10171000BDE8F88F94F83C00012808D0012084F837
:101720003C002068016811F0010F03D006E00220A0
:10173000BDE8F88F016841F001010160206801688F
:1017400021F400610160242084F83D000020206421
:101750004348E06208F0FE094FF0A0084FF0200B6C
:101760002068016841F480710160334600224FF027
:1017700001112046009501F0FAFA50B12068006886
:1017800010F4807F02D04FF4007020640320BDE885
:10179000F88F2068C0F81090FFF7C4FE0546206857
:1017A0004169C1F340014069C0F380200EE0FFF7BA
:1017B000B9FE401BB04200D80EB984F83D802068C5
:1017C0004169C1F340014069C0F3802094F83D2095
:1017D000A02A02D009B90028E9D084F83DB02068D9
:1017E000416911F0020F1BD02168096841F40071B2
:1017F0000160002620684169806900901923012258
:1018000016492046009501F0B2FA10B10120BDE85A
:10181000F88F84F83DB084F83C600020BDE8F88F74
:10182000016841F40071016021686FF480604861D3
:101830001923012209492046009501F098FA10B1B8
:101840000120BDE8F88F7F1C574589D384F83DB04F
:10185000002084F83C000120BDE8F88F0200100051
:101860000000FFFF2DE9F84F04468A46904699464E
:101870000A9FFFF757FE064694F83D00202802D045
:101880000220BDE8F88F192301224C49204600961A
:1018900001F06DFA10B10220BDE8F88F94F83C0019
:1018A000012808D0012084F83C002068016811F06C
:1018B000010F03D006E00220BDE8F88F016841F077
:1018C000010101602068016821F4006101602120AC
:1018D00084F83D00102084F83E0000252564C4F8FB
:1018E0002480A4F82A90608D20853548E062334634
:1018F0003A465146204601F09BF810B10120BDE860
:10190000F88F2068416980690090208D002846D0BA
:1019100032463946204601F058FB50B1206C04286D
:1019200004D12068016841F4007101600120BDE824
:10193000F88F606A216800780861606A00F1010C24
:10194000C4F824C0608D401E6085208D401E80B28A
:1019500020852268516911F0040F0CD058B19CF811
:1019600000001061606A401C6062608D401E6085EE
:10197000208D401E208532463946204601F0C4F9AC
:1019800050B1206C042804D12068016841F4007132
:1019900001600120BDE8F88F208D0028B8D12068B3
:1019A000016841F400710160202084F83D0084F852
:1019B0003E5084F83C500020BDE8F88F0200100033
:1019C0000000FFFF2DE9FF4F83B00446DDF844908F
:1019D000DDF84080129E8A46934600270297FFF763
:1019E000A1FD054694F83D00202803D007B0022051
:1019F000BDE8F08F19230122B9492046009501F076
:101A0000B6F918B107B00220BDE8F08F94F83C0099
:101A1000012808D0012084F83C002068016811F0FA
:101A2000010F04D007E007B00220BDE8F08F016885
:101A300041F0010101602068016821F4006101604A
:101A4000222084F83D00402084F83E002764C4F83A
:101A50002480A4F82A90608D2085A248E062019538
:101A600000965A4651462046069B01F03BF818B1B5
:101A700007B00120BDE8F08F208D68B3012834D075
:101A8000022842D02068016841F48061016020682A
:101A9000416980690190208D4FF02008002800F0F6
:101AA0001481DFF844B2DFF8449246F2A81A208D80
:101AB000032800F2D680012837D002284DD03346C3
:101AC000002259462046009501F051F9002872D0B5
:101AD00007B00120BDE8F08F20684169816901915C
:101AE000016841F400710160D5E72068016821F4C4
:101AF0008061016072B62068416981690191016865
:101B000041F40071016062B6C5E72068016841F4E4
:101B10000061016072B620684169816901910168C4
:101B200021F48061016062B6B5E72A46314620465D
:101B300001F008FA18B107B00120BDE8F08F206865
:101B40000069616A0870606A401C6062208D401EF6
:101B50002085608D401E6085B3E0334600225946E3
:101B60002046009501F003F918B107B00120BDE847
:101B7000F08F72B62068016841F40071016020683E
:101B80000069616A0870606A401C6062218D491EAC
:101B90002185618D491E618562B6216809690170E0
:101BA000606A401C6062208D401E2085608D401E52
:101BB000608586E0FFE72068016821F480610160AC
:101BC00072B620680069616A0870606A401C6062D1
:101BD000208D401E2085608D401E6085D9F8000054
:101BE000B0FBFAF0C0EBC00000EB8000029002985E
:101BF000401E0290029820B32068406910F0040F44
:101C0000F5D02068016841F4007101602068006926
:101C1000616A0870606A401C6062218D491E2185DE
:101C2000618D491E618562B6216809690170606A2B
:101C3000401C6062208D401E2085608D401E6085A6
:101C40003FE0276384F83D8084F83E70206C40F0CC
:101C50002000206462B684F83C7007B00120BDE823
:101C6000F08F2A463146204601F06CF918B107B0D2
:101C70000120BDE8F08F20680069616A0870606A21
:101C8000401C6062208D401E81B22185608D401E07
:101C900060852068426912F0040F12D0032903D135
:101CA000016821F48061016020680069616A087040
:101CB000606A401C6062208D401E2085608D401E41
:101CC0006085208D00287FF4F2AE84F83D8084F892
:101CD0003E7084F83C7007B00020BDE8F08F000033
:101CE000020010000000FFFF04000100C4000020FB
:101CF0002DE9FF4F83B004468A469346DDF84490B1
:101D0000DDF84080129EFFF70DFC054694F83D007B
:101D1000202803D007B00220BDE8F08F192301224C
:101D20004E492046009501F022F818B107B0022074
:101D3000BDE8F08F94F83C00012808D0012084F819
:101D40003C002068016811F0010F04D007E007B0E3
:101D50000220BDE8F08F016841F0010101602068B8
:101D6000016821F400610160212084F83D004020D9
:101D700084F83E0000272764C4F82480A4F82A9041
:101D8000608D20853648E062019500965A4651469E
:101D90002046069B00F050FF18B107B00120BDE8B7
:101DA000F08F208D002836D02A463146204601F09B
:101DB0000CF958B1206C042804D12068016841F462
:101DC0000071016007B00120BDE8F08F606A2168F2
:101DD00000780861606A00F1010CC4F824C0208D0D
:101DE000401E80B22085618D491E61852368596936
:101DF00011F0040F0CD058B19CF800001861606A13
:101E0000401C6062208D401E2085608D401E6085D4
:101E1000208D0028C8D12A463146204600F074FFA4
:101E200058B1206C042804D12068016841F4007185
:101E3000016007B00120BDE8F08F2068016841F41F
:101E400000710160202084F83D0084F83E7084F821
:101E50003C7007B00020BDE8F08F000002001000C9
:101E60000000FFFF10B586B00021009101910291A2
:101E7000039100680F4988421AD10F4CA06940F0C5
:101E80000800A061A069694600F008000490C02025
:101E9000009012200190032003900848FFF734FAC5
:101EA000E06940F40010E061E06900F40010049083
:101EB00006B010BD0054004000100240000C01406C
:101EC000024881680278114481607047B8000020A0
:101ED00010B50748016841F010010160032000F0CF
:101EE0008BF80F2000F006F800F026F8002010BD57
:101EF0000020024070B504460D4D4FF47A712878E9
:101F0000B1FBF0F00B490968B1FBF0F000F068FCA0
:101F100008B1012070BD102C07D200222146501EAE
:101F200000F036F86C60002070BD012070BD00002C
:101F3000B8000020C40000200C4808B5816941F0B9
:101F400001018161816901F001010091C16941F0E4
:101F50008051C161C06900F0805000900448416820
:101F600021F0E06141F00071416008BD00100240C5
:101F70000000014000280ADB00F01F01012202FAE4
:101F800001F14009800000F1E020C0F80011704725
:101F900010B4184B1B68C3F30223C3F1070CBCF148
:101FA000040F01D94FF0040C1C1D072C01D2002393
:101FB00000E0DB1E012404FA0CFCACF1010C0CEA7D
:101FC0000101994004FA03F35B1E1A4011430028F3
:101FD00006DB00F1E020090180F8001410BC704716
:101FE00000F00F0000F1E020090180F8141D10BC82
:101FF000704700000CED00E000F00700064A116891
:102000004FF6FF03194041EA002040F0FD7040F018
:1020100080601060704700000CED00E02DE9F04793
:1020200004460D46002C17D0DFF85C81D8F800007C
:1020300000F00700A84212D2D8F8000020F00700F4
:102040002843C8F80000D8F8000000F00700A842B4
:1020500005D00120BDE8F0870120BDE8F0872068A9
:102060004A4E10F0020F14D010F0040F03D0706825
:1020700040F4E0607060207810F0080F03D07068C2
:1020800040F460507060706820F0F001A068084370
:102090007060207810F0010F3AD06068012806D0F7
:1020A00002280BD0316811F0020F27D00AE0316806
:1020B00011F4003F06D10120BDE8F087316811F02E
:1020C000007F18D0716821F0030108437060FFF7AA
:1020D00029FA07467068616800F00C00B0EB810FC8
:1020E00016D041F28839FFF71DFAC01B484508D9C0
:1020F0000320BDE8F0870120BDE8F0870120BDE89E
:10210000F0877068616800F00C00B0EB810FEAD1D5
:10211000D8F8000000F00700A8420FD9D8F8000056
:1021200020F007002843C8F80000D8F8000000F0AD
:102130000700A84202D00120BDE8F087207810F007
:10214000040F05D07068E16820F4E0600843706017
:10215000207810F0080F06D07068216920F46050D4
:1021600040EAC100706000F03FF87168084AC1F3AE
:102170000311515CC8400749086007480068FFF731
:10218000B9FE0020BDE8F0870020024000100240A8
:1021900026D60008C4000020BC00002001480068CA
:1021A00070470000C400002000B5FFF7F7FF0449A6
:1021B0004968044AC1F30221515CC84000BD0000D7
:1021C0000010024036D6000800B5FFF7E7FF0449CB
:1021D0004968044AC1F3C221515CC84000BD0000F7
:1021E0000010024036D600082DE9F041214B586816
:1021F00000F00C01042904D0082905D01E48BDE8D0
:10220000F0811E48BDE8F0811D49C0F383428C5C1B
:1022100010F4803F29D0D86A0E3100F00F00085C1E
:10222000D96A11F4803F17D0D96AC1F303114A1C4F
:10223000D96AC1F30321891CA2FB0023A1FB041569
:10224000DFF838C00026A1FB0C0705FB0C7C01FB66
:1022500006C1FDF79BFF03E008496143B1FBF0F0C5
:102260000D2CCFD14008BDE8F08106486043BDE8A1
:10227000F08100000010024000127A0040787D01D9
:1022800008D6000800093D0030B587B00D46002093
:10229000049002200390032005904FF48070029078
:1022A000094CA06940F00400A061A06900F004009E
:1022B000019002A90548FFF727F8606820F07060D8
:1022C0002843606007B030BD0010024000080140A4
:1022D0002DE9F84F0446002C0FD02078FE4D10F069
:1022E000010F6CD0686800F00C0004280CD06868FE
:1022F00000F00C00082803D010E00120BDE8F88FA2
:10230000686810F4803F09D0286810F4003F56D068
:10231000A068002853D10120BDE8F88FA068B0F56F
:10232000803F15D0C8B1B0F5A02F1FD0286820F489
:1023300080302860286820F480202860A06858B386
:10234000FFF7F0F80646286810F4003F17D036E093
:10235000286840F480302860F0E7286820F4803056
:102360002860286820F480202860E7E7286840F487
:1023700080202860286840F480302860DEE7FFF77E
:10238000D1F8801B642802D90320BDE8F88F2868A3
:1023900010F4003FF3D012E0FFF7C4F806462868B7
:1023A00010F4003F0BD0FFF7BDF8801B642802D962
:1023B0000320BDE8F88F286810F4003FF3D120789F
:1023C000C64F10F0020F4FF001094FF0000854D033
:1023D000686810F00C0F14D0686800F00C00082832
:1023E00003D1686810F4803F0BD0606978B3C7F8F8
:1023F0000090FFF797F80646286810F0020F12D0F9
:102400001DE0286810F0020F05D06069012802D095
:102410000120BDE8F88F2868A16920F0F80040EAA3
:10242000C100286029E0FFF77DF8801B022802D94F
:102430000320BDE8F88F286810F0020FF3D0286859
:10244000A16920F0F80040EAC100286015E0FFE72C
:10245000C7F80080FFF766F80646286810F0020FFC
:102460000BD0FFF75FF8801B022802D90320BDE8DC
:10247000F88F286810F0020FF3D1207810F0080FC1
:1024800030D09748E169C1B1C0F80090FFF74AF831
:102490000646686A10F0020F0BD1FFF743F8801B65
:1024A000022802D90320BDE8F88F686A10F0020FF5
:1024B000F3D0012000F096FE14E0C0F80080FFF792
:1024C00031F80646686A10F0020F0BD0FFF72AF8C1
:1024D000801B022802D90320BDE8F88F686A10F03B
:1024E000020FF3D1207810F0040F6FD00026E869B6
:1024F00010F0805F08D1E86940F08050E861E86939
:1025000000F0805000900126DFF8D8B1DBF8000021
:1025100010F4807F1BD1DBF8000040F48070CBF812
:102520000000FEF7FFFF8246DBF8000010F4807F1A
:102530000DD1FEF7F7FFA0EB0A00642802D90320B3
:10254000BDE8F88FDBF8000010F4807FF1D020693F
:10255000012816D0D0B1052821D0286A20F001002A
:102560002862286A20F004002862206941F2883B32
:1025700068B3FEF7D7FF8246286A10F0020F17D023
:102580003AE0286A40F001002862EEE7286A20F06D
:1025900001002862286A20F004002862E5E7286A22
:1025A00040F004002862286A40F001002862DCE75D
:1025B000FEF7B8FFA0EB0A00584502D90320BDE89A
:1025C000F88F286A10F0020FF2D015E01AE0FFE74A
:1025D000FEF7A8FF8246286A10F0020F0CD0FEF723
:1025E000A1FFA0EB0A00584502D90320BDE8F88FEF
:1025F000286A10F0020FF2D1012E03D1E86920F011
:102600008050E861E06A98B3696811F4803F0BD0AC
:10261000696801F00C01082906D1E96A11F4803FCC
:1026200002D00120BDE8F88F022814D0E86A20F417
:102630008030E862C7F86880FEF774FF06462868B5
:1026400010F0006F59D0FEF76DFF801B642850D941
:102650000320BDE8F88F286810F0805F09D0E86A91
:10266000616B00F0F000884203D00120BDE8F88FD4
:1026700043E0C7F86880FEF755FF0646286810F06B
:10268000006F0BD0FEF74EFF801B642802D9032099
:10269000BDE8F88F286810F0006FF3D1E86A616B2D
:1026A00020F0F0000843E862E86A216B20F47060D3
:1026B0000843E862C7F86890FEF734FF06462868CA
:1026C00010F0006F19D1FEF72DFF801B64280BD985
:1026D0000320BDE8F88F00000010024000004242D5
:1026E0008004424200700040286810F0006FEAD079
:1026F00003E0286810F0006FA5D1206AE8B369688C
:1027000001F00C01082957D002280FD0C7F86080CB
:10271000FEF708FF0446286810F0007F5DD0FEF742
:1027200001FF001B022842D90320D2E7C7F86080CE
:10273000FEF7F8FE0646286810F0007F0AD0FEF784
:10274000F1FE801B022801D90320C2E7286810F09F
:10275000007FF4D1606AB0F5803F09D1E86A616812
:102760000843E862E86AE16820F00F000843E86285
:10277000A16A606A0843696800E02EE021F47411E0
:1027800008436860C7F86090FEF7CCFE04462868EE
:1027900010F0007F21D1FEF7C5FE001B022801D9F1
:1027A000032096E7286810F0007FF4D015E0286831
:1027B00010F0007FB3D110E001280CD06868626A85
:1027C00000F48031914204D1A16A00F47010884273
:1027D00003D001207DE701207BE7002079E700009E
:1027E000401EB0F1807F01D3012070474FF0E021FF
:1027F0004861044AF02010700020886107200861B9
:102800000020704723ED00E070B50446002C04D092
:1028100094F84100002510B106E0012070BD84F855
:102820004050204600F024F8242084F8410020681D
:10283000C16821F40051C160204600F093FD20687A
:10284000016921F4904101612068416921F02A0168
:1028500041612068C16841F40051C1606564202075
:1028600084F8410084F842006563002070BD0000D8
:1028700030B585B0002400940194029403942B4D4C
:1028800003682B4802210322AB4222D1836943F41F
:1028900080438361836903F480430493836943F035
:1028A000040383618069234D00F004000490080252
:1028B000CDE90001039269462846FEF725FD28155B
:1028C000CDE90004694628460294FEF71DFD05B0D7
:1028D00030BD194DAB42FAD1C36943F40033C36133
:1028E000C36903F400330493836943F020038361D5
:1028F0008069124D00F0200004902020CDE90001F5
:10290000039269462846FEF7FFFC4020CDE900040B
:10291000694628460294FEF7F7FC0948416841F0F1
:10292000E06141F008014160D1E70000003801405A
:102930000010024000080140004400400014014023
:10294000000001402DE9F84304460E4615461F4697
:1029500094F84100202802D00220BDE8F8837EB11F
:1029600075B100206064212084F84100FEF7DAFD93
:102970008146A584E584A068B0F5805F03D004E0BB
:102980000120BDE8F883206990B135460026E08C2F
:102990004FF02008C8B14B46002280212046009706
:1029A00000F044FD30B184F841800320BDE8F88395
:1029B0000025ECE7B5B12168287848606D1CE08CF3
:1029C000401EE084E08C0028E5D14B4600224021E7
:1029D0002046009700F02AFD58B184F8418003207A
:1029E000BDE8F88330882168C0F308004860B61C51
:1029F000E5E784F841800020BDE8F883FEE7016840
:102A00004A6912F4806F11D06FF480624A6100212C
:102A10000163202280F83D2080F83E10026C42F0D5
:102A20000402026480F83C100120704700207047C7
:102A3000F8B504460D4617461E46E06A082808D039
:102A4000012806D010F5803F03D0206B122806D055
:102A50000AE02068016841F48071016004E02068A8
:102A6000016841F4807101603B4600224FF0011182
:102A70002046009600F07BF948B12068006810F409
:102A8000807F02D04FF4007020640320F8BD2069DD
:102A9000B0F5804F0FD005F44070F02141EAD0101E
:102AA0002168086133463A460C49204600F0D4F9C3
:102AB00030B10120F8BD216805F0FE00086102E098
:102AC0002168E8B2086133463A460549204600F0DD
:102AD000C3F908B10120F8BD0020F8BD08000100CD
:102AE000020001002DE9F84F0446DDF828A00B9DF7
:102AF0000F4690461E462068016841F480610160DF
:102B00002068016841F480710160534600224FF053
:102B100001112046009500F02AF94FF4007948B1E0
:102B20002068006810F4807F01D0C4F84090032032
:102B3000BDE8F88F216807F0FE000861DFF8F4B007
:102B40002B4652465946204600F086F910B1012026
:102B5000BDE8F88F20684169806900902A46514697
:102B6000204600F032FA50B1206C042804D12068CD
:102B7000016841F4007101600120BDE8F88F304622
:102B800008F0FF0601280DD021684FEA18200861DF
:102B90002A465146204600F018FA70B1206C0428ED
:102BA00003D007E02068066109E02068016841F46D
:102BB000007101600120BDE8F88F206806612A4697
:102BC0005146204600F001FA50B1206C042804D18F
:102BD0002068016841F4007101600120BDE8F88FB0
:102BE0002068016841F480710160534600224FF073
:102BF00001112046009500F0BAF848B1206800683D
:102C000010F4807F01D0C4F840900320BDE8F88F15
:102C10002168F8B240F0010008612B46524659463F
:102C2000204600F019F910B10120BDE8F88F00200E
:102C3000BDE8F88F020001002DE9F8430446DDF8F5
:102C40002090099F0D46164698462068016841F479
:102C5000807101604B4600224FF001112046009721
:102C600000F085F850B12068006810F4807F02D031
:102C70004FF4007020640320BDE8F883216805F05C
:102C8000FE0008613B464A461E49204600F0E4F833
:102C900010B10120BDE8F883206841698069009087
:102CA0003A464946204600F090F950B1206C04287D
:102CB00004D12068016841F4007101600120BDE881
:102CC000F883F5B2B8F1010F0CD02168300A086121
:102CD0003A464946204600F078F970B1206C042845
:102CE00003D007E02068056109E02068016841F42D
:102CF000007101600120BDE8F883206805610020B3
:102D0000BDE8F8830200010070B504460D46164682
:102D10002068406910F0040F18D12046FFF76FFEBD
:102D200008B1012070BDB5F1FF3F0AD0FEF7FAFBF4
:102D3000801BA84200D825B92068406910F0040F14
:102D400006D02068406910F0040FE6D0002070BD66
:102D500000202063202184F83D1084F83E00216C7F
:102D600041F02001216484F83C00012070BD2DE970
:102D7000F0470446DDF820900D4617461E46C5F381
:102D800007482068B8F1010F13D0806925EA0000D8
:102D90000004000C17D00020B8424DD1B6F1FF3F1F
:102DA0003DD0FEF7BFFBA0EB0900B0420DD866B1E5
:102DB00035E0406925EA00000004000C01D0002045
:102DC000EAE70120E8E70120E6E7B8F1010F19D0B2
:102DD0002068806925EA00000004000C1DD0002056
:102DE000B8421CD100202063202184F83D1084F8D3
:102DF0003E00216C41F02001216484F83C00012058
:102E0000BDE8F0872068406925EA00000004000C56
:102E100001D00020E4E70120E2E70120E0E7B8F17B
:102E2000010F0CD02068806925EA00000004000C26
:102E300010D00020B842B1D00020BDE8F087206853
:102E4000406925EA00000004000C01D00020F1E7F1
:102E50000120EFE70120EDE72DE9F04704460D469C
:102E600016469846C5F307472068012F26D080698B
:102E700025EA00000004000C59D04FF000094FF083
:102E8000200A2068406910F4806F1ED02068016815
:102E900041F40071016021686FF480604861C4F8FA
:102EA000309084F83DA084F83E90206C40F00400FF
:102EB000206484F83C900120BDE8F087406925EA51
:102EC00000000004000C32D0D7E7B6F1FF3F25D058
:102ED000FEF728FBA0EB0800B04200D8F6B9012F9E
:102EE00015D02068806925EA00000004000C15D088
:102EF000C4F8309084F83DA084F83E90206C40F0F7
:102F00002000206484F83C900120BDE8F087206810
:102F1000406925EA00000004000CE9D1012F09D026
:102F20002068806925EA00000004000CA9D1002077
:102F3000BDE8F0872068406925EA00000004000C25
:102F40009FD1F4E72DE9F04104460D46164620686E
:102F5000406910F0400F27D100274FF0200820686B
:102F6000406910F0100F0FD020686FF01001416120
:102F7000276384F83D8084F83E70206C206484F8D8
:102F80003C700120BDE8F081FEF7CCFA801BA8421E
:102F900000D825B92068406910F0400F07D020689C
:102FA000406910F0400FDAD00020BDE8F0812763BF
:102FB00084F83D8084F83E70206C40F0200020644E
:102FC00084F83C700120BDE8F08170B504460D46E0
:102FD00016462068406910F0800F18D12046FFF790
:102FE0000EFD08B1012070BDB5F1FF3F0AD0FEF71C
:102FF00099FA801BA84200D825B92068406910F0D2
:10300000800F06D02068406910F0800FE6D00020C5
:1030100070BD00202063202184F83D1084F83E001C
:10302000216C41F02001216484F83C00012070BD36
:10303000114810B50F49016001218A03C0E901124E
:10304000CA02C26001820D49002280230A704B70BF
:10305000E1238B70CA700A714A71C0E905124FF4FE
:103060000001C0E90721FDF737FF002801D072B643
:10307000FEE710BD00800240201600208C000020DA
:103080002DE9F04385B0002429480094019402946E
:103090000394816941F010018161816901F010019F
:1030A0000491816941F004018161816901F00401A9
:1030B0000491816941F008018161816901F0080191
:1030C0000491816941F0200181618069DFF86480A9
:1030D00000F020000490002201214046FEF71AFA79
:1030E000DFF854904FF20407002239464846FEF7B5
:1030F00011FA0125022603960095CDE9015469468F
:103100004046FEF701F900970396CDE90154694660
:103110004846FEF7F9F82802CDE90006032003909F
:1031200069460648FEF7F0F805B0BDE8F0830000F8
:1031300000100240000C0140001401400008014052
:103140002DE9FF414FF480700225CDE900050024F0
:103150000320CDE902401E4F69463846FEF7D4F8F9
:103160000126CDE90064694638460294FEF7CCF8A2
:103170002F03DFF86080CDE9007669464046CDE94F
:103180000245FEF7C1F8012239464046FEF7C2F972
:10319000CDE90056DFF8408069464046CDE902455A
:1031A000FEF7B2F8002202214046FEF7B3F96F03A2
:1031B000CDE9007669464046CDE90245FEF7A4F820
:1031C000002239464046FEF7A5F9BDE8FF81000020
:1031D0000008014000100140000C0140FEE7FEE73E
:1031E0007047000081B007494FF4FA520968B1FBFB
:1031F000F2F14843009000BF0098411E0091FAD2BE
:1032000001B07047C40000207047000010B5FEF701
:1032100057FEFEF787F90149086010BD4C000020F9
:1032200030B593B038216846FDF718F814210EA880
:10323000FDF714F8012528040421CDE90201022438
:10324000CDE908400095019005954FF4E010CDE9D7
:103250000A044FF4C0600C9040200D906846FFF7C0
:1032600037F808B172B6FEE70F20CDE90E04002052
:103270004FF48061CDE91001129002210EA8FEF7F3
:10328000CDFE08B172B6FEE700224FF03061104665
:10329000FEF7FAFF0E48C16A21F0F00141F040014B
:1032A000C162C16A21F4704141F40041C16209491F
:1032B0000D674FF6FF710268920002D4491EFAD1E1
:1032C00001E0002902D104A000F0FAF813B030BDEB
:1032D00000100240000042425B434C4B5D204552CF
:1032E000524F523A20504C4C3320646964206E6F28
:1032F00074206C6F636B3B204D434F2077696C6C7F
:10330000206E6F74206F75747075742035304D4861
:103310007A0D0A00704701680C3151E8002F22F441
:10332000907241E80023002BF5D10168143151E877
:10333000002F22F0010241E80023002BF5D1016BA0
:10334000012909D101680C3151E8002F22F0100247
:1033500041E80023002BF5D1202180F84210002104
:103360000163704770B5044620680169E26821F482
:103370004051114301612169A0680843616901431B
:103380002068C26822F4037222F4A0521143C16083
:1033900020684169A26921F44071114341612068AC
:1033A000A0F18041B1F59C313AD0FEF7FDFE00EB73
:1033B000C00101EB001061681B4A8900B0FBF1F30A
:1033C000A2FB0353B0FBF1FC5B096FF018056B43E4
:1033D0000CEB83034FF0320C0CEB0313A2FB0353F3
:1033E0005B0903F0F005B0FBF1F3A2FB03635B099B
:1033F00005EB0313B0FBF1F5B0FBF1F0A2FB0010FD
:1034000040096FF01801484305EB80000CEB0010F9
:10341000A2FB00102168C0F343101844886070BDFF
:10342000FEF7D2FEC3E700001F85EB512DE9F843FC
:103430000446089E0D46174698462068006835EAFF
:10344000000028D00020B84232D1B6F1FF3F27D08B
:10345000FEF768F8A0EB0800B0421ED8EEB1206875
:10346000C16811F0040F1BD0802D19D0402D17D04A
:10347000016811F0080F13D0002521680968406821
:1034800000902046FFF747FF0820606484F8405012
:103490000120BDE8F8830120D5E70320BDE8F883CB
:1034A0002068006835EA000005D00020B842CCD082
:1034B0000020BDE8F8830120F8E701F0C3B9FEE77A
:1034C0000FB4054B10B503A9044A029800F0F4F8B4
:1034D00010BC5DF814FB0000596E00087801002054
:1034E0000FB47CB50C0009AD01D0611E00E00021D5
:1034F000CDE90001064B6A462946089800F0DCF841
:10350000002C02D0009A002111707CBC5DF814FBE5
:10351000333E000802E008C8121F08C1002AFAD191
:1035200070477047002001E001C1121F002AFBD143
:10353000704700002DE9FF5F82B00021DDE9043013
:10354000020DDDF840B0034318D044F61050A2F24B
:10355000FF3242431514119801281FD0A5EB0B0030
:10356000401C5FEA000A4FF000064E4FDFF838912A
:10357000B046504615D5CAF1000413E01198012455
:103580004AA3012801D16FEA0B010298119AC0E900
:103590000031C0E9024206B0BDE8F09FCBF1000067
:1035A000DFE704460021404A491842EB0450CDE9C8
:1035B000001012E0E00707D032463B46404649463D
:1035C000FCF73FFF8046894632463B461046194687
:1035D000FCF737FF06460F466410002CEAD1DDE900
:1035E0000401DDE90023BAF1000F06DAFCF729FF38
:1035F00042464B46FCF725FF05E0FCF794FF4246A8
:103600004B46FCF790FF04460E460022284BFDF780
:10361000FDF903D84FF0FF30014607E00022254BAB
:1036200020463146FDF733F9FDF7D8F9102409E0BB
:10363000002C0ADB0A220023FCF7A8FD039B303292
:103640001A55641E50EA0102F2D1641C039AC4F1B7
:1036500011031444119A012A03D0012208430DD109
:103660000AE0084304D000204FF0110B119072E7DC
:10367000A3EB0B056D1E0DE05B4504DD4FF0000272
:1036800005F1010504E003DA4FF00002A5F10105A0
:10369000002AECD002981199C0E90231C0E9004536
:1036A00079E70000000014400000F03F3000000007
:1036B0000000F0430000E03F2DE9FF4F95B09A462F
:1036C000884606460025EEE1252877D100242746C6
:1036D000F94A0121039400E0044316F8013F203B1E
:1036E00001FA03F01042F7D130782A2811D06FF098
:1036F0002F033078A0F13002092A16D8039A44F03B
:10370000020402EB820203EB42021044761C039097
:10371000EFE758F8042B0392002A03DA504244F4EE
:103720000054039044F00204761C30782E2816D101
:1037300016F8010F44F004042A280DD06FF02F0270
:103740003078A0F13003092B09D807EB870302EB8F
:103750004303C718761CF3E758F8047B761C3078CF
:103760006C280FD006DC4C2817D068280DD06A28AA
:1037700014D104E0742810D07A280FD10DE044F45D
:1037800000140AE044F4801401E044F44014727818
:10379000824202D104F58014761C761C30786628AB
:1037A0000BD013DC582877D009DC002875D04528C9
:1037B000F6D04628F4D047281AD193E118E06328C0
:1037C00035D0642879D0652812D18BE1702873D068
:1037D00008DC6728F1D069286FD06E280DD06F28DB
:1037E00006D1ACE073282CD0752874D0782853D03B
:1037F0005246179990476D1C54E1C4F302500228B9
:1038000009D003280DD0D8F8001004280DD00D6081
:1038100008F1040846E1D8F80010EA17C1E900529F
:10382000F6E7D8F800100D80F2E70D70F0E718F811
:10383000041B8DF8001000208DF80100EB460120DC
:1038400003E058F804BB4FF0FF3061074FF0000170
:1038500002D40DE009F101018946B9420FDA814530
:10386000F8DB1BF809100029F4D108E009F1010187
:1038700089468142FADB1BF809100029F6D103982A
:103880005346A0EB090721463846179A00F080FA04
:10389000284400EB090507E044E008E10DE01BF8CF
:1038A000010B524617999047B9F10109F7D25346D7
:1038B00021463846179AF2E039E00A21C4F3025251
:1038C0004FF0000B0091022A06D058F8040BC117E4
:1038D000032A09D00AE023E008F1070020F00702DC
:1038E000F2E80201904605E000B2C117042A01D1B6
:1038F00040B2C117002906DA0A460021404261EBB6
:1039000002012D2202E0220504D52B228DF804208D
:10391000012203E0E20701D02022F7E7914657E0B9
:103920000A2100E010214FF0000B00910BE0102164
:103930004FF0000B44F004040827009103E0082036
:103940004FF0000B0090C4F30252022A05D058F841
:10395000040B0021032A08D008E008F1070020F03A
:103960000702F2E80201904603E080B2042A00D187
:10397000C0B24FF0000922072AD53278702A07D04A
:10398000DDF800C08CF0100C5CEA0B0C05D00EE0EA
:1039900040228DF80420012208E050EA010306D0FD
:1039A00030238DF804308DF8052002229146009BCB
:1039B00083F0080353EA0B030AD150EA010201D154
:1039C000620705D530228DF804204FF001097F1ED3
:1039D0003278582A04D039A20C920CAA02920BE039
:1039E0003BA2F9E75B46009AFCF7D0FB0C9B9B5C83
:1039F000029A521E0292137050EA0102F2D102980A
:103A000004A9081A00F1200B600702D524F48034C1
:103A100000E001275F4502DDA7EB0B0000E000207E
:103A200000EB0B01009003984944401A0390E00317
:103A300006D453462146179A039800F0A9F9054485
:103A4000002706E001A85246C05D179990476D1CFB
:103A50007F1C4F45F6DBE0030CD553462146179AF1
:103A6000039800F095F9054404E030205246179978
:103A700090476D1C0099481E00900029F5DC08E075
:103A80000298029952460078491C02911799904772
:103A90006D1CBBF10001ABF1010BF1DC5BE100F04F
:103AA00065F90544761C307800287FF40DAE19B016
:103AB0002846BDE8F08F000009280100303132337C
:103AC000343536373839616263646566000000005A
:103AD0003031323334353637383941424344454644
:103AE00000000000600700D4062708F1070020F05E
:103AF0000700F0E80223804603F0004C5FEA0C0068
:103B000001D097A009E0200501D596A005E0E007C7
:103B100001D095A001E0AFF24C001390307823F073
:103B2000004365280CD006DC452809D046281DD066
:103B300047287FD13BE0662818D067287AD136E045
:103B40000021112F01DB112000E0781CCDE90001DC
:103B500004A90CA8FFF7EEFCDDE90D010C9A4FF06B
:103B6000000B07F10109109200914EE04FF0004068
:103B70000097CDE9011004A90CA8FFF7DBFCDDE9F3
:103B80000D020C9B0F994FF0000B91461093009281
:103B900011B9791C00EB0109B7EB090003D4C0F19E
:103BA000FF3B07F10109A9EB0700019042E0012F5B
:103BB00000DA01270021112F01DD112000E0384635
:103BC000CDE9000104A90CA8FFF7B4FCDDE90D0163
:103BD0000C9A00914FF0000BB946109221070FD4B8
:103BE000009A4A4503DA914601E0A9F10109B9F1C9
:103BF000010F05DD109AA9F10101515C3029F4D0C3
:103C0000B84202DA10F1040F03DA0121CDE9011004
:103C100010E0002803DC8344A9EB000102E0411C12
:103C2000494500DD8946A0EB0B00401C01904FF098
:103C300000400290200705D40198484502DB4FF070
:103C4000FF30019000208DF84B0002980DF14B07DA
:103C5000B0F1004F25D002200C902B200D9002983F
:103C600000280CDA404202902D200D9007E00A2136
:103C70000298FCF753FD3031029007F8011D0C99B2
:103C8000481E0C900029F2DC02980028EFD1791E22
:103C90000D980870307800F0200040F0450007F8DB
:103CA000020D11A8C01BC01D02901398007800B12E
:103CB000012000EB0901019801EBE0710298014439
:103CC0000398401A401E0390E00306D45346214651
:103CD000179A039800F05CF805441398007818B11F
:103CE0005246179990476D1CE00323D55346214651
:103CF000179A039800F04CF805441BE0BBF1000F45
:103D000007DB0098584504DD1098179910F80B0050
:103D100001E0179930205246904701980BF1010BB2
:103D2000401E05F10105019004D12E20524617993D
:103D300090476D1CB9F10001A9F10109DEDC05E035
:103D400017F8010B5246179990476D1C0299481EAF
:103D500002900029F4DC53462146179A03989EE608
:103D60002D0000002B000000200000002DE9F04194
:103D7000044600251E461746880404D405E039464B
:103D80002020B0476D1C641EF9D52846BDE8F0819F
:103D90002DE9F041044600251E469046C80301D592
:103DA000302700E02027880404D505E04146384646
:103DB000B0476D1C641EF9D52846BDE8F081F0B50A
:103DC0001E1EC1B014460B4602D004F1060101E0EC
:103DD00004F10501CFB24FF055018DF800104FF0FE
:103DE000AA018DF801108DF8020001D0201D00E01D
:103DF000E01C8DF80300224619466D4601A8FCF729
:103E000006FA30000DEB040607D0A11CA81C00F038
:103E100049F9010A3171707105E0A41CE1B2A81CD6
:103E200000F05EF930713946684600F03DFD41B062
:103E3000F0BD4A68002A06D00A68531C0B60107057
:103E40004868401E4860704730B5154C054685B03F
:103E5000206968B1284600F055F80246294611A0AD
:103E6000FFF72EFB206A38B1194800F0B3FB03E0DE
:103E7000294618A0FFF724FB00F060F9ADF8100008
:103E800000F04AF9ADF81200694604A805F088F878
:103E9000010002D0684602F0C3FB05B030BD00004F
:103EA000400000205B465245515D2072657175658A
:103EB00073746564202575204D487A202D3E20615D
:103EC000637475616C202575204D487A0D0A0000D9
:103ED0004C1700205B465245515D20726571756537
:103EE0007374202575204D487A2069676E6F72655E
:103EF0006420286E6F2041534943207265616479C4
:103F0000290D0A00F8B50446322801D2322404E013
:103F10004FF41670844200D904462046FCF789FB12
:103F200000F0D8FB094D06464FF07C51AC80FCF701
:103F3000B4F9FCF7A9FBE880702000902B7832469A
:103F40000020034900F000FCE888F8BD00000020D4
:103F50000000F03F2DE9F14FADF5016D41F28839D8
:103F60004FF00008FDF7DEFA06460024EA4649E075
:103F70000DF60C0009F092F8F0B3FF2C0CD89DF868
:103F80000C0855460AF83400FDF7CCFA801B05EB07
:103F9000C401641CA4B248609DF80C08AA2831D161
:103FA0008DF800080125FDF7BDFA07464FF47A7B2E
:103FB0000AE000BF0DF50060284409F06FF808B171
:103FC0006D1CEDB20B2D06D2FDF7ACFAC01B5845A7
:103FD000F0D30B2D16D39DF80108552812D1BDF84A
:103FE000020840BAA0F5985166390BD109210DF6A7
:103FF000020000F075F800E004E018B908F10100D3
:104000001FFA80F8FDF78EFA801B484503D2DDF8D1
:1040100010188845ACD321460EA0FFF751FA0025B1
:10402000564609E006EBC50016F8351042680FA0A9
:10403000FFF746FA6D1CADB2A542F3D30E48C38913
:10404000828941460DA0FFF73BFA0DF6140D40465C
:10405000BDE8F08F5B434849505D20726563762070
:1040600025752062797465733A000000202530328E
:104070005840256C75000000000000200D0A5B43CD
:104080004849505D20666F756E643D257520204659
:10409000452F4E453D2575204F52453D25750D0A4E
:1040A00000000000F0B505464FF6FF7420460022E0
:1040B00041F2210611E0AB5C80EA032000230704F3
:1040C00003D586EA400080B201E004EA40005B1CB0
:1040D000DBB2082BF3D3521C92B28A42EBD3F0BD71
:1040E00070B506461F20002212E0B45C0023E509EB
:1040F00085EA1015640645EA40005B1C240E80EA40
:104100008500DBB200F01F00082BF0D3521CD2B2A6
:104110008A42EAD370BD00000148C08870470000A1
:104120000000002001484078704700000000002097
:104130000148007870470000000000200148808896
:1041400070470000000000202DE9F04389468649B1
:10415000054691B0886940F00800886188690027A9
:1041600000F0080000900120CDE904070390022030
:104170007E4C069003A92046FDF7C6F87CA0FFF709
:104180009FF9002201212046FDF7C4F96420FCF7C5
:104190008FFE012211462046FDF7BCF96420FCF792
:1041A00087FE804E0024304600F022FB641C032C66
:1041B000F9DB7DA1D1E90001CDE9000107216846C5
:1041C00000F038FA2846FFF7C5FE050020D0784EEB
:1041D00078A207AB357007CA83E807000B2107A850
:1041E00000F028FA76A207AB07CA83E807000B2184
:1041F00007A800F01FFA022269465320009700F03A
:10420000D9F94FF4807898FBF5F07070002410E035
:10421000002011B0BDE8F0837178029704FB01F033
:104220008DF80800022202A9402000F0C3F9641CA6
:10423000E4B2AC42F0DB65A007AB07C883E8070037
:104240000B2107A800F0F6F963A007AB07C883E8C5
:1042500007000B2107A800F0EDF9404600F012FA24
:1042600060A007AB07C883E807000B2107A800F090
:10427000E1F95FA007AB07C883E807000B2107A897
:1042800000F0D8F95DA207AB07CA83E807000B214D
:1042900007A800F0CFF9002740E070785AA107FB8B
:1042A00000F4D1E90001CDE907018DF81C40062298
:1042B00007A9412000F07EF955A00622D0E90010A0
:1042C000CDE909108DF8244009A9412000F072F9C8
:1042D00051A10622D1E90001CDE90B018DF82C4056
:1042E0000BA9412000F066F94DA10622D1E9000199
:1042F000CDE90D018DF834400DA9412000F05AF9A7
:1043000049A10622D1E90001CDE90F018DF83C4019
:104310000FA9412000F04EF97F1CFFB2AF42BCDB79
:10432000484600F0D7F904464846FCF7ADF9B0809E
:104330004FF07C512046FBF7B0FFFCF7A5F9F08069
:1043400070200090ABB222460020394900F0FCF901
:1043500038A207AB07CA83E807000B2107A800F0C3
:1043600069F9284655E7000000100240000C0140A2
:104370005B434849505D2072657365742070756CAD
:1043800073652028525354206C6F772031306D7341
:10439000202D3E20686967682035306D73290D0A2D
:1043A0000000000000E0FF1F55AA520500000A00AF
:1043B0000000002055AA510900A8000700000300D2
:1043C00055AA51090018FF0FC100000055AA510954
:1043D000003C800085400C0055AA5109003C80003B
:1043E0008020190055AA51090054000000031D0047
:1043F00055AA5109005802111111060055AA410988
:10440000002C007C0003030000A8000701F000005E
:104410000018F000C1000000003C80008540000052
:10442000003C800080200000003C800082AA000048
:104430000000F03F55AA510900A49000FFFF1C00A6
:104440002DE9FF5F4FF0000A2D4E934650E000BF6C
:104450004FF0010801243CE0012538E02846FCF734
:10446000E8F881462046FCF7E4F807464046FCF7AA
:10447000E0F83946FBF769FF4946FBF766FF074658
:104480005846FCF7D6F81F49FBF75FFF3946FBF7A4
:104490008EFF814630460199FBF751FF20F000471F
:1044A00048460199FBF74BFF20F000403946FCF7E6
:1044B0002BF90AD250466BF3070068F30F2064F320
:1044C000174065F31F6082464E466D1CEDB2A54253
:1044D000C4D3641CE4B2072CBED908F1010000F07B
:1044E000FF08B8F1020FB5D90BF1010000F0FF0B86
:1044F00003998B45ACD90098C0E900A6BDE8FF9FA1
:10450000286B6E4E0000C8412DE9F84388460746E7
:10451000FDF708F8254D264C0646684608F0BEFD16
:104520000028A07815D0F0B1012822D09DF8001005
:104530002954401CC0B2A0700B28EED10020A070FE
:104540000921A81CFFF7CCFD28B36069401C6061FD
:10455000E3E7002805D0FCF7E5FF811B4145DCD3EC
:104560000020BDE8F8839DF80000AA28D5D1287066
:104570000FE09DF80000552807D028702169491CDC
:104580002161AA2805D0002001E068700220A070F7
:10459000C3E70120FBE728683860686878602889ED
:1045A0003881A87AB8720120DBE70000840100207E
:1045B000000000200023FFF702BC000008B504A0A3
:1045C00002220068009069465220FFF7F3FF08BD01
:1045D000008C000030B5044695B000788DF80000DE
:1045E00001208DF80100D4F8D000CDF80200D4F8F5
:1045F000CC00CDF80600D4F8C800CDF80A0004F1CC
:104600008005202204F1A8010DF10E00FBF7FFFD4B
:10461000202204F188010DF12E00FBF7F8FD6868F7
:10462000CDF84E005222012369462120FFF7C7FB37
:1046300015B030BD70B506460D460BA0FEF740FF25
:10464000002405E0315D0CA0FEF73AFF641CE4B2E3
:10465000AC42F7D30AA0FEF733FF29463046BDE847
:10466000704000F021B900005B434849505D205480
:10467000582025753A0000002025303258000000EF
:104680000D0A00007CB56C46002101E04008491C81
:104690000128FBD80020012520708D401420607077
:1046A0006D1E280E04F08EFFA070C5F3074004F0C5
:1046B00089FFE070C5F3072004F084FF2071E8B2A1
:1046C00004F080FF6071062269465120FFF772FFF7
:1046D0007CBD00007FB50146EB23902202A8FFF7C6
:1046E000AFFE9DF808209DF8091002EBC20404EB10
:1046F0000214B4FBF1F49DF80A309DF80B00B4F5F8
:10470000166F01D3502400E040245B1E03F00F031A
:10471000401E0BA563F31F10D5E90035CDE9003528
:104720008DF804108DF802408DF803208DF80500F7
:10473000062269465120FFF73DFF039804B070BD83
:1047400000080000000000002DE9FC4106461C4660
:1047500017468846089803F0D9FE0546204603F020
:10476000D5FEFBF766FF04462846FBF762FF0146CD
:104770004FF09F40FBF71BFE2146FBF718FE054656
:104780003846FBF7AEFF07460C462846FBF7A9FF65
:104790000022144BFBF755FE3A462346FBF7C3FEB7
:1047A0006FF00502FBF72EFF32464346FBF749FE4A
:1047B000FBF77EFF0CA2D2E90012CDE90012010E38
:1047C0008DF80210010C8DF80310010A8DF8041009
:1047D0008DF80500062269465120FFF7EBFEBDE883
:1047E000FC810000000039400010000000000000C3
:1047F0001CB508A2400BD2E90012CDE90012010A53
:104800008DF804108DF80500062269465120FFF747
:10481000D1FE1CBD00A4900000000000084810B5A7
:104820000068C16841F02001C160002201212520FB
:10483000FDF7AEFBBDE810402520FDF79BBB000057
:10484000BC160020154810B5016800F10402144898
:104850008B061BD5126811F0060FD2B202D08389E5
:104860005B1C8381090702D5C189491CC18181690B
:10487000491C816101894389491CC1F3090199429D
:1048800003D0084B04891A55018110BD0907FCD5D6
:104890001168C189491CC18110BD00000038014068
:1048A000000000208F01002030B5084B00221C1DA5
:1048B00006E01D682D06FCD5855C2560521C92B271
:1048C0008A42F6D318684006FCD530BD0038014056
:1048D0002DE9F0410F46064614461D46511C184668
:1048E00008F042FE2E7124B122463946681DFBF7BE
:1048F0008EFC641DA0B2BDE8F08100002DE9F043FC
:104900004C4C97B0206900287ED0FCF70BFE216C40
:1049100041F28832411A914202D32064FFF74EFEE1
:104920007DE000BF9DF80E00000636D50020049003
:104930000690BDF80C00DDF8065046BA9DF80B0055
:10494000059500F0F8018DF8101000F007008DF8C3
:104950001300680E8DF81200FFF7E4FBC5F3474122
:10496000B1FBF0F08DF811009DF810003249C0F352
:10497000C30051F8200000B9A06940EA4630069013
:1049800007A80090D4E9162304A804F05BFB0100FB
:1049900045D007A801F044FE41E09DF80B008C28AB
:1049A0003DD1BDF806009DF8081040BA000440EA69
:1049B00001269DF809000643FCF7B4FD0546A06CEE
:1049C00058B3854229D9616C281A771AB0F57A7FD5
:1049D00023D3FBF733FE0022184BFBF732FD804652
:1049E00089463846FBF72AFE2022FBF70BFE42469B
:1049F0004B46FBF798FD0022114BFBF722FDFBF71E
:104A000057FE04A9009000E010E0684604F0DBFACD
:104A1000010002D004A801F003FEC4E911650021E1
:104A200001A8FFF771FD00283FF77CAF17B0BDE884
:104A3000F083000040000020E015002080842E411B
:104A400000408F402DE9FC41050055D02C6A002C18
:104A500052D000266682A16A4FF03C024B1C4FF4F4
:104A600080374FF6FF7009D01E31B1FBF2F1B94229
:104A700001D3014601E001B90121A182E16A4B1C89
:104A80000AD01E31B1FBF2F3BB4201D3034601E071
:104A900003B901236381E381216B4B1C0AD01E31D2
:104AA000B1FBF2F2BA4201D3024601E002B901229F
:104AB000A28122826289A1898A4201D301B16681E1
:104AC000E179C90701D0206A08E0217F7F2901D858
:104AD000FF2003E0C02901D36FF07F400090606A9F
:104AE00001900A21204600F05BFE01AB6A4604F10A
:104AF0001C01284603F0A6FCBDE8FC8170B52948DE
:104B000004684CE0206AA0B3417991B3818A69B10D
:104B1000418A491C89B24182828A914206D120464B
:104B200000F0C0FC204600F043FE37E0018A19B1D6
:104B30004A1E0282012906D0C189D1B14A1EC28112
:104B4000012917D02AE0256A20466979012905D074
:104B50000A2903D0052901D004291FD100F028FB20
:104B6000A88A698A401A022818DB00EBD070400836
:104B7000288213E0256A20466979012903D00A2991
:104B800001D005290AD100F0EFFCA889698A401AF2
:104B9000022803DB00EBD0704008E8812468002C79
:104BA000B0D170BDE80000202DE9F04799461646C7
:104BB0000D4607000ED06DB14FF49A7A4FF4207273
:104BC0005146382003F0D6FCB0F1000803D0032E84
:104BD00006D102E00020BDE8F087687903280BD1F8
:104BE000A879254C08B1606805E0FCF79BFC2349D7
:104BF0000968484060602860D8F804405146204663
:104C0000FBF72CFB01202070607097F83000A0703B
:104C1000286802F0A1FD6060082E0AD0042E08D09A
:104C2000072E06D0032E06D16879052801D0042866
:104C300001D17868E060002039182218401C91F8F2
:104C40002A1080B211770628F6D30D48C4F8EC007C
:104C500004F1F001012335220C46002000F04EF94A
:104C60003246214600F051F9B9F1000F01D0A9F800
:104C700000004046AFE7000050010020E8F7FF1FAA
:104C80006382536310B5064C2078401E10F0FF007D
:104C9000207004D1A06808F095FB0020A06010BD32
:104CA000500100202DE9FE4F046A07464FF000092D
:104CB00006212046C4F81C9000F072FD02AB0122D0
:104CC00021463846FFF770FF060041D07168022385
:104CD000F0318A4639225546BDF8080000F00EF939
:104CE000ADF808003A8D294600F047F9ADF8080004
:104CF0003A46294600F00DF9ADF8080003233722A3
:104D0000294600F0FBF8DFF88480ADF808000025A4
:104D1000514618F80520BDF8080000F0F6F86D1CA3
:104D2000EDB2ADF80800032DF2D33246514680B201
:104D300000F02BF916484323CDE900701348154ABB
:104D4000401E3146806808F075FB304603F059FD7F
:104D5000A079FF2801D2401CA071C1B2062902D25D
:104D60000120884000E03C2000EB4001C1EBC01076
:104D70004FF6FF7101EAC0004FF4FA7100F2F31030
:104D8000B0FBF1F020814846BDE8FE8F51010020C4
:104D900024D7000828D700081B4810B504682FE066
:104DA000206AF8B10189012903D9A1F1010101812A
:104DB00025E024D14FF000010181216A48790C28B7
:104DC00006D0062804D0012806D0032811D016E00A
:104DD0002046FFF767FF12E088790528204602D8B1
:104DE00000F032FC0BE000F05DFB204600F0E0FC40
:104DF00005E088790228EBD2204600F04BFA2468BF
:104E0000002CCDD110BD0000E800002070B5046A70
:104E10000020184D20626062E878174E08B1F068F3
:104E2000A062287908B1306901E0A06A4008E06218
:104E3000687908B1706903E0A06AC0EBC000C008DF
:104E400020630869E061A87938B1B06902F084FC98
:104E50002062E07940F0010002E0E07920F00100FA
:104E6000E071E879002803D0F06902F075FC606217
:104E700070BD00005C0100201057002010B5104CE0
:104E80002078A8B908F08CFAA060B0B1417A442229
:104E900041F0200141720B4908F016F943220949FB
:104EA000A06808F06DF900220749A06808F085FAAB
:104EB0002078401C2070002010BD4FF0FF3010BD46
:104EC0005001002024D70008A1530008016A0029DE
:104ED00013D04B790022042B0CD004DC002B0CD017
:104EE000032B04D106E0052B04D00A2B02D08A71D3
:104EF000FFF7D8BE8A7100F0CDB970470A54401C44
:104F000080B20B54401C80B270470A54401C80B2DF
:104F100070472DE9F0410546506A14460E46C8B167
:104F2000FBF7A7F9B0B1646AC5F14101884200D32B
:104F300008460746C3B20C2231462846FFF7DEFF7B
:104F400005E014F8012B31462846FFF7DEFF054641
:104F50007F1EF6D22846BDE8F081130E0B54401C8C
:104F600080B2130C0B54401C80B2130A0B54401C2B
:104F700080B20A54401C80B27047130A0B54401C84
:104F800080B20A54401C80B27047FF230B54401C6F
:104F900080B2002302E00B54401C80B24428FAD3B4
:104FA000F03081B2104603F089BC00002DE9F04FCB
:104FB00087B08246002004907B480021C1600161D7
:104FC000BAF80A002C2814D3774FF024BAF8080056
:104FD0006FF005090C375646059404E0621A401A32
:104FE000366894B280B226B17189A142F6D9029096
:104FF000B1E06FF0010007B0BDE8F08FA01C80B2F7
:105000004FF0FF380190A042F3D37389621C9342A2
:1050100003D903982044407803E0306808B1406821
:1050200000783429054624D007DC89B1012912D043
:10503000032914D0332908D117E035292ED0362979
:1050400030D03A2932D03B2935D0002591B317E032
:1050500000200546FAE704287ED1062303E0042554
:1050600004287DD307239846F0E7042878D103234A
:10507000F9E7012874D10599F02971D14FF00008A2
:105080002044801CB0F5803FB3D284B2F5B3002039
:10509000CDF8000017F8080098B14FE001285FD163
:1050A0000123E0E704285BD10223DCE7042857D181
:1050B0000423D8E703E0042852D10523D3E794B2B0
:1050C0003CE0042D01D2284600E00420834602463D
:1050D00069463046019B03F009FB584589D1042DF0
:1050E00019D9A8073CD1012007F80800009802F060
:1050F00033FB2E4A2D1FEDB242F82800019801998A
:10510000001D80B28842FFF474AF00E016E008F1A1
:1051100001080190BEE7042D02D0012D20D103E04B
:10512000009802F019FB01E09DF8000000900120BA
:105130001E4907F80800009A41F828207089A0420B
:1051400010D8211A8CB20299081A80B202908442B7
:105150009AD2366806B100E002E07068039002E07F
:10516000484648E73EB10298844204D20398015D64
:10517000FF297FF443AF387848B10C48002100681C
:10518000397001280DD0022804D0032807D00498D4
:105190000028E6D000202C2404906C201BE701207E
:1051A00004906C24EC2016E75001002010570020DA
:1051B0002DE9FC47046A07460421204600F0F0FA76
:1051C00001AB032221463846FFF7EEFC060041D032
:1051D00071680223F031894639224D46BDF804003A
:1051E000FFF78CFEADF804003A8D2946FFF7C5FEA7
:1051F000ADF80400032337222946FFF77FFEDFF8CE
:105200008C80ADF804000025494618F80520BDF84B
:105210000400FFF77AFE6D1CEDB2ADF80400032D1B
:10522000F2D33A46494680B2FFF773FEADF8040068
:1052300032464946FFF7A9FE14480097401E432313
:10524000134A3146806808F0D7F80546304603F027
:10525000D8FA01E04FF0FF35A079FF2801D2401CB9
:10526000A071C0B20A2803D24FF47A71484301E01A
:1052700042F2107080B24FF4FA7100F2F310B0FBFA
:10528000F1F020812846BDE8FC8700005101002094
:1052900028D700082DE9FC47046A07460321204669
:1052A00000F07EFA01AB032221463846FFF77CFC72
:1052B000060055D071680223F031894639224D46E7
:1052C000BDF80400FFF71AFEADF804004FF41072A9
:1052D0002946FFF752FEADF8040004233222294686
:1052E000FFF70CFEADF80400E06902F035FA024663
:1052F0002946BDF80400FFF730FEADF80400032393
:1053000037222946FFF7FAFDDFF88C80ADF804005C
:10531000002500BF18F805204946BDF80400FFF736
:10532000F4FD6D1CEDB2ADF80400032DF2D33A4646
:10533000494680B2FFF7EDFDADF80400324649461C
:10534000FFF723FE14480097401E4323134A3146BB
:10535000806808F051F80546304603F052FA01E043
:105360004FF0FF35A079FF2801D2401CA071C0B2D8
:105370000A2803D24FF47A71484301E042F21070D8
:1053800080B24FF4FA7100F2F310B0FBF1F020811B
:105390002846BDE8FC8700005101002028D70008FE
:1053A0002DE9F0413B48516816464468256A002DB6
:1053B0006BD02879002868D070892C2865D30878AC
:1053C000022862D1002094F8302008E023180F183A
:1053D00093F82A303F7FBB4257D1401CC0B2824273
:1053E00001D90628F2D3486802F0B6F92968884244
:1053F0004BD129463046FFF7D9FD98BB264948785E
:1054000080B3264A77681079052804D0062813D07F
:10541000022828D039E06879012805D0032803D074
:10542000042801D0052830D139462046FFF7EEFC8C
:105430002046FFF707FB28E06879032805D00128FC
:1054400003D0042801D005281FD10C21206A00F0C8
:10545000A7F9134B20461A46114602F0F3FF2046E7
:10546000FFF720FC11E0687906280ED12546246A52
:10547000887850B100202081906802F06DF9A06119
:105480003869E061284600F0DFF83046BDE8F041B9
:1054900003F0B7B9985600205C0100201057002097
:1054A00024D700082DE9FE43046A0746002C55D096
:1054B0006079002852D0A06902900025A561E561BD
:1054C000256265622563E562A562A5826582258203
:1054D000E581384600F0A6F900282946204635D057
:1054E00000F05EF901AB072221463846FFF75CFB6E
:1054F000060024D071680423F03136228846BDF8B6
:105500000400FFF7FBFCADF80400029802F024F958
:1055100002464146BDF80400FFF71FFDADF8040048
:1055200032464146FFF731FD0D480097432302AA5A
:105530003146806807F060FF304603F062F9094B9E
:1055400038461A46114602F07DFF01E000F028F9C6
:105550002079002802D0FFF795FB2571BDE8FE8376
:105560005001002024D700082DE9FC47046A0746B3
:105570000521204600F014F901AB032221463846EC
:10558000FFF712FB060042D071680223F031894612
:1055900039224D46BDF80400FFF7B0FCADF8040019
:1055A0003A8D2946FFF7E9FCADF8040003233722C2
:1055B0002946FFF7A3FCDFF88C80ADF80400002536
:1055C000494618F80520BDF80400FFF79EFC6D1C45
:1055D000EDB2ADF80400032DF2D33A46494680B24D
:1055E000FFF797FCADF8040032464946FFF7CDFCC3
:1055F00014480097401E432304F118023146806886
:1056000007F0FAFE0546304603F0FBF801E04FF0E4
:10561000FF35A079FF2801D2401CA071C0B20A2832
:1056200003D24FF4FA61484301E044F6206080B2AF
:105630004FF4FA7100F2F310B0FBF1F0208128462C
:10564000BDE8FC87510100202DE9FE4306007AD019
:10565000346A002C7BD00121204600F0A1F802AB77
:10566000032221463046FFF79FFA070072D079687F
:105670000223F031894639224D46BDF80800FFF774
:105680003DFCADF80800328D2946FFF776FCADF8F9
:105690000800042332222946FFF730FCADF8080049
:1056A000E06902F059F802462946BDF80800FFF704
:1056B00054FCADF80800042336222946FFF71EFCEF
:1056C000ADF80800A06902F047F802462946BDF887
:1056D0000800FFF742FCADF80800032337222946F3
:1056E000FFF70CFCDFF8AC80ADF80800002500BF28
:1056F00018F805204946BDF80800FFF706FC6D1CA8
:10570000EDB2ADF80800032DF2D33246494680B21F
:10571000FFF7FFFBADF808003A464946FFF735FCB6
:105720001D484323CDE900601A481C4A401E3946F3
:10573000806807F07FFE0546384603F062F80BE00C
:1057400001E004E006E06FF00F00BDE8FE836FF0BB
:105750000500FAE74FF0FF35A079FF2801D2401C81
:10576000A071C0B2062802D20121814000E03C2194
:1057700001EB4100C0EBC1104FF6FF7101EAC00020
:105780004FF4FA7100F2F310B0FBF1F020812846DB
:10579000DBE700005101002024D7000828D70008CB
:1057A00042798A4203D041710021817101817047A1
:1057B00070B505006FF00F0017D095F83110C907CC
:1057C00013D0288D2C6A4FF0FF36B0F5107F0BD325
:1057D00064B1207908B1FFF755FA34212046FAF771
:1057E0003DFDFFF74BFB40B1304670BD342002F069
:1057F00026FD0400F8D02C62EFE70120207195F817
:105800003100400705D402212046FFF7C9FF0020E0
:1058100070BD2846FFF746FA0028F9D02846FFF762
:1058200041FEE1E740B1006A30B140790A2805D075
:10583000052803D0042801D00020704701207047BC
:1058400070B505460C4603F0BFFFA96809682160E2
:10585000A9680C60BDE8704003F0B8BF10B50446FD
:1058600003F0B2FFA1680C682CB122680A6003F053
:10587000ADFF204610BD03F0A9FF002010BD0000C1
:105880002DE9FC412A4C05460F46A06810B10120C5
:10589000BDE8FC81E068002848D106F041F928887D
:1058A00041BA0A04A97846BA42EA0123EA783604E2
:1058B000134346EA01261B06B6B243EA062346BA5C
:1058C00040BA000440EA01201949F6B243EA06232F
:1058D0001043203143EA10600860278004F0B5FFD0
:1058E000E06050B10022134904F0F0F8002640B106
:1058F000E06804F04DF8E66018E00FA0FDF7E0FD69
:1059000014E0E878CDE90007AB786A7829780EA032
:10591000FDF7D6FD0649154B3A462031E06804F004
:10592000DFFA0028E4D1FBF7FDFD20610020AFE79E
:105930001C00002024D700085B5443505D204E6FAC
:10594000205043420D0A00005B5443505D20436FDA
:105950006E6E6563742025642E25642E25642E25C5
:10596000643A25642E2E2E0D0A000000619B00086B
:10597000F0B589B001265BA0FDF7A2FD002401ADC2
:1059800004F1110081B23046FBF73AFA25F8140011
:10599000641C0F2CF4DB5EA0FDF792FD5FF00004A9
:1059A00063A035F81410FDF78BFD641C0F2CF7DB9A
:1059B00061A0FDF785FD18213046FBF721FA04466A
:1059C00019213046FBF71CFA024621465BA0FDF781
:1059D00077FDBDF8041066A0FDF772FD0321304687
:1059E000FBF70EFA044603213046FBF709FA054699
:1059F00003213046FBF704FA0746AC4203D1BD420F
:105A000001D163A000E064A000903B462A462146F5
:105A100064A0FDF755FDAC4212D1BD4210D1A4F5F2
:105A20002040B0382BD0A4F5B840903825D00221C2
:105A30003046FBF7E5F90146224667A0FDF740FD39
:105A400071A0FDF73DFD40F6B830FBF731FA0121BA
:105A50003046FBF7D5F9044605213046FBF7D0F96F
:105A6000074600213046FBF7CBF9054672A0FDF74B
:105A700027FDE80508D577A007E078A100E078A128
:105A800078A0FDF71DFDDBE780A00090A80401D5FC
:105A900080A300E081A3E80401D581A200E081A2F7
:105AA000294681A0FDF70CFDA00601D58CA300E0DE
:105AB0008DA3600701D58EA200E08FA2214690A0A1
:105AC000FDF7FEFC0FB19BA200E09CA239469DA011
:105AD000FDF7F6FC600702D5A4A0FDF7F1FC09B0C4
:105AE000F0BD00005B5048594442475D203D3D3DBC
:105AF000204450383338343844534B2032354D48E5
:105B00007A20524D4949203F3F203D3D3D0D0A003E
:105B10005B5048594442475D204578742072656760
:105B20007320307831312D307831463A0000000052
:105B300020253034580000000D0A00005B50485901
:105B40004442475D2053545241502830783138291F
:105B50003D3078253034582020535452415028305D
:105B6000783139293D3078253034580D0A0000004D
:105B70005B5048594442475D2050485943522830B1
:105B8000783131293D3078253034580D0A00000035
:105B9000737461626C650000554E535441424C452C
:105BA000210000005B5048594442475D205048594D
:105BB000494452322072656164733A20307825304E
:105BC00034582030782530345820307825303458F7
:105BD000202025730D0A00005B5048594442475D60
:105BE00020556E7265636F676E697A6564205048F0
:105BF000592049443D3078253034583A30782530A2
:105C000034580D0A000000005B5048594442475D7B
:105C10002057616974696E6720337320666F722044
:105C20006175746F6E656720746F20736574746C32
:105C3000652E2E2E0D0A00005B5048594442475DE8
:105C4000203D3D3D203F3F3F3F3F3F203D3D3D0DFF
:105C50000A00000046554C4C000000004B53510018
:105C6000432F49005B5048594442475D20504859F2
:105C7000203D2044503833383438202573202863A1
:105C80006F6E6669726D6564290D0A0048414C4665
:105C9000000000003130304D0000000031304D0078
:105CA000454E0000444953005B5048594442475D0B
:105CB000204243523D30782530345820206175749D
:105CC0006F6E65673D2573202073706565643D25A3
:105CD0007320206475706C65783D25730D0A000093
:105CE000444F4E450000000050454E44494E470089
:105CF0005550212121000000444F574E0000000064
:105D00005B5048594442475D20424D53523D3078E4
:105D10002530345820206C696E6B3D25732020613E
:105D200075746F6E65675F646F6E653D25730D0AF0
:105D30000000000050524553454E54004142534527
:105D40004E5400005B5048594442475D20414E4C40
:105D50005041523D307825303458202070617274A3
:105D60006E65723D25730D0A000000005B504859B6
:105D70004442475D202A2A2A203F3F3F3F3F3F3F82
:105D80003F3F3F3F3F3F202A2A2A0D0A00000000E4
:105D900004490A7902704A7942708A798270C97915
:105DA000C1707047A805002002484068002800D054
:105DB00001207047A805002030B5404D044687B04B
:105DC000002204212846FBF7A5FB3220FBF770F8E0
:105DD000012204212846FBF79DFB4FF49670FBF748
:105DE00067F8612204210120FBF73CF84FF4905240
:105DF00000210120FBF736F84FF4FA60FBF758F862
:105E00002FA0FDF75DFB00F069FF2046FAF7DAFFEF
:105E1000354883690268416934A0FDF751FB404869
:105E2000426801683FA0FDF74BFB4748416847A027
:105E3000FDF746FB01F094FC0020039004904E4ACD
:105E40004E4905908DE8070004AB05AA03A94C480C
:105E500002F03CFA00282BD0494802F023FB4848C6
:105E600002F046FB0121464800F075FF44482168D6
:105E70001838434D40F8421FA1888180062085F8DC
:105E8000300061792079CDE90001E3783DA2182145
:105E9000A5F11800FDF724FBA5F118006862183081
:105EA000FFF786FC3DA0FDF70BFB012007B030BDDE
:105EB00046A0FDF705FB0020F8E7000000140140B4
:105EC0005B5048595D20466F726365642031304DE8
:105ED00020284554485F464F5243455F31304D3D81
:105EE00031290D0A00000000009002405B444D4142
:105EF0005D20444D4153523D3078253038582020A4
:105F0000444D41424D523D30782530385820204490
:105F10004D414F4D523D3078253038580D0A000024
:105F2000008002405B444D415D204D414343523D62
:105F300030782530385820204D41434646523D3078
:105F400078253038580D0A00000001405B444D416F
:105F50005D204146494F5F4D4150523D30782530DC
:105F6000385820202862697432343D4554485F52C5
:105F70004D4949290D0A0000ED6B0008096D000824
:105F8000A80500204254434D696E65722D253032BC
:105F90005825303258253032580000005B4C5749A4
:105FA000505D2044484350207374617274656420CE
:105FB0002877616974696E6720666F72206C65610D
:105FC0007365292E2E2E0D0A000000005B4C5749E8
:105FD000505D206E657469665F6164642066616906
:105FE0006C65640D0A00000001488068704700007D
:105FF0001C00002010B501210846FAF701FFC0F38C
:10600000800010BD01480068704700006401002056
:1060100001484068704700006401002002480021E8
:10602000016041607047000064010020F0B589B054
:10603000304800F081FEFBF775FA2F4C0546606989
:10604000281AFA2802D9656103F0C2FBA069F0B9E9
:1060500028494868D8B10120A061084602460DF1E0
:10606000140CD77A967A537A127A8CE8CC00C37BD8
:10607000827B467B007BCDE90106CDE90323C8790D
:1060800000908B794A7909791C48FDF719FAE06983
:106090000026281AB0F5FA6F11D9E561FFF7AAFFBB
:1060A00008B1012108E0A06828B115A0FDF708FAA1
:1060B000A66005F035FD00210E4800F04CFEA068FA
:1060C000002814D1E068002811D0206941F28831FD
:1060D000281A88420BD90FA0FDF7F2F9E06803F007
:1060E00057FCE66009B0BDE8F04005F019BD09B005
:1060F000F0BD0000A80500201C00002038D70008D3
:106100005B4554485D204C696E6B206C6F73742145
:106110000D0A00005B5443505D2054696D656F7536
:10612000742C2072657472790D0A00002DE9FF410C
:10613000FFF71EFC7C4E002531467CA0FDF7C0F920
:10614000346980A02146FDF7BBF9C4F30043C4F3D2
:10615000C422C4F38411C4F380008DE80F0004F05E
:106160000101C4F3C003C4F3001284A0FDF7A8F931
:10617000346902210120FAF743FE326903462146C1
:106180008CA0FDF79DF99BA0FDF79AF900244FF62E
:10619000FF77A0B20221FAF733FE0646A0B2032130
:1061A000FAF72EFE03463EB1BE4205D032462146E6
:1061B0009AA0FDF785F90125641C202CE9DBC5B107
:1061C000012402212046FAF71BFE07460321204640
:1061D000FAF716FE064601212046FAF711FE05469B
:1061E0003246394697A0FDF76BF9A80615D5A2A04F
:1061F00014E0A3A0FDF764F902210120FAF700FEE4
:10620000044601210846FAF7FBFD04B02146BDE82B
:10621000F0410246A5A0FDF753B9AFA00090E804F5
:1062200001D5AFA300E0AFA3680701D5AEA200E09F
:10623000AFA22946B0A0FDF743F910212046FAF796
:10624000DFFD0146800601D5BAA000E0BAA00090AB
:10625000480701D5BAA300E0BBA3880701D5BCA2BB
:1062600000E0BCA2BDA0FDF72BF900212046FAF703
:10627000C7FD0146000501D5C6A000E0C6A04A053D
:1062800001D5C6A200E0C6A2CB0501D5ACA300E0B3
:10629000ADA38D0401D5AFA500E0ADA5CDE90220E9
:1062A000CDE90053C80401D5BEA300E0BEA3080495
:1062B00001D58BA200E0BDA2BE48FDF701F9042183
:1062C0002046FAF79DFD054605212046FAF798FD80
:1062D0000446C5F38022C5F34011C5F380108DE854
:1062E0000700C5F3C013C5F300222946B248FDF7E5
:1062F000E7F8C4F38022C4F34011C4F380108DE8A2
:106300000700C4F3C013C4F300222146AB48FDF7D5
:10631000D7F80CB1AAA100E0ABA104B0ACA0BDE8D5
:10632000F041FDF7CDB80000008002405B504859B5
:106330005D204554485F424153453D307825303813
:10634000580D0A005B5048595D204D41434D494965
:1063500041523D30782530385820202865787065C6
:106360006374204D423D626974303D302C204352AD
:106370003D62697473343A32290D0A005B50485902
:106380005D2020204D423D25642043523D25642E52
:1063900025642E2564204D523D307825303258201A
:1063A00050413D307825303258204D573D25640D01
:1063B0000A0000005B5048595D20534D4920746528
:1063C00073743A206265666F72653D3078253038A7
:1063D00058202061667465723D3078253038582029
:1063E00020726573756C743D3078253034580D0A11
:1063F000000000005B5048595D205363616E6E6978
:106400006E672061646472657373657320307830E1
:10641000302D307831462E2E2E0D0A005B50485913
:106420005D202041646472203078253032583A2053
:1064300049443D3078253034583A253034580D0AD7
:10644000000000005B5048595D2044503833383418
:10645000382049443D3078253034583A2530345876
:106460002028657870656374203078323030303A97
:1064700041304230290D0A00444F4E4500000000D3
:106480005B5048595D20204E6F205048592072655E
:1064900073706F6E64656420617420616E79206131
:1064A000646472657373210D0A0000005B504859E3
:1064B0005D2020526561642030783031207265673C
:1064C000323D30782530345820726567313D307860
:1064D000253034580D0A000050454E44494E4700BF
:1064E0004F4E00004F46460055502120000000004E
:1064F000444F574E000000005B5048595D20424D0C
:1065000053523D30782530345820206C696E6B3DF5
:10651000257320206175746F6E65673D257320209B
:106520006175746F6E65675F646F6E653D25730D91
:106530000A0000004F4B000049444C450000000099
:1065400046554C4C0000000048414C4600000000FD
:1065500031304D003130304D000000005B50485963
:106560005D205048595354533D30782530345820DD
:106570002073706565643D257320206475706C65BB
:10658000783D25732020706167655F72783D2573C3
:106590000D0A0000504400007570000049534F0080
:1065A0006E6F0000454E000044495300646F6E65F5
:1065B0000000000004D800087CD70008C0D70008FD
:1065C00050524553454E5400414253454E540000ED
:1065D0005B5048595D206C696E6B5F706172746EC0
:1065E00065723D25730D0A00F0B50A4A0546002084
:1065F0005488094E07E0F75C2F54401C5B1CC3F322
:106600000B0380B29380884202D29388A342F2D1D6
:10661000F0BD00001C000020E005002005F080BA5D
:1066200070B50A4C0E460146A0684FF0FF3530B1F8
:10663000E06820B10123324605F056FD08B1284636
:1066400070BDE06804F076F9304670BD1C00002093
:106650002DE9F74F0422054682B000208B46DFF873
:10666000DC9011461446164601908646CDF800008F
:1066700000EB400A09EBCA03042C1F7D29D0C7B1E7
:1066800075B1D5F800C0D3F80480C44508D1DDF851
:1066900010C0BCF1000F4ED0D3F80880E0454AD0BE
:1066A000012F1AD0022F04D35B8A734501D3014610
:1066B0009E46401C00B20428DADB5FEA8B734FF081
:1066C000FF3038D4042C18D025DB042919DA0C4605
:1066D0001EE0002FD4D10446EBE759F83A705B8AEC
:1066E0002FB1019FBB42E4D306460193E1E7009F2F
:1066F000BB42DED302460093DBE75FEACB731AD0DE
:10670000E3E7042A01DA144602E0042E13DA3446E1
:10671000204600F015F82DB104EB440209EBC2004D
:106720002968416004EB440109EBC1000022428268
:1067300004998160204605B0BDE8F08FB056002076
:1067400070B5074C00EB4005002654F8350018B131
:1067500002F057F844F8356004EBC500067570BDCB
:10676000B05600202DE9F04786B00D00804643D09A
:10677000D8F804404FF480792088484539D12079F1
:10678000062836D16079042833D16088082830D1B2
:10679000D4F80E100491A269686818B1824204D13D
:1067A000012603E00026374608E00026814201D199
:1067B000012700E000270EB1012300E0022304F1CD
:1067C0000802924604A9284600F0CEF9E088484520
:1067D0000FD176B16FB9022204ABCDE90232291D87
:1067E000CDE9001A05F12A0319465246284600F061
:1067F0002FF9404602F005F806B0BDE8F08700002A
:10680000FEB504460E4615462146106800F0ABFC66
:1068100008B1354B3FE02868C0F303110E2925D09D
:10682000A168636800EA01020B409A4208D080B276
:10683000A0F57E41A93903D0E068B0B304F10C059E
:106840002A4B2B481A7802EB420100EBC1010F7D65
:10685000022F2ED38F68A7422BD12F6849688F4211
:1068600027D13146204600F045F8FEBD01208DF8C5
:10687000040000208DF805005E208DF80600687881
:1068800001AB00F07F008DF80700A8788DF80800B4
:10689000E8788DF809004FF40060009004F12A02B6
:1068A0003146204600F0F4F9FEBDFFE76FF003002B
:1068B000FAE7002202EB420100EBC1010F7D022F3B
:1068C00008D38F68A74205D12F6849688F4201D14C
:1068D0001A70C6E7521CD2B2042AEBD332462946BC
:1068E000204600F037F8DFE72CD700084E010020E3
:1068F000B05600202DE9F84306468846144802EBBE
:10690000420100EBC10404F10C05207D022813D1E3
:10691000608A0327B0F58E7F04D9211D304600F030
:10692000DDF807E0B0F5877F06D32A46211D304603
:1069300000F0DAF800B927754FF4006000902B469C
:1069400006F12A024146304600F0A2F9BDE8F8837C
:10695000B05600202DE9FC5F83462A3001900F4697
:10696000086814464FF0FF364FF0000A594600F011
:10697000FAFB80B93868C0F303110E290BD057B168
:1069800048B15A4601213846FFF762FE002805DA71
:1069900040B2BDE8FC9F6FF00F00FAE700F0FF097E
:1069A000294909EB490801EBC805287D08B134B134
:1069B00014E04FF0010A85F814A0C5F808B0394674
:1069C000584600F08BF8060007D1287D012804D135
:1069D000BAF1000F01D1002068827CB3287D1A4FE4
:1069E00002280ED319494FF4006005F10C0381F819
:1069F0000090009021465846019A00F049F9064659
:106A00001FE001281DD12046017B490607D52246FB
:106A10004FF42071102001F052FE044605E000689A
:106A20000028F1D1204601F070FF44B157F838003A
:106A300008B101F0E6FE47F83840002601E04FF0CB
:106A4000FF363046A5E70000B05600204E0100207A
:106A50002DE9FF4F81B09346DDE90F981F460026D0
:106A60004FF420721C211020DDF838A001F082FDC7
:106A700005002FD06C68119800F070FEE080386837
:106A8000A060B888A081D9F80010C4F81210B9F835
:106A90000400E082DAF80000C4F80E00D8F8000024
:106AA000A0614FF480702080082060800620207153
:106AB0000420607140F606000090DDE901025B46AB
:106AC000294600F0E5F8284601F09BFE304605B067
:106AD000BDE8F08F4FF0FF30F9E70000014A00F009
:106AE00003B800002CD700087FB5064D031D012414
:106AF000CDE90035CDE9021426331946FFF7A8FF8A
:106B000004B070BD32D7000870B5164D002400BF28
:106B100004EB440005EBC002117DF1B1508A401C2A
:106B200080B25082B0F5967F0AD2012906D003299F
:106B30000AD004290AD001290BD00EE0052808D379
:106B40002046FFF7FDFD08E0042000E0022010755C
:106B500003E0111D9068FFF7C1FF641C042CD7DB14
:106B600070BD0000B0560020F8B51F4616460D0057
:106B7000044613D0286888B1214600F0F4FA68B9B9
:106B80002878C0F303100E2808D02246394628463C
:106B9000FFF75EFD002804DA40B2F8BD6FF00F0089
:106BA000F8BD114900EB400201EBC200022303755E
:106BB00084603368C360B38803820023438251F842
:106BC000325075B141F832304FF4006000903346D6
:106BD00004F12A022946204600F05AF8284601F01E
:106BE00010FE0020F8BD0000B05600202DE9F04155
:106BF000044640890E270D460E283CD96068E17B8B
:106C0000868919B995F83410491CE1730178CA07CF
:106C100014D0012905D006221C49F9F731FB48B1EF
:106C20000CE0417851B980785E2807D1607B40F054
:106C3000100002E0607B40F008006073082E03D073
:106C4000B6F5C16F17D10DE095F83100000712D5E8
:106C50003946204601F066FE68B92946204600F014
:106C600099FA10E095F83100000704D5394620461E
:106C700001F058FE18B1204601F0C3FD03E029469B
:106C80002046FFF76FFD0020BDE8F0812CD70008FB
:106C90002DE9F04180461E4617460D46069800F045
:106CA0005DFD04460E21284601F03DFC18B16FF051
:106CB0000100BDE8F0816868848131680160B188B5
:106CC00081803968C0F80610B9884181404629465C
:106CD000D8F81820BDE8F041104700001FB5094A58
:106CE00000924FF4BE600121CDE90110A2F5BF531F
:106CF00003F1200103900422A1F1A000F9F7ECFEBA
:106D00001FBD0000906F0020652180F832103021F7
:106D100080F83310064940F8141F0649416040F2DC
:106D2000DC5181821A2141770621017700207047CA
:106D3000016800080576000870B5044606E022697F
:106D40002146904710B1284601F05BFD00F0AEFBF4
:106D50000500F4D170BD09B101F0B5BB01F0A8BBCD
:106D600070B500244FF088456FF00F0603E0012155
:106D7000F9F75BFB641EA84201DAB442F7DC4FF07E
:106D8000FF354FF08946B04206DB0F2C04DA294666
:106D9000F9F74BFB641CF6E74FF07C51F9F77DFAED
:106DA000F9F759FCB0F5806F01DB40F2FF3004F0D9
:106DB0001F0161F3DF2070BDF8B516460D466A4627
:106DC000202102F0BDF900282BD09DF8000000F032
:106DD0001F04E00600D5203C4FF0FF37002C0CDDEF
:106DE00039462846F9F721FB0546641EF6E70121DE
:106DF0002846F9F71AFB0546641C002CF7DB094806
:106E000015F1FF4F01D3002502E0854200DD054664
:106E10004FF07C512846F9F740FAF9F735FC3080FD
:106E20000120F8BD00FF7F472DE9F04115460E46D1
:106E3000074600242A4631463846FFF7BDFF10B109
:106E40000120BDE8F0810220FAF732F8641CE4B2B8
:106E5000032CEFD30020F4E713B54FF0FF330122EA
:106E600069460248FBF76EFD00981CBD0417002020
:106E700010B5002821D0114B0022001F196803E033
:106E8000814203D80A4649680029F9D152B11368F2
:106E9000841A9C4204D1006818441060104602E035
:106EA000506000E0186039B102680B1A934203D1B8
:106EB0000B681A4402604968416010BD7C010020E3
:106EC0000A46032100F096B82DE9FE4F8B4648494B
:106ED00004468E6830780007850E142D47D36089EC
:106EE00004287FD36068007800287BD0082879D1F7
:106EF000486901F11409C0F303120E2A72D08A46C0
:106F0000096800F030F900286CD12089082869D37D
:106F1000204600F0B9F8002864D105F110010F46B1
:106F2000204601F000FB40B32089411989B2884214
:106F300058D84FF42072102001F01CFB070051D0EC
:106F4000798905F1080081420ED32A4631467868D6
:106F5000F9F75DF92946384601F0E4FC20B92146ED
:106F6000384601F0BBFB18B1384601F04AFC39E065
:106F7000204601F046FC3C4604E03946204601F03C
:106F8000D1FC78BB29462046D4F8048001F0CBFA26
:106F900040BB6668D9F800000027F060DAF81000FE
:106FA000306188F80070E773B8F802004FF6F771A7
:106FB000884201D9093000E00830A8F80200FF201B
:106FC000307277812946304600F058F870810121EF
:106FD000CDE90071FF230022CDF808B049462046D4
:106FE00000F0B6F92046BDE8FE4F01F00ABC0000F3
:106FF000985600202DE9FF47074600891C25924638
:1070000089461C2800D2054605F1080081B24FF4DC
:107010002072242001F0AEFA06002DD07468D7F853
:107020000480082384F8009084F801A04FF0000940
:10703000C4F804902A463946304601F08AFBD8F855
:107040000C00039003A800F0FBF9050011D0A4F890
:1070500002904F467189204600F010F860800120B0
:107060000097CDE90105FF2303AA0021304600F077
:107070006FF9304601F0C5FBBDE8FF8700B500F0B1
:107080007FFBC04380B200BD70B500263446054684
:1070900012E06989686800F073FB204481B201EB5B
:1070A0001044A87AC00706D08EB10026E0B2C4F31F
:1070B000072141EA00242D68002DEAD126B1E0B273
:1070C000C4F3072141EA0024E04380B270BD0126E9
:1070D000ECE730B41B68029D9CB204EB13442B68B0
:1070E0009DB22C4404EB13439CB204EB13439CB2BB
:1070F00004EB134330BCAFF300802DE9F0411C4694
:1071000090460F460026054612E06989686800F03F
:1071100037FB204481B201EB1044A87AC00706D0A7
:10712000FEB10026E0B2C4F3072141EA00242D6835
:10713000002DEAD126B1E0B2C4F3072141EA0024D0
:10714000384600F00BFB0444404600F007FB2044A7
:1071500081B201EB104000EB1040C04380B2BDE8AB
:10716000F0810126DEE7421C12D088B191F831206F
:1071700092070BD54B68834208D0896800EA010268
:107180000B409A4202D10143491C01D000207047B4
:10719000012070472DE9F047456880460E46287863
:1071A0000421B1EB101F03D0404601F02AFBB2E0EE
:1071B0000007870E688800F0D1FA0446B8F8080086
:1071C000A04203D92146404601F078FBB8F80A00F6
:1071D000B842E9D3B8F80800A042E5D3142FE3D3AE
:1071E00039462846FFF74AFF0028DDD12969DFF834
:1071F0002C91C1F303100E28C9F81410EA68C9F8DD
:10720000102005D0304600F08DF850B1344616E01D
:1072100096F83100C00702D070680028F6D100242B
:1072200012E099F8140000247F280DD03C4804682F
:1072300008E0B44205D0204600F074F808B11CB153
:107240000AE02468002CF4D1687A112804D1E819E6
:107250004088B0F5884F30D0D9F810205AB1314667
:107260001046FFF780FF00289ED199F81000C0F368
:1072700003100E2898D0002C96D0E88830F0C0007B
:1072800092D1C9F80850C9E9004629784046090753
:10729000890EA9F80C10394601F044FB687A0128E0
:1072A00017D0062810D0112809D04D462146D9F80C
:1072B0001400FFF758FF88B11DE03446DBE7314684
:1072C000404605F097FF19E03146404602F0C6FF00
:1072D00014E031464046FFF7F7FD0FE0287DC0F38C
:1072E00003100E2807D03946404601F0CFFA02219C
:1072F0004046FFF7E5FD404601F083FA0021C9F85A
:107300000010C9F80410C9F80810A9F80C10C9F841
:107310001010C9F814100020BDE8F087985600201E
:10732000E800002010B590F83110C9070CD0416872
:1073300051B1064A52698A4204D001461046FFF70D
:1073400012FF08B1012010BD002010BD985600208A
:10735000FEB5DDE90954089E1AB109B10F6807B9F5
:10736000211D0096CDE9015400F002F8FEBD000099
:107370002DE9F84F9946DDE90A87DDF830B01600AF
:107380008A4605466FF0010444D0142101F0CBF881
:10739000E0BB6C68390247EA092084F808906772FC
:1073A00041EA10213068206182B2114401EB1040A3
:1073B000452121704FEA082248F48A4142EA11210E
:1073C00084F801800F18288900F0C8F900EB07083D
:1073D0006080194F0020E080388800F0BFF9A0805D
:1073E00039884044491C3980BAF1000F0FD0DAF8CF
:1073F0000010E1608AB2104400EB114081B201EB51
:10740000104000EB1040C04360810DE005E00B49E7
:107410000968EEE76889142802D22046BDE8F88F93
:1074200068686E4600690090DBF8143058463246B2
:1074300029469847F2E700004C01002024D70008B5
:1074400070B50146144813E090F83120D3070FD0EF
:1074500053070DD543685BB184680D68234005EA86
:1074600004069E4216D0920702D4C268954211D0FB
:1074700000680028E8D10948006850B190F8312030
:10748000D30706D0520704D5426812B109787F2984
:1074900000D1002070BD0000E8000020EC000020BA
:1074A00038B5049C0094FFF714FE38BD2DE9FF5F4A
:1074B0003C4E4FF4BE60DFF8F0B04FF0040A0024F9
:1074C00006F1A009CDF80C0006EB44152868002849
:1074D0002FDBDBF81010002916DD491ECBF8101049
:1074E00028682968C0F30D402A68C1F3C031C2F38F
:1074F00000220092CDE9011028682A68C0F34023D9
:1075000021462AA0FBF7DCFF2846F9F773FB80B27F
:107510005FEA000802D00399884511D9C4EB4410F2
:1075200000EB841109EB011152462846039BF9F741
:107530008FFC641C5445C7DB002004B0BDE8F09FFD
:1075400001464FF4C172002001F014F8009020B3FE
:107550000646C4EB441000EB8410002709EB001929
:107560007489E119414501D9A8EB070409EB07012A
:1075700022467068F8F74BFE36682744002EEFD19C
:10758000494652462846039BF9F762FCDBF8001097
:10759000491CCBF800100098CFE7414611A0FBF73B
:1075A0008FFFBBE730570020640100205B52584436
:1075B0005D20646573633D25642073746174757325
:1075C0003D30782530386C582046533D2564204C9A
:1075D000533D25642045533D256420464C3D256C94
:1075E000750D0A005B4554485D204E6F2070627532
:1075F0006620666F72205258202564206279746577
:10760000730D0A002DE9FE4F2F4FDFF8B8802F4889
:10761000BA6808EB421501E0401E09D02B68002B28
:10762000FADBD5F8089000260C464FF4BE6A19E044
:10763000114627A0FBF744FF6FF00200BDE8FE8F64
:1076400062899019504505D929A0FBF739FF6FF0E1
:107650000100F3E709EB06006168F8F7D8FD6089DF
:1076600024680644002CEBD1C6F30C006860274860
:1076700028600020B860F9F725FA7868401C786027
:10768000F86800281CDD401EF860214800232968A6
:10769000002902DA5B1C8342F9D31E48406929683D
:1076A000CA0F454501D0012100E00021C0F3025579
:1076B000CDE90005C0F3800402941748FBF700FFF2
:1076C0000020BBE7B05700206401002040420F00BB
:1076D0005B4554485D205458206465736320256CD5
:1076E0007520737475636B20284F574E290D0A005F
:1076F0005B4554485D20545820627566666572206B
:107700006F766572666C6F770D0A0000000010F0EE
:10771000A086010000900240ACDC000810B50446D1
:107720004068804702F07EF8094A216852688B1849
:107730001A1AB2F1004F03D308442246054902E069
:10774000044922461846BDE8104002F07BB800000C
:10775000F40000201D77000800BA704740BA704757
:1077600010B500F06BFD00F083FD00F055FE05F054
:107770002FFD02F061FDBDE8104002F08BB8000063
:1077800018B50022ADF8002010F001030CD000293C
:107790000ADD10F8014B8DF80140491E04E000BFDE
:1077A00030F8024B891E22440129F9DC002902DD50
:1077B00000788DF80000BDF80000104481B201EBA4
:1077C000104081B201EB104023B1C1B2C0F30720D9
:1077D00040EA012080B218BD8EB0FAF779FBFBF7C2
:1077E0001FFDF14FB86940F01000B861B8694FF063
:1077F000000800F010004FF40055049001AA444620
:10780000009501204FF0020ADFF8A0B382E81104CE
:1078100069465E465846F9F777FD0022294630460C
:10782000F9F778FEC820F9F743FB012229463046D4
:10783000F9F770FEC820F9F73BFB002229463046D5
:10784000F9F768FEC820F9F733FB012229463046D4
:10785000F9F760FEFBF714FCFBF772FCD548D4493E
:107860004FF4E1360160C0E901644FF00C09C460D7
:10787000C0E904498461C461FAF7C6FF08B172B671
:10788000FEE7CC4CCC4D483420462560C4E9016865
:10789000C4F80C80C4E90489C4F81880C4F81C80BA
:1078A000FAF7B2FF08B172B6FEE7C3485521001DD2
:1078B000016029684906FCD50D2101602968490647
:1078C000FCD50A21016028684006FCD5BBA0FBF767
:1078D000F7FDC449C4A0FBF7F3FDCA480168CAA07C
:1078E000FBF7EEFDFAF760FC0146CFA0FBF7E8FDE1
:1078F000FAF76AFC0146D5A0FBF7E2FD94F84110C7
:10790000DBA0FBF7DDFDE648E64C0168001F0268DE
:10791000C4E91621E4A0FBF7D3FD04F160090821B6
:1079200089F800A089F80110DC2189F80210E16DC6
:10793000E7480A0E89F803200A0C89F80420090A8E
:1079400089F805103968890001D4401EFAD13868D9
:10795000C0F3407178687B68C0F303643A68DDA0C7
:10796000FBF7AEFDF86AC0F303300090F86AFA6ADC
:10797000C0F303132146E748FBF7A2FD00244FF4B0
:1079800000565D46002231462846F9F7C3FD5020D7
:10799000F9F78EFA012231462846F9F7BBFD50204F
:1079A000F9F786FA641C032CECDBDBA0FBF788FDFF
:1079B000786940F480407861786900F480400090F4
:1079C000786940F400407861786900F400400090E4
:1079D000786940F4803078617869032400F480305D
:1079E00000900794CDE905A8474604A96F48CDF853
:1079F00010A0F9F789FC0420049004A9CF48F9F7F6
:107A000083FC00210120F9F7FBF901210A900846C7
:107A1000F9F7F6F9054602210120F9F7F1F903908B
:107A200003210120F9F7ECF9009010210120F9F76A
:107A3000E7F9834618210120F9F7E2F98246192176
:107A40000120F9F7DDF980462A46BD48039B0A99D3
:107A5000FBF736FD434652465946BAA0FBF730FDC8
:107A6000680701D5C7A100E0C7A1C948FBF728FDF9
:107A70004FF496784046F9F71BFAC6A0FBF720FDB5
:107A8000FBF7D6FACBA0FBF71BFDD1A0FBF718FD47
:107A90004848D74954384FF480420160D549C0E97D
:107AA0000117C0E9037247618761C761BA4607627F
:107AB000F9F73EFD08B172B6FEE7CFA0FBF700FD77
:107AC0003C4978485439683004F09BFE3949754880
:107AD0005439703004F01CFD00F03CFF01F080FDD3
:107AE000F9F720FD6F4D2863686399F8031099F842
:107AF000053099F804208DE80E0099F8023099F8C5
:107B0000012099F80010C2A0FBF7DAFCCBA0FBF72C
:107B1000D7FC41F268010320CDE9000101230822CE
:107B20000A21D0A0FBF7CCFCF9F7FCFCE860D5A05B
:107B3000FBF7C6FCDFA0FBF7C3FC06220221E6A090
:107B4000FBF7BEFCE8A0FBF7BBFCF2A0FBF7B8FC20
:107B500005F16000FEF730F9A8B1F3A0FBF7B0FC27
:107B6000FEF7E4FAF4A0FBF7ABFCFCF757FE4FF48A
:107B7000FA70F9F79DF9F6490220FCF7E5FA0028BA
:107B800008DD014607E0F3A0FBF79AFC4046F9F751
:107B90008FF9FBE70021296101460222F4A0FBF7DF
:107BA0008FFCFDA1FCE1000000100240001001402C
:107BB00000380140BC160020004400400D0A3D3D45
:107BC0003D3D3D20555341525432204F4B202D20F6
:107BD00044494147205354415254203D3D3D3D3D91
:107BE0000D0A000040787D015B444941475D204813
:107BF00053455F56414C55453D256C7520487A0DDF
:107C00000A000000C40000205B444941475D205346
:107C1000797374656D436F7265436C6F636B3D255B
:107C20006C7520487A0D0A005B444941475D20503D
:107C3000434C4B313D256C7520487A2028555341E3
:107C400052543220636C6B290D0A00005B44494199
:107C5000475D2050434C4B323D256C7520487A20BF
:107C60002855534152543120636C6B290D0A000092
:107C70005B444941475D206875617274322E6753D9
:107C8000746174653D25642028657870656374208F
:107C9000307832303D5245414459290D0A000000E8
:107CA000ECF7FF1F400000205B444941475D204244
:107CB0006F6172642049442028554944293A203094
:107CC000782530386C582530386C580D0A00000083
:107CD000400D03005B434C4B5D20504C4C3328500F
:107CE0004C4C4932532972656164793D25642020EA
:107CF0005243435F43523D30782530386C58202042
:107D00005243435F434647523D30782530386C58E4
:107D10000D0A000098D800085B444941475D204D9A
:107D200044494F2070726F6265206F662050485939
:107D30002040307830312E2E2E0D0A0000080140F0
:107D40001CD900085B50485950524F42455D2050A5
:107D500048595354532830783130293D30782530F4
:107D6000345820535452415031383D307825303406
:107D70005820535452415031393D307825303458D1
:107D80000D0A000055500000444F574E00000000FF
:107D900050DA00085B444941475D2041626F7574C9
:107DA00020746F20696E6974204554482E2E2E0D64
:107DB0000A0000005B444941475D20455448204883
:107DC000414C20696E697420646F6E650D0A000075
:107DD0005B444941475D2041626F757420746F2098
:107DE000696E6974204932432E2E2E0D0A00000060
:107DF00000540040A08601005B444941475D204992
:107E0000324320696E697420646F6E650D0A00004C
:107E10005B4E45545D204D41433A20253032583A5F
:107E2000253032583A253032583A253032583A25E2
:107E30003032583A253032580D0A00005B4E455416
:107E40005D2049503A2044484350202861637175B1
:107E5000697265642061742072756E74696D65293C
:107E60000D0A00005B4E45545D20536572766572C5
:107E70003A2025642E25642E25642E25643A256437
:107E80000D0A00000D0A3D3D3D3D3D3D3D3D3D3D62
:107E90003D3D3D3D3D3D3D3D3D3D3D3D3D3D3D3D12
:107EA0003D3D3D3D3D3D3D3D3D3D3D3D3D3D0D0A65
:107EB0000000000020204254434D696E65724D530E
:107EC000204631303756435436202B204450383327
:107ED0003834380D0A0000002020465720762564EB
:107EE0002E25640D0A0000003D3D3D3D3D3D3D3DDC
:107EF0003D3D3D3D3D3D3D3D3D3D3D3D3D3D3D3DB2
:107F00003D3D3D3D3D3D3D3D3D3D3D3D3D3D3D3DA1
:107F10000D0A00005B5359535D2045544820696E9B
:107F200069742E2E2E0D0A005B5359535D20455463
:107F300048204F4B0D0A00005B5359535D20424DC2
:107F40003133363620696E69742E2E2E0D0A0000EC
:107F5000000048435B4552525D2045544820696EFD
:107F60006974204641494C4544210D0A0000000037
:107F70005B5359535D20424D313336363A202564E8
:107F80002F256420636869702873292064657465EF
:107F9000637465640D0A0000454E41424C4544003F
:107FA00063A0FBF78DFA42F210774FF47A7B00BFA3
:107FB000F9F7B8FA0446FEF717F8002868690DD0FB
:107FC00000282ED101206861A5F806A05FA0FBF76C
:107FD00077FA01F0C3FB01F0E7FB09E050B1C5F807
:107FE00014A0A5F806A0FEF719FB5CA0FBF768FA41
:107FF0006869B0B9FDF7D8FE98B1A86A201A58454B
:108000000FD941F268080321AC62CDE900180123C1
:1080100008220A2159A0FBF753FA41466148FDF7AF
:108020002FFCFEF703F801F0BFF8FCF767FC287897
:1080300008B1687830B9286B201AB84202D32C6393
:1080400000F088FC686B201AB0F5FA6F06D36C63F9
:1080500001F0C6FA686960B101F0A6FB686940B139
:10806000E86A44F62061201A884202D9EC6201F0E5
:1080700075FBE86B201AB84245D90DA8EC63FDF7F3
:1080800087FEFDF7C5FF0290FDF7BCFF0190FDF7ED
:10809000B1FF10B1AFF2143001E0AFF214308146FD
:1080A000286908B1FCF744F8B4FBFBF83E4949697C
:1080B000DDE90123CDE90731CDE90592296909B14F
:1080C0003AA200E03AA2696909B13AA300E03BA3F1
:1080D0009DF83710CDE90320CDE901139DF8360056
:1080E00000909DF835309DF8342041463548FBF727
:1080F000E7F947F23050B4FBF0F100FB114058456E
:1081000001D2FDF78BFFA86B201AB0F5FA7F7FF63E
:108110004FAFAC63686928B1002231462A48F9F7AD
:10812000F9F945E731462848F9F7ECF940E700004E
:108130005B5359535D204A6F6220646973706174A8
:1081400063683A2025730D0A000000005B4E455419
:108150005D20544350204F4B0D0A00005B4E4554A8
:108160005D2054435020646F776E2C2077696C6CCF
:108170002072657472790D0A000000005B4E455450
:108180005D20436F6E6E656374696E672025642E93
:1081900025642E25642E25643A25642E2E2E0D0A84
:1081A0000000000064000020009002404F4B0000DF
:1081B0004F464600434F4E4E000000005741495481
:1081C0000000000010DB000800100140F0B50B308B
:1081D000154D20F007010024144A0FE003688B427C
:1081E0000BD38B4205D95E1A43184768C3E9006771
:1081F00000E04368136002C004E0021D106800281C
:10820000ECD12046002802D1286808B10020F0BD3A
:10821000064A07481060074A121A22F00702C0E90E
:10822000002401202860D7E7800100207C01002085
:108230008475002080770020FEF71ABE704710B5C5
:10824000FFF7C4FF040003D101F0BEFA01F0BEFA4B
:10825000204610BD70470000072806D2002904D030
:10826000024A52F82000FDF7EBBA704794D6000896
:1082700030B5064D002400BF55F8240000F008F882
:10828000641CA4B2072CF7D330BD000094D60008BC
:108290008268002111600022416807E08368521C57
:1082A0001B680B60836819600388194443889342F4
:1082B000F4DC7047072801D300207047024951F8C9
:1082C0002000FDF7CBBA000094D600082DE9F0415C
:1082D0000400DDE90770069E1FD0F7B101B92249FD
:1082E00002B9214A03B9204B00256560A560DFF87B
:1082F0007CC0C4F814C0E560258584F83150C4E919
:1083000007651B4E96F800C084F834C020612046F3
:1083100000F098F82046B84710B10020BDE8F08181
:10832000D6F8042094F83400FF2801D184F83450A2
:10833000104694F834100AE090F834308B4205D19E
:10834000491C84F834100028ECD102E000680028B1
:10835000F2D1C8B2FE2805D0401C30702260204601
:108360007460DBE73570F9E724D700083F84000824
:10837000E400002070B50C46054602F02FFA2146B5
:108380002846BDE8704004F0F1BF0A68C3689A420D
:1083900004D001B90022C26001207047002070475C
:1083A00038B505460C4608686968884212D02068CE
:1083B00000906868106069461046FFF7DBFF3CB12B
:1083C000206868600121284600F027F8012038BDA8
:1083D0000020F6E7002038BD0A6883689A4204D07E
:1083E00001B9002282600120704700207047000020
:1083F00001000CD00748406807E000BF90F8342027
:10840000521CD2B28A4203D000680028F6D1002064
:1084100070470000E400002070470A4690F83110D1
:108420004B070BD5CB0709D0D20707D04268002AEB
:1084300004D0090702D5011DFEF750BB70476FF04D
:108440000B0070472DE9F84F4FF000091D46164606
:108450000C008246C84600D1114C06B9104E05B931
:108460000F4DACB1206898B100274A4631465046BE
:10847000FFF7B2FF424629465046FFF786FF002F1E
:1084800004D16A4621465046FFF78AFFBDE8F88FBF
:1084900001276A4621465046FFF782FFE5E70000C4
:1084A00024D700080149886070470000E4000020DC
:1084B000002807D090F831104A0703D501F0FB01DE
:1084C00080F83110704710B5040010D094F83100D6
:1084D00041070CD440F0040084F831002046FCF73A
:1084E000F5FC2046BDE810400321FFF796BF10BD04
:1084F00000280AD090F83110CA0706D141F00101D6
:1085000080F831100321FFF788BF7047401E80B20A
:1085100040EA500040EA900040EA101040EA102083
:10852000401C80B270470022AFF3008030B5F0B13C
:10853000B1F5803F1BD279B104898BB21C44A4B23F
:108540009C4214D3057B2D0608D54268511A00F1D0
:10855000100291420BD304E0002030BD3AB14268D2
:10856000511A41604189194441810481F4E7012095
:1085700030BD00002DE9FC5F064690460C461046D3
:10858000012A0AD0412808D04FF0000BB0F5C17F76
:1085900009D0B2F5207F50D138E00246002000F02B
:1085A00051F8054646E00025A9460F460620FFF78C
:1085B00081FE04001CD0A6F2F450404280B2B842C2
:1085C00000D938468246CDE9008BA11953463A4678
:1085D0002046103100F064F9B5B1C9F80040A7EBAE
:1085E0000A000704A1463F0C4FF00006DED121E04F
:1085F00001F0EAF8124A0121117001F0E7F8E5B143
:10860000284600F0FEF818E02546E8E7311901F1A8
:108610001000A14211D3A0420FD3FFF710FE0500B6
:108620000BD0CDE9008BA91923461A4628461031F4
:1086300000F036F92846BDE8FC9F0020FBE700006B
:10864000F00000202DE9FC41074615460E460520A6
:10865000FFF730FE04004FF0000008D0CDE90050D5
:1086600033461A463946204600F01AF92046BDE83E
:10867000FC8110B500280FD000290DD004E003893B
:108680000C892344038110460268002AF7D102892D
:108690000B891A440281016010BD10B50C46FFF72A
:1086A000E8FF2046BDE8104000F02FB9002102E0AD
:1086B000491C006889B20028FAD10846704770B595
:1086C00014460A462189FFF755FF050004D02146CC
:1086D00000F004F8284670BD002070BD19B10A8969
:1086E000002300F036B86FF00F0070472DE9F04717
:1086F000002716468946B846002805D0B9F1000F74
:1087000001D0044620E00020BDE8F0872BB160894D
:10871000984202D8181A83B215E06089C01A85B24F
:10872000B54200D9354660682A46C11809EB0700F2
:10873000F7F76DFD08EB05001FFA80F8781987B28E
:10874000701B86B2002324680EB1002CDED1404697
:10875000DAE72DE9F05F90460C0005461E464FF023
:1087600000076FF00F0A35D02189414532D38DB310
:10877000298906EB080081422CD36FF0050B68892C
:10878000811B6089C01B814200D20846414680455A
:1087900000D20846814660684A46C119686830447C
:1087A000F7F735FDA8EB09001FFA80F860894F4400
:1087B0004E44B84205D82468002714B9B8F1000F18
:1087C00008D16889B04208D12D6800262DB9B8F1CA
:1087D000000F02D05046BDE8F09F2CB1608921897E
:1087E000884201D1206830B93DB168892989884221
:1087F00003D1286808B15846EDE75FEA0800BED10A
:10880000E9E770B504000AD0002500F0DDFFA17B88
:10881000491ECEB2A67300F0D9FF16B11AE00020AF
:1088200070BD207B266800F00F00022803D00128CD
:1088300004D040B10AE02146062001E0214605208F
:10884000FFF70AFD02E02046FFF7F6FC6D1CEDB2D3
:108850003400DAD1284670BD10B500F0B5FF094AE2
:108860000021117000F0B2FF0748006806E0416F78
:1088700019B1BDE8104001F0C1BCC0680028F6D1B4
:1088800010BD0000F0000020180100200122AFF30D
:108890000080002902DA494200F044B8FFF746BEE2
:1088A00070B50024DDE90456C0E90041028143812E
:1088B0000573467301218173C47370BD70B502895D
:1088C0008A4221D9521A92B20D46044605E0281A6E
:1088D00085B22089801A208124686089A842F6D355
:1088E000207B000708D16089A84205D06068001B82
:1088F00041192046FFF7AEFC65812581206808B14B
:10890000FFF77FFF0020206070BD10B5040008D085
:1089100000F05AFFA17B491CA173BDE8104000F094
:1089200055BF10BD10B538B1B1F5803F04D229B1A3
:1089300043898AB2934203D2012010BD002010BDAA
:10894000446821444160991A41810189891A018151
:10895000F4E700002DE9F0418E4C86B02078002825
:108960007AD104F1680003F050FF2070002873D022
:1089700000254FF49666ADF80C50ADF81450314612
:1089800004F1680003F00EFE010026D08DF80050BF
:108990008DF8045080A0FAF793FD6A46102104F187
:1089A000680003F042FF20B19DF800108748FAF7F5
:1089B00087FD784801AA7E21683003F036FF28B190
:1089C0009DF8041011B18248FAF77AFD71482179B7
:1089D000683003F0D9FF18B105E031467DA0F3E718
:1089E00088A0FAF76DFD6B4803A9683003F0BFFF5C
:1089F00000287CD0ADF80850ADF81050BDF80C1030
:108A00008CA0FAF75DFD634802AA2421683003F0C8
:108A100089FF20B1BDF8081095A0FAF751FD5D4817
:108A200002AA4021683003F07DFFDFF868824FF42E
:108A30007A77D0B1BDF80800BDF80C6000FB06F1F4
:108A4000B1FBF7F5F7F7FAFD00224346F7F76BFDA8
:108A5000AE4202D390A201E073E09BA2CDE90052A6
:108A600002460B469948FAF72BFD4A4802AA4421D0
:108A7000683003F057FF90B1BDF80800BDF80C1046
:108A80004143B1FBF7F5F7F7D9FD00224346F7F76D
:108A90004AFD02460B468E480095FAF711FD3D4807
:108AA00002AA2B21683003F03DFF20B1BDF8081069
:108AB00088A0FAF705FD374802AA2521683003F09F
:108AC00031FF60B1BDF80800F7F7B8FD002243465A
:108AD000F7F729FD02460B4687A0FAF7F1FC2D486F
:108AE00002AA2621683003F01DFF70B100E018E0F3
:108AF000BDF80800F7F7A2FD00224346F7F713FD83
:108B000002460B468AA0FAF7DBFC224804AA292178
:108B1000683003F034FF20B1BDF8101092A0FAF7CE
:108B2000CFFC1C4805AA7921683003F028FF40B12A
:108B3000BDF8140028B103F0C7FF1648683003F0F1
:108B40004BFE607820B91348703003F0E5FC60708C
:108B5000A1782078814209D008B191A200E093A2C7
:108B6000242196A0FAF7ACFC2078A070E178607818
:108B700081420CD030B107487030017997A0FAF7E4
:108B80009FFC02E09EA0FAF79BFC6078E07006B0C4
:108B9000BDE8F081400000205B4932435D20545025
:108BA000533534364432344120626F61726420633D
:108BB0006F6E666967204641494C454420617420C8
:108BC000737465702025750D0A00000064D90008D3
:108BD00000DA00085B4932435D2054505335343687
:108BE0004432344120626F61726420636F6E666943
:108BF00067206170706C69656420282575206D564A
:108C0000290D0A005B4932435D20545053353436F8
:108C1000443234412064656661756C7420706F77EE
:108C2000657220636F6D6D616E64206661696C654D
:108C3000640D0A005B4932435D205450533534368D
:108C40004432344120564F55545F434F4D4D414EB1
:108C5000443D2575206D5620286D6F64756C652028
:108C60004E564D20736574706F696E74290D0A003D
:108C70005B4932435D2054505335343644323441DD
:108C800020564F55545F4D41583D2575206D560D6A
:108C90000A00000000408F4020203C2D2D207365ED
:108CA00074706F696E74203E3D204F56206C696D64
:108CB00069742C204F56206661756C74206775614D
:108CC00072616E746565642100000000ECDB0008D1
:108CD000B8D900085B4932435D20545053353436CF
:108CE0004432344120564F55545F4D494E3D257511
:108CF000206D560D0A0000005B4932435D20545040
:108D0000533534364432344120564F55545F4D412B
:108D10005247494E5F484947483D252E33662078E3
:108D200020564F55545F434F4D4D414E440D0A0060
:108D30005B4932435D20545053353436443234411C
:108D400020564F55545F4D415247494E5F4C4F5747
:108D50003D252E3366207820564F55545F434F4DA6
:108D60004D414E440D0A00005B4932435D20545092
:108D7000533534364432344120564F55545F5343B3
:108D8000414C455F4C4F4F503D3078253034582092
:108D900028534C494E4541523131290D0A000000FB
:108DA0006465746563746564000000006E6F742010
:108DB0006465746563746564000000005B49324358
:108DC0005D2054505335343644323441204030789D
:108DD000253032583A2025730D0A00005B49324392
:108DE0005D20544D503130373520403078253032B9
:108DF000583A2064657465637465640D0A00000068
:108E00005B4932435D20544D50313037352040307E
:108E10007834382D307834463A206E6F742064658B
:108E20007465637465640D0A000000002DE9F0416B
:108E30000F4605461446022910D3D4211046F7F7F1
:108E40000DFA2878207068780226411E6070042987
:108E500004D2522101EB4010B84202D90020BDE8F3
:108E6000F08100270AE004EB4710A9192022801C9A
:108E7000F7F7CDF920367F1CB6B2FFB26078B84262
:108E8000F1D8A81900F06FF9361DB6B2C4F8840005
:108E9000A919202204F18800F7F7B9F92036B6B2F3
:108EA000A919202204F1A800F7F7B1F92036B6B2CB
:108EB000A81900F058F9361D44F8C80FB6B2A81921
:108EC00000F051F9361D6060B0B2284400F04BF953
:108ED000A0600120C3E730B510B10AB1082901D064
:108EE000002030BD00210B460C461B02055D43EA05
:108EF0001163641C45EA0121082CF6DBC2E900136A
:108F0000012030BD022901D200207047008840BAFC
:108F1000108001207047042901D200207047018889
:108F200049BA1180408840BA50800120704711B181
:108F30000078012801D90020704710700120704787
:108F400010B51446042901D2002010BD00F00BF921
:108F50002060012010BD13B50B4601226946062092
:108F6000FBF7B6FC1CBDF0B50546A1B016460F4692
:108F70000846F7F77EF984B2782C00D978248DF86A
:108F80000050224639460DF10100F7F740F9641C04
:108F9000A2B233466946FF20FBF79AFC21B0F0BD30
:108FA00038B50D4604460188684604F0D9FA618850
:108FB0000DF1020004F0D4FA2B46042269460D207C
:108FC000FBF786FC38BD38B50C460168684604F0EE
:108FD000CBFA2346042269460B20FBF779FC38BD07
:108FE0007FB504460D46D4E90023684604F0C4FA70
:108FF000207A8DF8080061890DF1090004F0B0FABB
:10900000207B8DF80B00E18903A804F0A9FA218ADE
:109010000DF10E0004F0A4FA2B461022694604203C
:10902000FBF756FC04B070BD1CB5D0E900230C461C
:10903000684604F0A1FA2346082269460920FBF796
:1090400047FC1CBD70B586B0044600780A9D8DF8BB
:10905000000060788DF801006E46B01C616804F075
:1090600083FAB01DA16804F07FFA094800684FF444
:109070007A71A0FB01230DF10A0004F07DFA2B4662
:10908000122269460220FBF723FC06B070BD0000E7
:109090004C00002070B586B0044600788DF80000C2
:1090A00060788DF80100A0788DF80200E0788DF8E6
:1090B00003000E46A1886D4601A804F051FAA81DD0
:1090C000A16804F051FA0DF10A00E16804F04CFACD
:1090D000218A0DF10E0004F043FA618A04A804F01D
:1090E0003FFAA18A0DF1120004F03AFA3346142235
:1090F00069460720FBF7ECFB06B070BD2DE9F04197
:109100000746002010801D4614460E46188004298C
:1091100011D3384600F027F8411E40F2FC7291420C
:1091200003D34FF6FF70208005E0001D20802980CA
:109130002088B04202D90020BDE8F0813879FBE7F1
:109140003EB501241923CDE9002402930279006879
:1091500054000A4601232146F8F734FC08B10020E8
:109160003EBD01203EBD0188827849BA0904C0781D
:1091700041EA0221084370477FB5144619250223AE
:1091800003AA8DE82C000279006855000A460123E5
:109190002946F8F717FC10B1002004B070BDBDF8E7
:1091A0000C0020800120F8E72DE9F043BBB0FCF76C
:1091B0001BFF944C4FF0000888B1E088924EC0F538
:1091C000006189B23044FDF70FFA002802DDE18822
:1091D0000844E080E088002803D00025F5E0A4F8EA
:1091E00006803BB0BDE8F083401B81B27019074692
:1091F00038AB39AAFFF782FF0146BDF8E400A0F5BD
:109200007F42FF3A0DD0002973D07F1DB94609294E
:1092100070D008DC01290FD005293BD0082906D1E0
:109220007CE07AA0EAE00A2965D00C2954D085A018
:10923000FAF746F90027BAE003AABDF8E01038466D
:10924000FFF7F4FD002853DD6F48D42203A9D4387A
:10925000F6F7DDFF012020622498A0619DF80C1034
:10926000804BC1F3C302249835AF43F8220097E83E
:109270000D00CDE9002002939DF80D207A48249B33
:10928000FAF71EF903A8FBF7A5F9206900282FD1EA
:1092900076A094E06A46BDF8E0103846FFF73BFE42
:1092A0000028D0DDBDF80220BDF800107AA0FAF742
:1092B00007F9BDF80000FAF7C7FD2078002817D09D
:1092C0005048BDF80210683003F098FB002878D1B0
:1092D000BDF8021079A01EE06A46BDF8E0103846DD
:1092E000FFF710FE00286CDDBDF80000FAF7ACFDBA
:1092F00067E06FE048E06A46BDF8E0103846FFF7E7
:109300001FFE00285DDD0098E061216909B1FBF7CF
:109310006FFA77A0E169FAF7D3F852E010AABDF826
:10932000E0103846FFF703FE70B1207880B1354871
:109330009DF84010683003F027FB78B19DF840009D
:10934000207178B173A10EE06A4673A1202002E07B
:109350006A4677A12120FFF706FE0FE06A467AA150
:109360002220F8E780A181A0FAF7AAF800F038F9E6
:1093700000F01AFA69460820FFF7EDFD010020D041
:109380006846FDF74DF91CE004AABDF8E010384628
:10939000FFF7A1FDA8B1694604A8FFF745FEEDE778
:1093A00019F8071077A0FAF78BF87F1CBFB2BDF849
:1093B000E000102800D91020B842F1D820A0FAF718
:1093C0007FF8BDF8E400284485B2E088291D814279
:1093D0007FF60AAFE08865B1401B0204120CE28000
:1093E0003FF4FFAE3BB07119BDE8F0430648F6F715
:1093F0000EBFB0F5006F7FF4F4AE64A0FAF760F82A
:10940000EDE6000040000020201800205B5443508F
:109410005D20496E76616C6964206672616D6520BD
:109420006C656E6774683B2064726F7070696E67FC
:109430002062756666657265642073747265616D1D
:109440000D0A00005B5443505D20556E6B6E6F77C4
:109450006E2074797065203078253032582C206861
:1094600065783A00E0150020B8DA00085B554152F3
:1094700054312D544553545D204A6F6220666F72FB
:1094800077617264656420776974686F75742041D0
:109490005349430D0A0000005B504152414D5D208D
:1094A000667265713D2564204D487A20766F6C7434
:1094B0006167653D2564206D560D0A005B50415281
:1094C000414D5D20766F6C74616765202564206D69
:1094D000562072656A6563746564202872616E67E0
:1094E0006520313030302D32303030290D0A000007
:1094F0005B4D41534B5D2076657273696F6E206DD5
:1095000061736B2073657420746F20307825303858
:10951000580D0A004F4E0000696E76616C69642038
:10952000706F77657220636F6D6D616E640000000F
:1095300054505335343644323441206E6F742064B5
:109540006574656374656400545053353436443231
:10955000344120706F77657220636F6D6D616E644A
:10956000206661696C6564004F4646005B504F574A
:1095700045525D2054505335343644323441202511
:10958000730D0A0020253032580000005B54435010
:109590005D2052656365697665206672616D652040
:1095A00065786365656473206275666665723B20E5
:1095B00064726F7070696E672073747265616D0D8F
:1095C0000A0000000246002001464006030E02F099
:1095D000010018435208491C0829F6DB70470000B7
:1095E0002DE9F0434FF0000887B04646ADF8008003
:1095F000474618213E48F6F731FE3E4D3C4C287850
:1096000030B301A905F1680003F014F9060022D077
:10961000BDF80400A0800298A0600398E060BDF847
:1096200010006082BDF81200A0829DF81410E17055
:1096300078B12989884208D003F046FA05F168001C
:1096400003F0CAF8BDF8120018B1BDF81200288165
:1096500008E00020FBE72748683003F0D6F808B997
:1096600085F80080DFF88C90687809F17009B0B156
:109670006946484602F068FF070003D0BDF80000C5
:1096800020820CE099F804001423410001221A48BA
:10969000F8F724F818B185F8018089F80480287853
:1096A00018B1217841F001012170697819B122784F
:1096B00042F0020222701EB1227842F004022270AF
:1096C0001FB1227842F0080222701EB1227842F0C7
:1096D0001002227010B1074868300079607011B133
:1096E00099F8040000E00020A07007B0BDE8F08306
:1096F000202000204000002068160020C0F30A034C
:10970000C20A580501D5A3F50063D00600D5203A5A
:1097100003FB01F0002A01DB904070475242012117
:109720009140002802DB00EB510001E0A0EB51006A
:1097300090FBF1F0704701F01F015043CA0600D5BD
:109740002039002901DB884070474A4201219140BD
:1097500000EB5100B0FBF1F07047000000B597B08E
:1097600018220F4910A8F6F752FD0E48D0E916123C
:10977000CDE91012007C8DF84800FAF7DFFCADF857
:109780004E00FAF7C9FCADF85000694610A8FFF783
:1097900027FC010002D06846FCF742FF17B000BD6D
:1097A000F0D500084000002000B589B069460548A2
:1097B000FFF770FC010002D06846FCF731FF09B0EA
:1097C00000BD0000202000200020704770470000EE
:1097D0002DE9F04700F026F8104E114C05464FF0E9
:1097E0000047307808B1FFF737F82168002912D018
:1097F00048682A1ABA420ED20A682260D1E9028960
:1098000060600420FEF728FDB8F10002E9D0484668
:1098100011468847E5E7BDE8F0870000F00000202A
:10982000F4000020F7F77EBE70B515460E460446DC
:10983000FFF7F8FF20442A463146BDE8704000F0AB
:1098400001B8000070B5044615460E460420FEF728
:1098500031FD00280ED00021C5600D4A80E852007D
:10986000116831B14B68E51A4FF000439D420AD3AD
:109870000160106070BD5568651B9D4202D3026097
:10988000086070BD11460A68002AF8D0F3E70000AE
:10989000F400002070B5074D012400BF05EBC402A1
:1098A00055F834000449FFF7BFFF641C042CF5D3BE
:1098B00070BD0000B0D600081D7700082DE9FE4FEE
:1098C000040060D0207D0A283CD00025DFF8BC8051
:1098D000D4F850B0D4F824A0D4F81090D4F8906004
:1098E0002F4670B30D46E78A214608F1180001F0B3
:1098F0008EFA012188F80010206F08B102F03AF9C1
:10990000E06E08B102F036F9606F08B102F032F98A
:1099100055B1208B211DCDE90017234602905246F8
:109920005946184602F0B4F8204600F033FC002EE9
:1099300029D003B04846B446BDE8F04F6FF00C01A3
:10994000604709E0114821461C3001F060FA2046CA
:10995000BDE8FE4F00F01EBCE08A0028CCD0D8F84D
:109960001000A0420AD1C068C8F8100008E0C16821
:10997000A14202D1E168C16002E008460028F6D1A8
:109980000020E060B8E7BDE8FE8F00000001002085
:109990000121FFF793BF00002DE9F04106460120A9
:1099A000FEF788FC454D04005BD1A86909E0418BB6
:1099B000C4680A0704D521F00801418300F068FA61
:1099C00020460028F3D100221146EC68E86906E041
:1099D000036AE31A934201D31A460146C06800287D
:1099E000F6D111B10846FFF7D3FF0120FEF762FC64
:1099F000040036D1092000F04FFE0120FEF75AFC8A
:109A000004002ED1082000F047FE0120FEF752FC92
:109A1000040026D17F2E01D97F2001E030001BD029
:109A2000401EC2B200231946EC68A8690EE0477DCB
:109A3000974206D309D1D0F820C0A4EB0C0C9C456A
:109A400003D3016A3A46631A0146C0680028EED182
:109A500011B10846FFF79CFF0120FEF72BFC040024
:109A600029D0A421F6F7FAFB667541F2D060A4F87C
:109A70006400608520854021E1724FF406716186A3
:109A80000621A4F84010E187C91F21860121A4F80E
:109A90004810E9682162A978A177A4F84A0008482B
:109AA000C4F884000748C4F894000748C4F8980034
:109AB0000920C4F89C002046BDE8F0810001002088
:109AC000C3B8000800DD6D00F82401002DE9F04165
:109AD0000D0004464FF0040300D11E4D2CB1207D33
:109AE00030B16FF00500BDE8F0816FF00F00FAE7CC
:109AF00032B1194E002100BF56F82100006817E06E
:109B000000F0A6FE020018D1801EECE7C78A97423B
:109B10000DD148B107683FB135B1D5F800C0BCF1EF
:109B2000000F01D0674502D16FF00700DBE7C06886
:109B30000028EBD1491C9942DEDB15B1286800B141
:109B400020600648E2820169E160046102F04EFA99
:109B50000020C8E724D7000814D70008000100201F
:109B60007CB51F4D16000C460AD011461DA0F9F712
:109B7000A7FC0020A860E86001F0D2FF30467CBD61
:109B80000120A860608B40F04000608314482A8860
:109B90002030C178CDE9001283784278017818A08E
:109BA000F9F78EFC1F49204601F086FE1E4920462B
:109BB00000F0B5FA02221D49204601F050F9607A02
:109BC00040F00800607242F21070C4F894004FF444
:109BD000FA60C4F898000320C4F89C00CEE70000A7
:109BE0001C0000205B5443505D20436F6E6E656324
:109BF00074206661696C65643A2025640D0A000072
:109C00005B5443505D20436F6E6E656374656420E2
:109C1000746F2025642E25642E25642E25643A2534
:109C2000640D0A00719C0008319C00086D9C0008BE
:109C300010B505A0F9F744FC0B4800218160C16014
:109C4000BDE8104001F06CBF5B5443505D204552AD
:109C5000522063616C6C6261636B3A206572723D85
:109C600025640D0A000000001C0000200020704741
:109C70002DE9FF5F294C16464FF0000B4BB946B15A
:109C8000B6F808A0A788DFF898C0154600206B68D2
:109C900035E024A0F9F714FC5D46C4F808B001F0E3
:109CA0003FFFE06838B1019800F05EF810B101980C
:109CB000FFF76EFEE560002004B0BDE8F09F62880B
:109CC00002F10109C9F30B01B94211D11CA0F9F746
:109CD000F7FB3046FEF795FDC4F808B0C4F80CB0A9
:109CE00001F01EFF0198FFF753FE6FF00C00E3E751
:109CF00013F800800CF80280401C618080B26989F2
:109D00008142DCD82D68002DC0D15146019801F068
:109D1000EEFD3046FEF775FDCDE700001C0000208B
:109D2000E00500205B5443505D20436F6E6E656319
:109D300074696F6E20636C6F7365640D0A000000B8
:109D40005B5443505D2052582072696E67206F76D5
:109D50006572666C6F773B207265636F6E6E6563CC
:109D600074696E670D0A000048B1017D012903D0B6
:109D7000418B41F010014183012100F003B86FF0E5
:109D80000F007047FEB504460127007D3D4D0026BB
:109D900081B3042801D0072831D1A16F21B9218DC9
:109DA000A1F5B052D03A2AD0228BE18A201D8DE84D
:109DB000070023461846626A216D01F069FE2046BD
:109DC00001F002F8A869A04209D1C068A86108E0C2
:109DD000C168A14202D1E168C16002E008460028E2
:109DE000F6D12948E6602F700068A04203D102F046
:109DF0005BF93DE003E0204600F0CCF938E040B1EB
:109E000001281AD0022835D02046BDE8FE4000F0D7
:109E10003FB8E08A0028EED02869A04209D1C06886
:109E2000286108E0C168A14202D1E168C16002E096
:109E300008460028F6D1E660DDE7144B012100BF9B
:109E400053F821002246006804E0C56F954200D116
:109E5000C667C0680028F8D1491C0429F0D3094816
:109E60001146143000F0D3FF21460220FEF7F4F92A
:109E70000020FEBD03482146183000F0C8FF2F70B7
:109E8000B9E70000000100204001002014D70008BD
:109E900070B50546007D0526032804D0042802D0AD
:109EA000072816D106E0284601F090FE040006D1EE
:109EB0002E7509E0284601F089FE040002D0601CDE
:109EC00009D004E009202875284600F033FD20461B
:109ED00070BD002070BD688B40F008006883F8E713
:109EE0002DE9F04704001E466FF00F0005D0002951
:109EF00003D0207D18B16FF00900BDE8F087086835
:109F000060602283207A10B1FEF772FA02E0201D11
:109F1000FDF796FA05006FF003010BD0206818B921
:109F2000281D07D000682060B4F81680B8F1000F33
:109F300002D005E00846E0E700F08AFCE08238B392
:109F4000204600F0B5FC4FF00009C4F824902065CD
:109F5000401E6064A065E06541F2D06060852085A8
:109F6000C4F82C90A4F860004FF406706086221D9F
:109F7000294600F081F860860127A4F84870022184
:109F80002046C4F8886000F086F8060003D022E07E
:109F90006FF00100B1E70220104D2075B8F1000FFD
:109FA00010D02869A04209D1C068286108E0C168C2
:109FB000A14202D1E168C16002E008460028F6D162
:109FC000C4F80C90A869E060AC6102F00FF82F7043
:109FD000204600F0AFFC30468FE700000001002073
:109FE0002DE9F0470746DDF820809A4691460D4658
:109FF0005FEAC87001D0042600E000260320FEF7C7
:10A0000059F9040013D084F80A804FF00008C4E91D
:10A01000008528891421801B20812846FEF783FAB9
:10A0200048B1204601F098FD0020BDE8F0872846A1
:10A03000FEF7E7FBF8E760684068E060F88AFDF744
:10A040008DFBE1680880388BFDF788FBE16848806C
:10A050005046FDF781FBE1684860B008000300F559
:10A06000A04040EA0900FDF779FBE1688881E168DA
:10A070002046A1F81280D8E700290BD0098D0029CD
:10A0800008D0282902D928398AB200E0002290425B
:10A0900000D310467047F8B5044600270D468807E0
:10A0A00000D50127F80701D0042100E000214FF47A
:10A0B00020723820FEF75EFA01004FF0FF360AD01A
:10A0C00000972A462046E36DFFF78AFF010002D081
:10A0D000E06E30B108E0608B40F080006083304675
:10A0E000F8BDE16604E010460268002AFBD1016079
:10A0F0000020A4F86800A80702D0E06D401CE065CD
:10A10000E80703D0608B40F0200060834868FEF7CA
:10A11000CDFA34F8661F084420800020F8BD0028DE
:10A1200001D0C0F89010704770B5194DA878401C48
:10A13000A870AC6928E0A17FA878814223D0A077DD
:10A14000608BC10709D040F002006083204600F018
:10A15000F1FB608B20F00300608380B2010705D51E
:10A1600020F0080060832046FFF792FEE668A06FAB
:10A1700038B100202870204601F038F828780028EF
:10A18000D7D1344600E0E468002CD4D170BD000083
:10A190000001002001460120FEF75EB82DE9F041E4
:10A1A0000C460746144E10E02546D5E90040FEF760
:10A1B0007DFAB7F86610081AA7F866002889318971
:10A1C00008443081284601F0C7FC8CB1E068406843
:10A1D000FDF7C2FA0546E0688089FDF7BFFA8007FF
:10A1E00000D00120218928440844B169081ADBD530
:10A1F0002046BDE8F08100002001002010B5044693
:10A20000406F002803D001F0B5FC0020606710BD4E
:10A210000849C888421CCA800A6912B18B889842D2
:10A2200003D2C9681431085C7047C01AC0B2105C10
:10A23000704700002001002010B5F7F773F90549B9
:10A24000096848400449C0F30D0000F5404088808B
:10A2500010BD0000E8F7FF1F000100202DE9FF5F9F
:10A26000EA4E05464068F060688914287ED3DFF81E
:10A27000A093D9F80010D9F81400FCF774FF002857
:10A2800074D199F81400C0F303100E286ED009F1B0
:10A29000140003900090031F2A8906212846019389
:10A2A000FDF7FEF80028EBD1F0688089FDF756FA3B
:10A2B000000B81001429D9D328898842D6D3A1F173
:10A2C000140080B270804FF0000AC6F810A06A89AE
:10A2D0008A4204D3B0802846FEF724FB17E01421FD
:10A2E0002846FEF71FFB6989B1807088401A84B246
:10A2F0002846FEF717FB28684189A142B6D341687A
:10A3000031612146FEF70EFB2889001B2881F06889
:10A310000088FDF723FA0146F06801804088FDF7C8
:10A320001DFA0146F06841804068FDF715FA0146C4
:10A33000F068416071618068FDF70EFA0146F068CF
:10A340008160B161C089FDF709FA0146F068C181F9
:10A350008089FDF703FA00F03F0030702989718190
:10A36000820706D04A1C92B2728100E07DE09142E1
:10A370007BD8DFF8A082D9F810E0D9F804B0D8F87B
:10A380000030F168D9F8147000221C4600974BE0A9
:10A39000277A3FB19BF834C00CF1010C0CF0FF0C94
:10A3A00067453FD1278BB1F800C067453AD1E78AAE
:10A3B000B1F802C0674535D1D4F804C0F44531D1B5
:10A3C000D4F800C0009FBC452CD122B1E768D7600B
:10A3D000E360C8F800404CB3DFF83C9257460007F2
:10A3E000C9F800A02B89A9F80830C9F80450C9F8A9
:10A3F0000C10C6F81CA086F801A0A6F808A003D58A
:10A40000687B40F001006873A06F78B3204600F0CD
:10A41000EDFE0D3003D0A06F40B3708930B3608D76
:10A42000F0B3CAE02246E468002CB1D17B48D9E9F8
:10A4300004280068D9F804401AE0037A2BB194F894
:10A4400034707F1CFFB2BB4211D1038B0F88BB421B
:10A450000DD1C38A4F88BB4209D14368934206D1CC
:10A460000368434503D101F0DBFDC8E031E0C0687B
:10A470000028E2D16A4F0022B2463868034618E04D
:10A48000067A3EB194F834C00CF1010C0CF0FF0CCC
:10A4900066450CD1C68AB1F802C0664507D100E016
:10A4A00013E00668464507D0002804D02EB10246C6
:10A4B000C0680028E4D18CE0F0B31AB1C168D16063
:10A4C000C360386000F006F999E0204601F05BFBBC
:10A4D00073E02046346200F0C9FC0D306DD0707816
:10A4E000354600070ED5D4F890201AB16FF00D0153
:10A4F000206990472146474800F089FC2046FFF735
:10A5000049FE5AE02A8942B1D4F8803023B121466D
:10A51000206998470D3050D02F81204600F082F8F6
:10A52000F0BBE86910B3A17EC90606D5FEF769F94C
:10A530002046FFF72DFA40E04BE0D4F884C0BCF190
:10A54000000F07D0D4F81080024600232146404671
:10A55000E04705E0002302462146184601F0B1F924
:10A5600010F10D0F29D008B1E869A067687880065E
:10A570001BD5A06F20B1417B41F02001417314E055
:10A58000208DA0F5B051D03901D0401C2085D4F8E1
:10A5900084C0BCF1000F08D000231A46214600E019
:10A5A0000BE02069E0470D3007D020462F6200F015
:10A5B00039F810B9204600F0BDF93762F761D9F8D3
:10A5C00004004C46002802D0FEF71BF96760BDE886
:10A5D000FF9F54468889FDF7C1F840070FD4E06813
:10A5E000039B018842880198CDE9000202916189AC
:10A5F00060694218D9F80400A16901F07AFA04B040
:10A600002846BDE8F05FFEF7FCB8000020010020FE
:10A610009856002018010020885600201C010020B8
:10A620001401002010B504460C484078C00612D52D
:10A63000A07EC00606D4D4F890201AB16FF00E01A7
:10A64000206990472146064800F0E1FB2046FFF7CD
:10A65000A1FD012010BD002010BD00002001002040
:10A660001801002070B50446006D0025401EFDF75E
:10A6700073F8034600222946204600F057FA0100ED
:10A6800006D02246231DBDE87040104600F098BA5F
:10A690004FF0FF3070BD000030B40D4B0446002178
:10A6A0000846DD689A6909E0137DA34205D1136A63
:10A6B000EB1A8B4201D319461046D268002AF3D117
:10A6C000002803D030BC0021FFF7F8B830BC704739
:10A6D00000010020FEB53D4D06462878410713D401
:10A6E0003B4FC10611D5E86807F1100207F11403CA
:10A6F000018840880092CDE90101698968694218A2
:10A700007868A96901F0F5F9FEBD8007FCD5707D78
:10A71000FFF742F9040048D078692060386960602A
:10A72000F08AE082E8680088208303202075686949
:10A73000401C6062E062204600F0BAF8A065206527
:10A740006064E0656869401E60653069E6672061A5
:10A75000707A00F00C006072307A20721D48016837
:10A76000E160046001F042FC1B49012008702046B2
:10A7700000F0CAFAE868C089A4F86000A4F8620092
:10A78000201DFCF75DFE0146608E221DFFF774FC64
:10A79000608612212046FFF77EFC88B103B0204678
:10A7A000BDE8F0400021FFF789B8B369002BABD0BA
:10A7B000306903B04FF0FF32BDE8F0400021184788
:10A7C0002046BDE8FE4000F0B5B8000020010020A2
:10A7D00098560020180100200001002070B50D4699
:10A7E00004001DD0206800281AD00E4E2046B16902
:10A7F00000F01AF82046316900F016F8002D0FD04D
:10A80000286800280CD006F11400026806E01068E1
:10A810002168884201D128681060D268002AF6D1E8
:10A8200070BD00000001002070B50546084609E033
:10A8300001682A68914204D1C468FFF7A9F820464C
:10A8400000E0C0680028F3D170BD4020FFF7A4B835
:10A85000F0B5154D154A00234FF6FF764FF44047EB
:10A860004FF4804E9088401C80B29080B04200D15E
:10A870009780B2F80440002055F8201009680AE0DB
:10A88000B1F816C0A44505D15B1C9BB27345E9D352
:10A890000020F0BDC9680029F2D1401CC0B20428D4
:10A8A000EAD3A0B2F0BD000014D7000800010020D8
:10A8B0000249D1E90202104488607047000100207B
:10A8C00070B50546C0680C468089FCF747FF184EF6
:10A8D000C00715D0204601F04DF9002425E08089FD
:10A8E000FCF73CFFC00707D00120FCF737FF01460B
:10A8F000E8688289114381812046246801F02CF99F
:10A900009CB1E06822897369416811442A891A441C
:10A91000511AE4D52A8940681A44821A05D5C01A0A
:10A9200081B229816868FDF7C9FF2C6070BD000005
:10A93000200100202DE9F05F04467B480068A0421A
:10A9400002D10020BDE8F09FB4F86010B4F84800D0
:10A95000814200D20846E56E81466DB12146221D36
:10A96000084601F08DF85FEA000A6FF003012ED06F
:10A9700054B1206840B10CE0A07E80077ED520460F
:10A98000BDE8F05F01F0FFB81AF104001FD00068C5
:10A990002060E8684068FCF7DFFE616C401A298996
:10A9A000421800204A4514D9B4F860204A45E3D142
:10A9B000216F0029E0D194F8A1100029DCD184F89E
:10A9C000A000012184F8A11084F8A200D4E7084671
:10A9D000B8E784F8A100266F83460EB990E00646DA
:10A9E00030680028FBD18AE0E8688089FCF7B6FE71
:10A9F000206FA8B1618B11F0440F11D1E06E28B126
:10AA000002686AB90089628E904209D2B4F8640083
:10AA100030B1B4F86600102802D211F0A00F7AD03D
:10AA2000207D022807D01020FCF798FE0146E86838
:10AA300082891143818152462146284600F0FEF862
:10AA400020B1618B41F0800161837BE72868E0667B
:10AA5000207D022803D0608B20F003006083E8682B
:10AA60004068FCF779FE0746E8688089FCF776FEC7
:10AA7000800700D001203844298900E04FE00844D5
:10AA8000216D091A00D52065E8688089FCF766FE0B
:10AA9000800700D001202989C8422CD0C5F800B019
:10AAA000206F68B1E8684068FCF756FE0746F0681A
:10AAB0004068FCF751FE381A1AD504F1700003E023
:10AAC000256716E0D8F800008046006850B1C068DD
:10AAD0004068FCF741FE0746E8684068FCF73CFE2A
:10AAE000381AEFD4D8F800002860C8F8005005E004
:10AAF00035602E4602E0284601F02EF8E56E55B18D
:10AB0000E8684068FCF728FE616C401A2989014416
:10AB100049457FF669AFE06E08B9A4F868B0608B6C
:10AB200020F0800060830CE7400100202DE9FF4108
:10AB30000446478D058BC08A10268DE8E100606AC7
:10AB400000F009F8002803D0628D616A1144E162C7
:10AB500004B0BDE8F0812DE9F05F834688180E4609
:10AB6000DDE90B98143081B21F464FF42072242087
:10AB7000DDF828A0FDF7FEFC05001ED050466C68ED
:10AB8000FCF7ECFD20804846FCF7E8FD608067603C
:10AB90005846FCF7E1FDA060B008000300F5A040B6
:10ABA00080B240EA0800FCF7D9FDA0810D98FCF7BF
:10ABB000D5FDE0810020208260822846BDE8F09F1C
:10ABC000F8B515460E461C4607461A46294600F0BB
:10ABD00057FF38B1009023462A463146384600F0E8
:10ABE00007F8F8BD3046FDF70CFE6FF00300F8BD26
:10ABF0002DE9FE434F68DDF82880914600930D460D
:10AC00001E4604460A894B4606212846FCF748FCA6
:10AC1000388214B1E37AA07A01E0402300200622B2
:10AC20008DE80501324649462846FCF791FB04466B
:10AC30002846FDF7E6FD2046BDE8FE83FEB5164634
:10AC40000C46054600F058F808B10020FEBD606AC9
:10AC5000FCF782FDE9688860608DFCF77FFDE9689C
:10AC6000C881618D606A0844E062EF68A87A143791
:10AC7000C0070AD0221D314640F2B450FFF7FCF95C
:10AC800040F00170FCF768FD3860B4F9300000272F
:10AC9000002800DA2786606B38B9164800686063C0
:10ACA000E8684068FCF758FDA0636968A8892346F6
:10ACB0008A88801A4A89121A4A8169680A89101A90
:10ACC00008816968E8684860E86806210782201DF5
:10ACD000009068680289FCF7E3FBE968221D08829E
:10ACE000A07A06218DE84300E37A21466868FCF7E4
:10ACF0002FFBFEBD0C0100204068807B012801D0A5
:10AD000001207047002070472DE9F0411A4C06469B
:10AD10006088002818D00020E08040F2B4550FE091
:10AD2000FFF776FA00280FD0012809D002280DD0AD
:10AD3000FFF76EFA022807D3E1880844801EE080FE
:10AD4000E08861888842EBD3BDE8F081FFF760FAC4
:10AD50000428F9D1E0886188801C8842F4D8FFF784
:10AD600057FA0702FFF754FA3843A84200D800B94F
:10AD700028467086E4E70000200100202DE9F0411C
:10AD80001D46DDE90637089E0C4691420FD2BF07EB
:10AD900007D49F7E7F060AD41EB1DE6E0EB91B6FEC
:10ADA0002BB104F2B4518A4200D2114689B24FF459
:10ADB0002072FDF7DFFB002804D04189091B2980A0
:10ADC00004814481BDE8F08170B504001ED0207D6F
:10ADD00000281BD00A2819D0012817D0A06F002501
:10ADE00010B1FDF70EFDA567606F10B12046FFF7AB
:10ADF00005FA4FF0FF302086E06E00F0BBFE206FBA
:10AE000000F0B8FEE5662567A4F8685070BD70B51F
:10AE10000C4601460068A04209D1C068086008E0FD
:10AE2000C168A14202D1E168C16002E00846002881
:10AE3000F6D100252046E560FFF7C6FF207D0A28F1
:10AE40000AD0012808D0608BC10705D040F002006D
:10AE500060832046FFF76EFD2575E58270BD0028F2
:10AE600002D0C0F88C104277704700002DE9FE4FE9
:10AE7000D84D04462878410721D5207D02280ED0E0
:10AE8000616A686981420ED0421A07D4228D11444A
:10AE9000081AFAD4608B40F00200608397E1206DBD
:10AEA000A9698842FAD1687840F008006870608B20
:10AEB00020F0010060836FF00D00BDE8FE8F800779
:10AEC00004D5207D022801D00328E3D1A07EC0064E
:10AED00002D4C148006820624FF0000A84F8A3A0A1
:10AEE00084F8A2A02046FFF70FFF2A78900704D528
:10AEF000207D022801D00328D0D1B84B94F814C08B
:10AF000003F110000421DFF8D8B2B64FB64E143367
:10AF1000ACF1020C4FF00109BCF1080FBED2DFE822
:10AF20000CF00473CBCFF5CBF4F3D606B6D592076D
:10AF300054D5626CAE69521CB2424FD16869421C52
:10AF400062626664E262EA68401ED289A4F8602008
:10AF5000A4F8622060652175201DFCF771FA014696
:10AF6000608E221DFFF788F841F21C116086B1EB5C
:10AF7000400F01D2420000E00A46B2EB800F01D937
:10AF8000810003E0B1EB400F00D24100A4F848106B
:10AF9000B4F86600401EA4F86600206FB0B10168E6
:10AFA000C4F8701000F0D8FD206F98B1A4F830A05C
:10AFB00084F842A0D4F88830002B3FF46BAF002215
:10AFC0002146206998470D3042D063E7E06E016862
:10AFD000E166E7E74FF0FF302086EBE7E9680A8893
:10AFE00049888DE807006989686942182046A9697F
:10AFF00000F04EFD94F8420006288FD2A4F830A04D
:10B00000204600F0F5FCE2E0960708D5606A696921
:10B01000401E884202D1204600F089FCD7E0D206CB
:10B0200049D5626CAE69B21A012A38D4226D921BDE
:10B0300035D42175E06F40B1836933B100222146D8
:10B040002069984738B10D3002D02046FEF7A0FCA9
:10B050006FF00C0031E7204600F004F9288908B1B0
:10B06000401E2881618E41F21C10B0EB410F01D2CD
:10B070004A0000E00246B2EB810F01D9880003E0EC
:10B08000B0EB410F00D24800A4F848006878800671
:10B0900011D5608B40F00200608307204AE0E96828
:10B0A0000A8849888DE8070069896869421831462D
:10B0B000204600F0EDFC8AE0204600F0D3F8E5E7FA
:10B0C000204600F0CFF86878800628784FEAC06004
:10B0D00027D5002805DA206DA969884201D1E06EE4
:10B0E00028B1608B40F002006083082022E0608B72
:10B0F00040F0020060832046FFF766FE3068A04201
:10B100000CD1C068306048E051E02DE014E0C16827
:10B11000A14202D1E168C1603FE008460028F6D1B3
:10B120003BE0002853DA206DA96988424FD1E06ED8
:10B13000E0BB062020754AE0204600F093F86878CE
:10B14000800644D5608B40F0020060832046FFF704
:10B150003BFE3068A042D4D003E0C168A142D9D000
:10B1600008460028F9D118E0204600F07BF828783E
:10B17000C0062CD5206DA969884228D1E06EA8B9F7
:10B180002046FFF721FE3068A042BAD003E0C16834
:10B19000A142BFD008460028F9D18BF800900A20C0
:10B1A00020753868E0603C6000F020FF0FE020462A
:10B1B00000F058F82878C00609D5206DA9698842A2
:10B1C00005D1E06E18B9687840F010006870002072
:10B1D00073E60000200100200C010020985600209A
:10B1E000000100201C010020180100202DE9F04181
:10B1F00004000CD0A56F00206E7BA067D4F884708B
:10B200004FB100232A4621462069B84709E06FF074
:10B210000F00BDE8F08100232A462146184600F0C1
:10B2200050FB6FF00C0728B10D3018D06FF0040000
:10B23000A567EEE7B00610D5208DA0F5B051D03946
:10B2400001D0401C2085D4F8845035B100231A4623
:10B2500021462069A8470D3001D00020D9E73846A3
:10B26000D7E700002DE9F047F74D04464FF0000600
:10B270002878C0067ED52846B4F860C0A36D676DF7
:10B280006A69C16880690CEB0309B7EB020808D44E
:10B29000974201D11F1A04D483420DD1CB89634553
:10B2A0000AD9C989A4F86010B4F862308B4201D27F
:10B2B000A4F86210C4E91520626C4FF6FF71131AEE
:10B2C0002CD46B89002B28D1B4F86070A36D1F4477
:10B2D0004F4522D1B4F93030002B1EDB82421CD105
:10B2E00094F84300421CD2B2824201D984F8432030
:10B2F00094F8430003280CD9B4F84800628E024445
:10B3000092B2824202D3A4F8482003E0A4F8481085
:10B3100000E002D3204600F03DFB8AE0821A012AB9
:10B3200076D4236D1B1A73D4678B7B0708D527F05F
:10B3300004036383B4F84A30A4F84830A4F86A6080
:10B3400084F84260E38FB4F93C7092B203EBE703F8
:10B35000A4F8403084F843606064207D042831D331
:10B36000B4F84800B4F84A30984217D2638B1B05F2
:10B3700003D500E07DE0012300E00223678E5F43F8
:10B38000BBB2934200D81A46024492B2824202D320
:10B39000A4F8482016E0A4F8481013E0B4F86A3086
:10B3A0001A4492B29A4202D3A4F86A2001E0A4F8A7
:10B3B0006A10B4F86A20824204D3121AA4F86A20F0
:10B3C000628EE1E7D4E91B31A0A22046FEF7E6FE3B
:10B3D000206703469FA22046E16EFEF7DFFEE0668F
:10B3E000216F19B12686267720B105E04FF0FF3294
:10B3F0002286F8E7A4F86860B4F864202B891A4420
:10B40000A4F86420628B120513D511B1C86802E05C
:10B410000CE030B1C0684068FCF79EF9E16C401A5E
:10B4200007D4608B20F40060608302E0204600F0C7
:10B43000AAFB606BE8B1A16BAA69891A19D5874983
:10B440000988081AB4F93C10A0EBE10000B20144ED
:10B4500009B2A187002801DA404200B2B4F93E20C7
:10B46000A0EBA2001044E08700EBE100A4F840004C
:10B4700066636B89002B7DD0207D07287AD2606AB5
:10B480006A69774F811A01291ED413441B1A012BB4
:10B490001AD43A8989B27868521A3A810289521AC2
:10B4A00092B204E002814681C91A006889B24389D8
:10B4B0008B42F7D3FDF736FA606A6861F968486035
:10B4C000616A401A07D5E2E1101A04D5608B40F09A
:10B4D00002006083DBE1208D616A0A186869121A34
:10B4E000012AF0D4A846814273D1F8688089FCF71C
:10B4F00035F9800701D0012100E000213889B946E3
:10B50000084480B2A8F80A00218D4546814230D215
:10B51000D9F80C004F468089FCF720F9C0070FD0FE
:10B52000F8688089FCF71AF9C0F344004000FCF782
:10B5300015F90146F868828922F47C521143818111
:10B54000208D3881F8688089FCF708F9800702D5DA
:10B550003889401E388139897868FDF7AFF9F86875
:10B560008089FCF7FBF8800700D001203989084466
:10B57000688100E090E1606F60B3D9F80C008089C9
:10B58000FCF7ECF8C00704D107E00168616700F040
:10B59000E3FA606F0028F8D16BE0676F24E08089E0
:10B5A000FCF7DCF8C0071BD0D9F80C008089FCF749
:10B5B000D5F8800714D40120FCF7D0F8D9F80C1086
:10B5C0008A8910438881FCF7C9F8800703D00121DC
:10B5D00002E0BAE04DE00021B9F8080008446881B3
:10B5E00038463F6800F0B8FA6FB3F86839896B895C
:10B5F000426811446A691A44511AD0D56969406891
:10B600009AB20A44821A33D5411AA9F80810D9F817
:10B610000C00A8468089FCF7A1F8800704D5B9F88A
:10B620000810491EA9F80810B9F80810D9F8040044
:10B63000FDF744F9D9F80C008089FCF78FF88007F2
:10B6400010D001210FE013E020010020756E61632E
:10B650006B656400756E73656E7400000C010020EC
:10B66000885600200021B9F808000844A8F80A000C
:10B6700067676889696901446162218D081A2085BC
:10B68000204600F019FDD9F8041048460A890AB18D
:10B69000E9614660D9F80C008089FCF75FF8C007C3
:10B6A00041D0687840F0200068703CE06A61888989
:10B6B000FCF754F8800700D001203A89616A1144F0
:10B6C00008446062F8688089FCF748F8F868808967
:10B6D000FCF744F8800700D0012039890844218D07
:10B6E000081A2085204600F0E7FC7968088930B107
:10B6F000E86910B1FCF7BDFF00E0E9617E60F86821
:10B700008089FCF72BF8C00708D0687840F020004B
:10B710006870207D042801D1072020753868606793
:10B72000384600F019FA676F27B1F968606A4A680D
:10B730008242BBD0608BC10702D020F00100B6E08E
:10B7400040F001006083BDE8F087656F95B1002689
:10B75000E9684968814212D13889298988422FD9FC
:10B76000286868B3534800F0E3F948B37EB330600B
:10B77000294623E04F4800F0DBF9606787E006B315
:10B78000F2685268821A012A23D40A1A012A20D4A4
:10B79000484800F0CDF9070079D0F0684168308959
:10B7A0000A18D8F81400821A05D5401A81B23181DE
:10B7B0007068FDF783F8294638463760FFF780F850
:10B7C00065E0421A05D53B4800F0B2F9E8B360677E
:10B7D000CEE72A682E46CABB091A55D5E868808983
:10B7E000FBF7BCFFC00752D1324800F0A1F9286036
:10B7F00058B3E8682989464640684218D8F81410BA
:10B800008A1A05D5081A81B229816868FDF756F8A9
:10B81000218D606A7269084471891144401A36D5D5
:10B820002868C0688089FBF799FFC00713D0286893
:10B83000C0688089FBF792FFC0F344004000FBF72B
:10B840008DFF2968C9688A8901E020E01CE022F4A4
:10B850007C5210438881A08C218D0844B18A401A03
:10B8600081B22868018128684068FDF727F82868B8
:10B87000C0688089FBF772FF800700D0012029682B
:10B8800009890844708102E015007FF461AF204609
:10B89000BDE8F04700F077B9616A6869421A05D4DB
:10B8A000228D1144081A01287FF54DAF608B40F0BE
:10B8B000020047E788560020002801D0C0F8841015
:10B8C000704710B51446080007D04CB1218900F02C
:10B8D0000EF82046FCF795FF03E06FF00F0010BD57
:10B8E0000BB1002010BDBDE81040FEF73DBA10B509
:10B8F00004001BD0228D501880B241F2D0618842E2
:10B9000001D8824201D9218500E02085204600F03F
:10B91000D3FB40F2B451884208D3608B40F0020060
:10B9200060832046BDE81040FFF704B810BD2DE944
:10B93000F041056F04466FF005061DB12846FFF77C
:10B94000DBF910B13046BDE8F081286804F16C06DF
:10B95000206700E03668306850B1C0684068FBF787
:10B96000FBFE0746E8684068FBF7F6FE381AF1D49C
:10B970003068286035602868002108B9A4F868108C
:10B9800094F84200FF2802D2401C84F842000020B4
:10B990006163D8E710B50446006F002827D0A07E69
:10B9A000400724D42046FFF7C2FF00281FD1B4F877
:10B9B0004810B4F86000814200D208464108A4F85B
:10B9C0004A10608EB1EB400F05D24FF6FF7101EACD
:10B9D0004001A4F84A1089B200EB40000844A4F8E2
:10B9E0004800608B40F0040060830020208610BD7A
:10B9F00010B5044600F011F8002804D12046BDE837
:10BA0000104000F001B810BD90F84210FF2902D29A
:10BA1000491C80F84210FEF78DBF2DE9F041056FFB
:10BA200004466FF005065DB103E0FFF765F938B92C
:10BA30002D68286800282846F7D1FFF75DF910B176
:10BA40003046BDE8F081E06E28600026206FC4E932
:10BA50001B06608B40F400606083E8684068FBF779
:10BA60007BFE0746E8688089FBF778FE800700D0F8
:10BA700001202989384408446663E0640020E0E737
:10BA800018B1007A08B1FCF7B3BC1046FBF7D8BC7C
:10BA9000FEB51D460646DDE90930089C0094CDE957
:10BAA00001302B46304600F00BF8010007D003B000
:10BAB00023462A463046BDE8F040FFF781B8FEBD78
:10BAC0002DE9FF411546DDE90B78084600244DF2CB
:10BAD0001606FBF741FE1421CDE90216CDE90078E8
:10BAE0000346002221462846FFF735F804B0BDE89A
:10BAF000F081FEB51E460400DDE90930089D0ED038
:10BB00000095CDE9013033460020FFF7D9FF010051
:10BB100005D02B46324600200094FFF769F8FEBDA1
:10BB20000248002141808180704700001C000020F5
:10BB300070B505460320FCF7BDFB04000AD004CD18
:10BB400095E80B0004C484E80B00241FFCF7DDFE1D
:10BB5000204670BD002070BD10B5040009D060689B
:10BB600008B1FCF74EFE2146BDE810400320FCF76B
:10BB700073BB10BD10B503E00468FFF7EDFF20466E
:10BB80000028F9D110BD70B504460025006DFBF703
:10BB9000E3FD0346002229462046FEF7C7FF0100C9
:10BBA00009D02246231D1046FFF70AF8618B48B1E1
:10BBB00041F0030108E0608B40F0030060836FF008
:10BBC000010070BD21F00301618370BD70B5C46ECA
:10BBD00005460CB909E0044620680028FBD1E0685E
:10BBE0008089FBF7BBFD400705D02846BDE87040C3
:10BBF0000121FEF750BA0120FBF7B0FDE1688A8908
:10BC000010438881688B40F020006883002070BD5D
:10BC10002DE9FE4FAC4D47F6FF7B4FF4FA78E8680C
:10BC20004FF00009401CE860A878401CA87000276D
:10BC3000AC692BE1A17FA878814202D12746E46854
:10BC400024E1A0770026207DB246022805D194F891
:10BC50004200062801D3012688E094F842000C280F
:10BC600006D294F8A10058B394F8A2100C2901D37D
:10BC700001266FE09549415C94F8A000884202D209
:10BC8000401C84F8A000C0B2884263D3B4F86010AE
:10BC9000204619B100F01EF920B107E000F0CCFBFE
:10BCA000E8BB03E02046FEF745FEC0B384F8A09051
:10BCB00094F8A10007284DD2401C84F8A10049E067
:10BCC000B4F93000584501D2401C2086B4F9300048
:10BCD000B4F9401088423DDB2046FFF79EFE18B1C4
:10BCE000206FE0B9E06ED0B1207D022813D094F827
:10BCF00042000C2800D30C20B4F93E10B4F93C20CB
:10BD000001EBE201724A105C81405846814200DA40
:10BD10000846A4F840004846A4F8309000E019E036
:10BD2000B4F84820B4F860108A4200D211464A089C
:10BD3000A4F84A20618E4FF6FF7303EA41039A424A
:10BD400001D2A4F84A30A4F84810A4F86A002046AA
:10BD5000FFF75AFE207D062808D1A07EC00605D533
:10BD6000206AE968081A282800D9761C607A00073A
:10BD700026D5207D042801D0072821D1D4E9250C1F
:10BD8000D4F89C10226A01FB0C01B1FBF8F1EB68BE
:10BD90009A1A914203D24FF0010A761C10E094F8EF
:10BDA000A31001FB0C00B0FBF8F0904208D2204633
:10BDB000FEF758FC20B994F8A300401C84F8A300B7
:10BDC000606F60B1216AE868411AB4F9400000EB85
:10BDD0004000B1EB400F02D32046FEF70FFA207D62
:10BDE000032802D0092807D00BE0206AE968081A66
:10BDF000282806D9761C04E0206AE968081AF02889
:10BE0000F8D84EB32046D4F89060FEF7DDFFE06826
:10BE10000FB1F86000E0A861BAF1000F0AD0228BE0
:10BE2000E18A201D8DE8070023461846626A216DCD
:10BE3000FFF72EFE2046D4F810A0E468FEF7AAF91A
:10BE400085F8009016B36FF00C015046B047287883
:10BE500000287FF4ECAE19E02746E468387F401CE8
:10BE6000C0B23877797F884210D387F81C9085F864
:10BE70000090D7F88C2032B139463869904729783C
:10BE80000029E6D110B93846FEF754FD002C7FF4A6
:10BE9000D1AE0026EC6913E0206AE968081AF028A0
:10BEA00006D92046FEF790FFE06826B1F06003E077
:10BEB0002646E46804E0E8612046E468FEF76AF993
:10BEC000002CE9D1BDE8FE8F00010020CFD600088C
:10BED00004D700082DE9F84FC46E0F460546002C24
:10BEE0007DD04FB12089B84277D994F80AB05FEA83
:10BEF000CB7105D0042604E06FF00500BDE8F88F93
:10BF00000026C01B1FFA80F808EB060081B24FF430
:10BF100020723820FCF72EFB5FEA000A63D06068CD
:10BF200022890189891A39448BB2DAF80410424611
:10BF30003144FCF7DBFB404552D1E0688089FBF7D8
:10BF40000DFC00F03F064FF00009300703D526F046
:10BF500008064FF00809F00703D026F0010649F063
:10BF60000109E0684068FBF7F7FBC3194A465146F0
:10BF70002846CDF800B0FEF733F8070033D06068EC
:10BF8000FCF794FB35F8661F081A28806068028960
:10BF9000A2EB080189B2FCF791FC2189A1EB080012
:10BFA00020813046FBF7DAFBE1688A8910438881FB
:10BFB0006068FCF77BFB2988084428807868FCF7D8
:10BFC00075FB2988084425F86609206838602760D1
:10BFD000386810B90020A5F8680000208EE702E05C
:10BFE0005046FCF70EFC4FF0FF3087E708488168A9
:10BFF00000290CD10749084A09681268114306D084
:10C000000121816000220549FA20FDF70DBC70472F
:10C01000F4000020180100201C010020D9C40008F1
:10C02000FEB516490B785A0717D40A469C07528961
:10C0300014D5446A4B691D1B15D4058D2C44E41A94
:10C0400011D4CC680E4E1A44258864880096CDE938
:10C050000145331D8969FFF71BFDFEBDD90702D0DD
:10C06000084909680162002AF7D0418B41F00201BA
:10C070004183BDE8FE40FEF75DBC000020010020CA
:10C08000A85600200C01002010B5FEF74DF8054819
:10C090004178491C4170C80703D0BDE81040FFF744
:10C0A000B7BD10BD000100200248417841F01001E9
:10C0B000417070472001002070B5048D456A428EA2
:10C0C0002B1940F66836C16AB24200D932460A449A
:10C0D0009A1A02D44485581A70BD491B00D5002114
:10C0E0004185002070BD00002DE9FF4F4FF0000B8F
:10C0F00093B01746CDF838B004005D46CDF834B0A3
:10C100005E46CDF824B0CDF844B0ADF828B0D8469E
:10C11000DA466FF00F021BD0608EB4F86210B0EBFD
:10C12000510F01D2014600E0490801B108460690CE
:10C13000149868B1207D04280CD007280AD0022862
:10C1400008D0032806D06FF00A0017B0BDE8F08FC2
:10C150001046FAE767B1B4F86410B94203D3B4F8F3
:10C160006600102804D3608B40F08000608360E19B
:10C17000B4F8669000200790E06E002877D005465E
:10C1800000680028FBD1A87AC00700D004202B89C2
:10C1900019180698401A82B2B4F86800ADF8280061
:10C1A000C8B10D95B84201D2014600E0394691422E
:10C1B00001D9114604E0B84201D2014600E03946F7
:10C1C0008846A0EB0800ADF8280006EB0801A2EBBA
:10C1D00008008EB282B2BE4249D2002A47D0002B5C
:10C1E00045D0B81B904200DD104680B2CDE90C0569
:10C1F0001698C00715D0012116980094CDE90101C9
:10C200000AAB00200C99FEF7B9FD5FEA000B7CD069
:10C2100014980C9A8119DBF80400F3F7F8FF5846DC
:10C220001EE0686800E0084601680029FBD1017B38
:10C23000890908D14168408901441498814202D19A
:10C24000DDF830A011E0012200200C99FCF792F9F2
:10C250005FEA000BDBD0149881195846CBF8041024
:10C26000FCF724FA48441FFA80F90C9866E067E06E
:10C27000B81B81B2DDE90620101A80B2814200D2DB
:10C28000084603901698C0071DD00998C8B1002130
:10C2900016980094CDE90101039907980AAB084468
:10C2A00081B23820FEF76AFD019000282DD0149845
:10C2B00081190198426807981044039AF3F7A7FF81
:10C2C00018E00121E4E7012238200399FCF752F934
:10C2D0000090002819D014984FF42072811900980A
:10C2E000416038200799FCF745F9019088B1009921
:10C2F000FCF7BFF90198FCF7D9F948441FFA80F917
:10C30000B9F1100F07D9019800E04BE0FCF779FA7A
:10C3100082E00098F8E711980090E06D0022831900
:10C3200020460199FDF75CFE0D90D8B3099870B1D5
:10C33000DDE90D0108600D980E900398304486B237
:10C34000BE4295D3B8F1000F1CD06E6814E00D9872
:10C350000990F0E7318901EB08003081306850B96D
:10C3600071897068424608441499F3F750FF718947
:10C3700001EB080070813668002EEBD1298901EBB2
:10C3800008002881BDF82800A4F86800BBF1000F60
:10C3900009D059466868FCF76CF92989BBF8080090
:10C3A000084418E038E0BAF1000F15D0686804E0DE
:10C3B000038903EB0A020281084601680029F7D1CC
:10C3C000028902EB0A010181428902EB0A014181E3
:10C3D000298901EB0A0028810998DDB1C5F8000020
:10C3E00054F85C0F384420602089C01B2081A4F8D9
:10C3F0000A900D9860B1C06850B11698800707D4B4
:10C400000820FBF7ABF90D99C9688A891043888128
:10C4100000209AE6E066E3E7608B40F080006083EE
:10C42000BBF1000001D0FCF7ECF9099808B1FFF767
:10C43000A1FB4FF0FF3088E62DE9F041C56E0446C0
:10C44000002635B394F8A200FF2802D2401C84F8DD
:10C45000A200E8688089FBF781F9C00701D028892C
:10C46000D0B100270122E868314643682046FEF734
:10C470005DFB060013D0716888469FB11120FBF761
:10C480006DF9B8F80C1021F47C510843A8F80C00A1
:10C4900011E00020BDE8F08101270022E3E74FF022
:10C4A000FF30F7E768682B8914310289D21A93B2FA
:10C4B0000122FCF71BF9E8684068FBF74DF9216D94
:10C4C000401C091A00D520652246231D3146BDE8CF
:10C4D000F0411046FEF774BB10B5FFF7D5FD0848D4
:10C4E000084900680968084306D00022BDE81040EA
:10C4F0000549FA20FDF798B904490020886010BD6D
:10C50000180100201C010020D9C40008F4000020FC
:10C51000016000210171704770B505000FD02868D7
:10C5200068B148246100142301222868F5F7D6F881
:10C5300038B1641CE4B24F2CF4D9002028710020DB
:10C5400070BD2C71012070BD7FB50C4680B10568AF
:10C5500075B1007960B15CB11423022203A98DE8A2
:10C560000E004100012300222846F5F72BFA10B1F6
:10C57000002004B070BDBDF80C0040BA00090105F0
:10C5800001D5A0F5805040F2712148434FF064017D
:10C5900001D4323000E0323890FBF1F020800120ED
:10C5A000E7E7000038B50C4605005BD02868002896
:10C5B00058D04FF47A70844202D34000844200D9AC
:10C5C000044600220121284600F0A4FFF0B3022017
:10C5D000F4F76EFC284600F0FFF80520F4F768FC3D
:10C5E0001B220221284600F095FF80B30022EC2197
:10C5F000284600F0D3FF58B31022E421284600F06B
:10C6000089FF30B36E48FAF7ABFB02463321284668
:10C6100000F0C4FF80B34FF07A50FAF7A1FB024656
:10C620002921284600F0BAFF38B30220F4F740FC75
:10C630002046F3F7FEFF6349F3F7B9FE01466A4669
:10C640002846FAF7F1FB00287ED003E00CE00DE06D
:10C650000EE00FE0BDF800202121284600F09EFFEB
:10C6600080B11DE0002038BD012038BD022038BD5A
:10C67000032038BD042038BD00E001E00520FAE7C2
:10C680000620F8E7284600F0A7F80A20F4F710FC87
:10C69000BDF800202121284600F080FF00287DD031
:10C6A0006A464FF080412846FAF7BEFB002877D053
:10C6B000BDF800202421284600F070FF00286FD02C
:10C6C0006A464FF07E512846FAF7AEFBE8B3BDF854
:10C6D00000202B21284600F061FFB0B36A463A499A
:10C6E0002846FAF7A1FB88B3BDF800204021284670
:10C6F00000F054FF50B36A4634492846FAF794FBD9
:10C70000F0B3BDF800204221284600F047FFB8B33F
:10C710006A462F492846FAF787FB90B3BDF80020F8
:10C720002521284600F03AFF58B32A4C6A46214694
:10C730002846FAF779FB30B3BDF8002026212846B9
:10C7400000F02CFFF8B102E028E02BE02CE06A4674
:10C7500021462846FAF768FB70B3BDF80020432154
:10C76000284600F01BFF38B36A464FF07D5128463B
:10C77000FAF75AFB10B3BDF800204421284603E025
:10C7800014E015E00CE015E000F008FFB0B1284619
:10C7900000F022F81420F4F78BFB63E707206AE728
:10C7A000082068E7092066E70A2064E70B2062E7B3
:10C7B0000C2060E70D205EE70E205CE70F205AE7B3
:10C7C0000080224400007A440000A03FE17A943FB8
:10C7D000CDCC8C3F6666663F1CB503218DF80410F6
:10C7E00058B104684CB1192100910079012341002E
:10C7F00001AA2046F5F736F808B100201CBD01203B
:10C800001CBD016024210171704710B548B1046856
:10C810003CB100791923410002222046F4F75EFF63
:10C8200008B1002010BD012010BD002801D0FCF788
:10C8300087BC70472DE9F04186B00D4604004AD010
:10C84000EDB302AA0121FCF77BFCC0B36A462021AC
:10C850002046FCF775FC90B301AA8B212046FCF71B
:10C860008BFC60B303AA8C212046FCF785FC30B317
:10C8700004AA8D212046FCF77FFC00B305AA79218C
:10C880002046FCF779FCD0B14FF47A784446424612
:10C890009DF80010BDF80400FCF74DFF0646214648
:10C8A000BDF80C00FCF72AFF07466421BDF8100014
:10C8B000FCF724FF0446002F00DA002700E00AE01E
:10C8C000B6F5803F01D34FF6FF76B4F5004F06DB97
:10C8D00047F6FF7407E0002006B0BDE8F08110487D
:10C8E000844200DA044614212846F3F7B7FCA6FB7D
:10C8F00007014FF4FA7280182E806F6041F1000139
:10C9000042460023F3F742FCA860AC81BDF8140056
:10C91000E8819DF80800C00928740120DCE70000C8
:10C920000080FFFF7CB514460E4605001DD0E4B123
:10C930006A462021FCF704FC002815D001AA3146E4
:10C940002846FCF719FC00280ED04FF47A729DF8A7
:10C950000010BDF80400FCF7EEFEB0F5803F01D3F7
:10C960004FF6FF70208001207CBD00207CBD20B1EF
:10C9700019B10A462121FFF7D5BF002070470028D2
:10C9800001D0FCF7F9BB7047F8B50C00054601D0A3
:10C99000802600E00026D5B12868C0B16CB1002225
:10C9A0000121284600F0B6FD0A20F4F781FA284656
:10C9B000FFF712FF0A20F4F77BFA324601212846DE
:10C9C00000F0A8FD002803D01CB1322002E00020B6
:10C9D000F8BD1420F4F76CFA6A4601212846FCF7EA
:10C9E000AFFB0028F4D034B15FF000009DF80010D8
:10C9F00080EAD110F8BD0120F8E7000038B50C46F8
:10CA0000050006D0286820B1A4F57A70B0F57A7FC9
:10CA100001D9002038BD6A464FF080412846FAF718
:10CA200003FA28B1BDF800202421284600F0B6FD05
:10CA30006A4622492846FAF7F7F90028EAD0BDF8F5
:10CA400000204021284600F0A9FD0028E2D0204621
:10CA5000F3F7EFFD1A49F3F7AAFC01466A462846A8
:10CA6000FAF7E2F90028D5D0BDF8002021212846A8
:10CA700000F094FD0028CDD06A4612492846FAF706
:10CA8000D3F90028C6D0BDF800204321284600F085
:10CA900085FD0028BED06A464FF07D512846FAF742
:10CAA000C3F90028B6D0BDF800204421284600F084
:10CAB00075FD0028AED0012038BD00000000A03F69
:10CAC00000007A446666663F2DE9F0478CB0044664
:10CAD00000208DF800008DF80C008DF810008DF806
:10CAE00014008DF804008DF808006A467A21B448D5
:10CAF000FFF79BFE804603AA7B21B148FFF795FE16
:10CB0000074604AA7C21AE48FFF78FFE064605AA19
:10CB10007D21AB48FFF789FE814601AA7E21A84806
:10CB2000FFF783FE824602AA8021A548FFF77DFE1B
:10CB300005462146A3A0F6F7C3FC200402D5A8A011
:10CB4000F6F7BEFC600402D5A7A0F6F7B9FCA00476
:10CB500002D5A8A0F6F7B4FCE00402D5A7A0F6F72A
:10CB6000AFFC200502D5A7A0F6F7AAFCA00502D5C8
:10CB7000ABA0F6F7A5FC200602D5ABA0F6F7A0FC0B
:10CB8000600602D5AAA0F6F79BFCA00602D5AAA0D3
:10CB9000F6F796FCE00602D5AAA0F6F791FC20076E
:10CBA00002D5ABA0F6F78CFC600702D5AAA0F6F779
:10CBB00087FCA00702D5ACA0F6F782FCE00702D004
:10CBC000ABA0F6F77DFCADA0F6F77AFCB8F1000F4C
:10CBD00033D09DF8001000292FD0A9A0F6F770FCE3
:10CBE0009DF80000000602D5ACA0F6F769FC9DF8A0
:10CBF0000000400602D5ADA0F6F762FC9DF80000EB
:10CC0000800602D5ADA0F6F75BFC9DF80000C006DB
:10CC100002D5AEA0F6F754FC9DF80000000702D53F
:10CC2000AEA0F6F74DFC9DF80000400702D5AFA07E
:10CC3000F6F746FC91A0F6F743FCEFB19DF80C1017
:10CC4000D1B1ADA0F6F73CFC9DF80C00000602D572
:10CC5000B0A0F6F735FC9DF80C00800602D5B0A018
:10CC6000F6F72EFC9DF80C00C00602D5AFA0F6F733
:10CC700027FC82A0F6F724FCEEB19DF81010D1B18C
:10CC8000ADA0F6F71DFC9DF81000000602D5B1A07E
:10CC9000F6F716FC9DF81000800602D5B1A0F6F755
:10CCA0000FFC9DF81000000702D5B2A0F6F708FCB3
:10CCB00072A0F6F705FCB9F1000F16D09DF814101C
:10CCC00099B1B0A0F6F7FCFB9DF81400000602D560
:10CCD000B5A0F6F7F5FB9DF81400400602D5B5A007
:10CCE000F6F7EEFB65A0F6F7EBFB5DB39DF80810D9
:10CCF00041B3B3A0F6F7E4FB9DF80800000602D5A7
:10CD0000B8A0F6F7DDFB9DF80800400602D5B7A0F5
:10CD1000F6F7D6FB9DF80800000702D5B6A0F6F797
:10CD2000CFFB9DF80800400702D5B6A0F6F7C8FB78
:10CD30009DF80800800702D5B5A0F6F7C1FB4FA00B
:10CD4000F6F7BEFBBAF1000F32D09DF8041079B3AC
:10CD5000B2A0F6F7B5FB9DF80400000602D5B6A018
:10CD6000F6F7AEFB9DF80400400602D5B7A0F6F733
:10CD7000A7FB9DF80400800602D5B8A0F6F7A0FB3B
:10CD80009DF80400C00602D5B7A0F6F799FB9DF800
:10CD90000400000702D5B8A0F6F792FB9DF8040046
:10CDA000800702D5B9A0F6F78BFB34A0F6F788FB15
:10CDB000600602D5B848F6F783FB0CB0BDE8F087F3
:10CDC000A80000205B5450535D20535441545553E8
:10CDD0005F574F52443D3078253034583A000000B8
:10CDE00020564F555400000020494F55542F504FA6
:10CDF0005554000020494E5055540000204D4652D5
:10CE0000000000002050474F4F442D6E6F742D6975
:10CE10006E2D726567756C6174696F6E000000003D
:10CE2000204F5448455200002042555359000000FD
:10CE3000204F46460000000020564F55545F4F5685
:10CE40000000000020494F55545F4F430000000090
:10CE50002056494E5F5556002054454D504552418D
:10CE6000545552450000000020434D4C0000000086
:10CE70002056454E444F5228623029000D0A0000CA
:10CE80005B5450535D205354415455535F564F5596
:10CE9000543D3078253032583A00000020564F5526
:10CEA000545F4F565F4641554C54000020564F5535
:10CEB000545F4F565F5741524E00000020564F5569
:10CEC000545F55565F5741524E00000020564F5553
:10CED000545F55565F4641554C54000020564F55FF
:10CEE000545F4D494E5F4D415800000020544F4E55
:10CEF0005F4D4158000000005B5450535D20535477
:10CF0000415455535F494F55543D30782530325880
:10CF10003A000000204F435F4641554C540000004A
:10CF2000204F435F5741524E000000002056454EAF
:10CF3000444F5228623429005B5450535D205354AF
:10CF4000415455535F494E5055543D307825303249
:10CF5000583A00002056494E5F4F565F4641554CA7
:10CF6000540000002056494E5F55565F5741524EBF
:10CF700000000000204C4F575F56494E286C6976E0
:10CF8000652900005B5450535D2053544154555360
:10CF90005F54454D50455241545552453D307825DA
:10CFA0003032583A00000000204F545F4641554C43
:10CFB00054000000204F545F5741524E00000000C3
:10CFC0005B5450535D205354415455535F4D46526A
:10CFD0005F53504543494649433D307825303258E8
:10CFE0003A00000020504F52000000002053454CF2
:10CFF000465F434845434B002052455345545F56D6
:10D000004F555400204243585F4641554C54000050
:10D010002053594E435F4641554C54005B54505386
:10D020005D205354415455535F434D4C3D3078255A
:10D030003032583A0000000020494E56414C4944D5
:10D040005F434F4D4D414E440000000020494E5675
:10D05000414C49445F444154410000002050454345
:10D060005F4552524F520000204D454D4F52595F7F
:10D070004552524F52000000204C4F4749435F43F6
:10D080004F52455F4552524F5200000020434F4DD2
:10D090004D5F4552524F520078DB000808490A891B
:10D0A0004B899A4201D100207047064A4B89D25CD5
:10D0B00002704889401CC0F3090048810120704774
:10D0C000000000208F0100202DE9F04F01B92A490E
:10D0D00020B12A4C002663681D4608E06FF00F005F
:10D0E000BDE8F08FA84201D1012602E0ED68002DD5
:10D0F000F8D16FF007097ABB00254FF6FF784FF49F
:10D10000404A4FF4804B2288571C2780424501D16A
:10D11000A4F800A01A4627880AE000BFB2F812C09F
:10D12000BC4504D16D1CADB25D45ECD31CE0D268AA
:10D13000002AF3D13A04120C16D00FE098420AD01C
:10D140005D8A954207D11F680D68AF420CD059B176
:10D1500055B14BB147B1DB68002BEFD101B1096884
:10D160000160428216B104E04846B9E76168C160D7
:10D1700060600020B4E7000024D7000844010020CC
:10D1800070B5040016460D466FF00F0017D0002D45
:10D1900015D0628A2AB921460846FFF795FF002874
:10D1A0000DD128686060A682207C084A40F0040007
:10D1B00020745068014604E0844201D1002070BD13
:10D1C000C0680028F8D1E1605460F7E7440100200E
:10D1D00010B5F4F7A7F90549096848400449C0F3B8
:10D1E0000D0000F54040088010BD0000E8F7FF1F6B
:10D1F000440100202DE9F34F0646408983B00828FA
:10D200007ED3584D776829686869F9F7ACFF834683
:10D210003888FAF7A3FA01907888FAF79FFADFF8CE
:10D2200048A181460021DAF804200846144657E058
:10D23000B4F812C0CC4551D1237A4BB1D5F804C013
:10D240009CF834C00CF1010C0CF0FF0C634545D187
:10D25000BBF1000F13D0CCB12368BBB1D5F814C01B
:10D26000E046BCF1FF3F11D0DDF810C0DCF808C08B
:10D2700003EA0C0308EA0C08434507D02EE02CB162
:10D2800023681BB1D5F814C0634527D1237C5B0705
:10D2900011D478B1BBF1000F0DD06B695B1C0AD1C2
:10D2A000049BD0F800C05B689C4504D0D4F800C053
:10D2B0009C4500D12046B4F814C0019B9C450DD17B
:10D2C00063681BB1D5F810C0634507D121B1E3688D
:10D2D000CB60E260CAF8044024B10AE02146E46869
:10D2E000002CA5D1040004D10498416868698142EA
:10D2F00032D1F8881B4F103750B1381D009000E034
:10D300002AE032893B4611213046FAF7C9F818BBAA
:10D3100008213046FBF706FBF0B95CB1A569DDB129
:10D32000019800903B4632462146E069A84705B087
:10D33000BDE8F08FBBF1000F0ED1287DC0F30310C4
:10D340000E2809D0A889083001B23046FBF79EFAB2
:10D3500003213046F9F7B4FD05B03046BDE8F04F83
:10D36000FBF74FBA985600204401002010B5002862
:10D3700013D00268002A10D000290ED00A68002AB3
:10D380000BD0064A526806E013680468A34201D134
:10D390000B681360D268002AF6D110BD440100204A
:10D3A00010B50020FAF786FF040004D02021F2F720
:10D3B00055FFFF20E072204610BD002801D0C0E9D3
:10D3C00006127047002814D00A494A6882420AD1DE
:10D3D000D2684A6009E0D16821B1814202D1C168B6
:10D3E000D16002E00A46002AF5D101460020FAF792
:10D3F00033BF7047440100207CB56FF00F05069CD9
:10D4000070B169B162B15CB105685DB1C5F3031675
:10D410000E2E07D06668B54206D06FF003007CBDC3
:10D4200028467CBD251D00E00546CDE9004500F0FD
:10D4300001F87CBD2DE9FE4F0500DDE90C9A9B4605
:10D4400090460E466FF00F002FD0002E2DD0B8F171
:10D45000000F2AD05FEA0A0127D05FEA090124D031
:10D460006A8A2AB929460846FFF72EFE00281CD1F1
:10D4700030894FF0FF3700F1080189B2814213D3A0
:10D4800008213046FBF74FF888B14FF4207208218D
:10D490002420FBF76FF8040006D0308940B13146F4
:10D4A0002046FBF7FAF803E03846BDE8FE8F344625
:10D4B000688A6768FAF752F938805846FAF74EF9E1
:10D4C00078800020F8802089FAF748F9B880287C15
:10D4D000C0070BD1CDF80080228953461121204688
:10D4E000F9F7DEFF08B94FF6FF70F880EB7AAA7AF9
:10D4F0001120CDE90020CDF8089042465146204643
:10D50000F9F736FF0546B44202D02046FBF779F919
:10D510002846CAE72DE9FF4717460D460646002470
:10D520004FF019084FF0010903ABCDE900398DF830
:10D530000C70CDF8088030792A464100012330680C
:10D54000F4F7D6FB50B10220F3F7B2FC641CE4B24E
:10D55000032CE9D3002004B0BDE8F0870120FAE7EE
:10D560000A0A0270417070470A0E02700A0C42707B
:10D570000A0A8270C17070472DE9F04115461E46B7
:10D5800007460724E20028463146F2F730FEC4F190
:10D590000701641E7854F5D5BDE8F0812DE9FF5FE1
:10D5A0000024884605460DF10C0BD7B2160A4FF041
:10D5B00019094FF0020A8DF80C708DF80D60CDF846
:10D5C00000B0CDE901A9287942464100012328682D
:10D5D000F4F78EFB50B10220F3F76AFC641CE4B24E
:10D5E000032CE8D3002004B0BDE8F09F0120FAE747
:10D5F0000000000000000000000006020000000023
:10D6000000000000000000000000040506070809F3
:10D6100000000000000D0102030405060708090AC6
:10D620000B0C0D0E0F1000000000000000000102A6
:10D6300003040607080900000000010203040000BB
:10D640002000040038200020C8000020A4000400AE
:10D65000B8200020CC0000201C0008004823002037
:10D66000D00000201000100028240020D40000204A
:10D670001000040028250020D80000201000100011
:10D6800068250020DC000020040608006826002031
:10D69000E000002040D600084CD6000858D600080C
:10D6A00064D6000870D600087CD6000888D600082A
:10D6B000FA00000089C00008E8030000096B0008B8
:10D6C00060EA0000FD4A0008F4010000994D0008DE
:10D6D00003060C183060780058DC000880DC000875
:10D6E000A0DC000860DC00084CDC000834DC00082A
:10D6F00040DC000894DC00086CDC000874DC0008E6
:10D7000088DC00080102030405060707070707076E
:10D710000700000014010020100100201801002063
:10D720001C01002000000000FFFFFFFFFFFFFFFFC4
:10D73000FFFF0000000000005B4C5749505D204493
:10D7400048435020626F756E643A2049502025642A
:10D750002E25642E25642E25642047572025642E0F
:10D7600025642E25642E2564204E4D2025642E250B
:10D77000642E25642E25640D0A0000005B50485974
:10D780005D20414E41523D307825303458202031C3
:10D79000303046443D25642031303048443D2564D6
:10D7A00020313046443D256420313048443D2564D5
:10D7B000202070617573653D25640D0A000000002E
:10D7C0005B5048595D20414E4C5041523D307825C8
:10D7D000303458202031303046443D2564203130EB
:10D7E0003048443D256420313046443D2564203195
:10D7F0003048443D2564202070617573653D256483
:10D800000D0A00005B5048595D204243523D30787C
:10D8100025303458202072657365743D25732020AF
:10D820006175746F6E65673D257320207370656543
:10D83000643D257320206475706C65783D257320E8
:10D840002069736F3D2573202070643D25730D0A98
:10D85000000000005B444D415D2052585F44455339
:10D86000433D3078253038582052585F4255463D68
:10D870003078253038582054585F444553433D3064
:10D8800078253038582054585F4255463D30782529
:10D890003038580D0A0000005B434C4B5D204D436F
:10D8A0004F5B32373A32345D3D307825582028308E
:10D8B00078443D504C4C33434C4B2035304D487AE6
:10D8C00029202043464752323D30782530386C5865
:10D8D0002028505245444956325B373A345D3D303A
:10D8E00078256C582065787065637420343D6469D0
:10D8F00076352C20504C4C334D554C5B31353A31FC
:10D90000325D3D3078256C582065787065637420F1
:10D91000383D783130290D0A000000005B5048592D
:10D9200050524F42455D204243523D3078253034BD
:10D9300058204253523D3078253034582049443DD8
:10D940003078253034583A307825303458202865DE
:10D950007870203078323030303A30783543393092
:10D96000290D0A005B4932435D205450533534364B
:10D97000443234412057524954455F50524F544528
:10D9800043543D3078253032582028307838303DA7
:10D99000616C6C207772697465732064697361626D
:10D9A0006C656420657863657074204F5045524102
:10D9B00054494F4E290D0A005B4932435D205450B3
:10D9C000533534364432344120564F55545F555602
:10D9D0005F4641554C545F4C494D49543D252E33CB
:10D9E00066207820564F55545F434F4D4D414E446D
:10D9F00020287E256C75206D56290D0A0000000038
:10DA00005B4932435D2054505335343644323441FF
:10DA1000205354415455535F434D4C3D307825308D
:10DA200032582028626974373D696E76616C69648A
:10DA300020636F6D6D616E642C20626974363D6980
:10DA40006E76616C69642064617461290D0A00005E
:10DA50005B50485950524F42455D206C696E6B3D9A
:10DA6000257320202849443D3078464646462F30CD
:10DA70007830303030202D3E20504859206E6F7461
:10DA800020726573706F6E64696E673B20636865B2
:10DA9000636B2032354D487A207874616C2C204DB0
:10DAA00044494F20776972696E672C20504859208D
:10DAB00061646472290D0A005B4A4F425D2069640B
:10DAC0003D2564206D69647374617465733D2564DC
:10DAD0002076657273696F6E3D3078253038582036
:10DAE0006E626974733D307825303858206E7469E1
:10DAF0006D653D307825303858206E6F6E63655FF8
:10DB000073746172743D3078253038580D0A000006
:10DB10000D0A5B5354415455535D2075703D256C7F
:10DB20007573202069703D25752E25752E25752E5F
:10DB3000257520206574683D25732020626D313382
:10DB400036363D2573202063686970733D25642057
:10DB5000206C696E6B3D2573202072783D256C75B5
:10DB60002074783D256C7520444D4153523D3078EA
:10DB70002530386C580D0A005B5450535D205741D6
:10DB8000524E494E473A20726567756C61746F72E8
:10DB9000206973206C617463686564204F46462079
:10DBA00061667465722061206661756C74202D2039
:10DBB00072652D656E61626C65207669612077659E
:10DBC0006220706F77657220737769746368206173
:10DBD0006674657220636865636B696E672074683C
:10DBE000652063617573650D0A0000005B4932436F
:10DBF0005D205450533534364432344120564F550D
:10DC0000545F4F565F4641554C545F4C494D495403
:10DC10003D252E3366207820564F55545F434F4D97
:10DC20004D414E4420287E256C75206D5629257364
:10DC30000D0A000046494E5F574149545F310000CC
:10DC400046494E5F574149545F32000045535441A5
:10DC5000424C495348454400434C4F53454400000F
:10DC600053594E5F5243564400000000434C4F53FB
:10DC7000494E47004C4153545F41434B0000000064
:10DC80004C495354454E000054494D455F57414956
:10DC900054000000434C4F53455F57414954000026
:10DCA00053594E5F53454E54000000005B54584496
:10DCB0005D2061726D65643D2564206F776E5F6ED7
:10DCC0006F773D256428303D73656E74292073702D
:10DCD000696E733D256C7520444D4153523D30783B
:10DCE0002530386C58205450533D256C75205442D3
:10DCF00055532862697432293D256C750D0A000060
:10DD000020DD00080000002084010000840A0008D3
:10DD100058DD000884010020FC790000243500084B
:10DD200001430419FFFF0154E0FF1F05390A0801F0
:10DD30000309110208DCABCDEF701742019210030A
:10DD40003F127A32C0033C6E19C2C0041D01031C8D
:08DD500042030210080000006C
:04000005080001519D
:00000001FF
