:020000040800F2
:10000000807B002069010008EB310008092A000804
:10001000E9310008CB0A0008CB34000800000000DA
:100020000000000000000000000000001532000881
:10003000CD0A000800000000ED3100081932000868
:100040008301000883010008830100088301000880
:100050008301000883010008830100088301000870
:100060008301000883010008830100088301000860
:100070008301000883010008830100088301000850
:100080008301000883010008830100088301000840
:100090008301000883010008830100088301000830
:1000A0008301000883010008830100088301000820
:1000B0008301000883010008830100088301000810
:1000C0008301000883010008830100088301000800
:1000D00083010008C7340008830100088301000879
:1000E000830100088301000883010008000000006C
:1000F0000000000000000000000000000000000000
:1001000000000000000000008301000883010008D7
:1001100083010008830100088301000883010008AF
:10012000830100088301000883010008830100089F
:10013000830100088301000883010008830100088F
:10014000830100088301000883010008830100087F
:10015000DFF810D000F078FC00480047817C0008F0
:10016000AFF30080807B00200648804706480047A8
:10017000FEE7FEE7FEE7FEE7FEE7FEE7FEE7FEE757
:10018000FEE7FEE721330008510100082DE9F05F8A
:100190000546002092469B468846064681464024F6
:1001A0001BE0284641464746224600F020F85346C9
:1001B0005A46C01A914110D311461846224600F003
:1001C000C9FA2D1A67EB01084F462246012000218B
:1001D00000F0C0FA17EB00094E41201EA4F1010403
:1001E000DFDC484631462A464346BDE8F09F202AD8
:1001F00004DB203A21FA02F00021704721FA02F3D1
:10020000D040C2F12002914008431946704710B512
:10021000431A934209D28318881803E010F8011D8D
:1002200003F8011D521EF9D210BD40EA01039B07DD
:1002300003D009E008C9121F08C0042AFAD203E05B
:1002400011F8013B00F8013B521EF9D210BDD2B2A9
:1002500001E000F8012B491EFBD270470022F6E7AF
:1002600010B513460A4604461946FFF7F0FF20462C
:1002700010BD421C10F8011B0029FBD1801A7047E9
:1002800030B504460020034600E05B1C934203D2D5
:10029000E05CCD5C401BF8D030BDF0B480EA0102D8
:1002A000D40F4200B2EB410F02D20246084611467B
:1002B0004A0042D0C30DDDB2C1F3C752AD1A202DA2
:1002C00035DAC1F3160141F4000204B15242C5F11E
:1002D000200602FA06F12A411044B3EBD05F23D086
:1002E000C4B1012DA0EBC35009DCF0BC4FF00042BB
:1002F00002EAC352DBB200F5000000F043BA40004E
:1003000000F1807000EBC350A0F1807040EAD17022
:10031000490009E0490841EAC071A0EBC35000F56B
:100320000000400800EBC350F0BC00F022BA61426C
:10033000012202EB4101001BF6E7F0BC704781F09F
:100340000041AAE780F00040A7E780EA010210B56B
:1003500002F00043400022D04A001FD0010E01EB02
:100360001261C0F35600C2F3560240F4000042F49A
:100370000002A0FB022000047F39140400D0401CBE
:1003800050EA124001D44000491EC2B20C0604EBF0
:10039000D010401C4008802A02D003E0002010BD8D
:1003A00020F00100002900DA0020184310BD30B40D
:1003B00080EA010202F0004530F0004221F00040E6
:1003C00013D090B1C30DD40DC2F31601C0F31600C3
:1003D000E41A41F4000140F400027D34914201D35B
:1003E000641C00E04900002C02DA30BC0020704799
:1003F0004FF400000023914201D3891A03434008BF
:100400004FEA4101F7D151B1914202D14FF0004181
:1004100005E002D24FF0010101E06FF0010103EBB2
:10042000C450284430BC00F0A4B9420005D0C0F349
:10043000C7525242914201DC0020704700EBC1508C
:1004400070472DE9FE4F81EA030404F0004421F0D7
:10045000004100944FF0000B23F0004350EA0104E8
:100460005ED052EA03045BD0C3F30A54C1F30A55C9
:100470002C44A4F2F3340194A0FB0254C1F3130101
:1004800041F48011C3F3130343F4801301FB0244CE
:1004900000FB034E840A970A44EA815447EA8357D3
:1004A000A4FB076802958D0A05FB07854FEA932C8C
:1004B00004FB0C542705029D4FEA065847EA1637FD
:1004C000B5EB08056EEB070C870E920E47EA811715
:1004D00042EA8312A7FB0201B6EB0B0164EB0004B6
:1004E0002B0D43EA0C335E1844EB1C50DA465146A0
:1004F000E7FB0201C5F313044FEA0B3343EA14533D
:100500004FEA0432019C43EA0603A4F10C0402946E
:10051000009CCDE900B400F072F903B0BDE8F08FA3
:1005200000200146F9E72DE9F04D81EA030404F0CB
:10053000004B21F0004514464FF0000A23F0004123
:1005400050EA050220D054EA01021DD0C5F30A5733
:100550000246C5F31303C1F31300C1F30A5640F476
:10056000801543F48013A7EB0608101BD64608F24B
:10057000FD3873EB050002D308F1010801E0921881
:100580005B41B8F1000F03DA00200146BDE8F08DB1
:1005900000204FF48011064684460EE0171B73EBD3
:1005A000050705D3121B63EB050306434CEA010C58
:1005B00049084FEA300092185B4150EA0107EDD13B
:1005C00052EA030012D082EA040083EA05010843DC
:1005D00005D0101BAB4106D20122002306E0002209
:1005E0004FF0004302E06FF0010253101AEB0600D7
:1005F0004CEB085110EB0A0041EB0B01BDE8F04D4C
:1006000000F0EEB870B521F0004303430CD0C1F305
:100610000A550024D5EB040564EB0403D617AD1A84
:10062000B34102DB0020014670BD201841EB0251AE
:1006300070BDC10F80EAE0700844CA07962300210C
:1006400000F0A0B896230022114600F09BB800F0FD
:10065000004220F00040C10DC0F3160040F400003D
:100660007F2901DA00207047962903DCC1F1960149
:10067000C84001E096398840002AF4D040427047D3
:1006800020F00040C10DC0F3160040F400007F29A7
:1006900001DA00207047962903DCC1F19601C840B9
:1006A0007047963988407047C1F30A5210B5C1F3BC
:1006B000130140F2FF3341F480119A4201DA002025
:1006C00010BD40F233439A42A2F2334203DC52425D
:1006D000FFF78DFD10BD904010BD00F0004230F0DE
:1006E00000400AD0C10D01F56071C0F3160042EA66
:1006F0000151C2084007114370470020014670476E
:10070000002801DBC0F10040002901DBC1F10041FC
:1007100081427047002801DBC0F10040002901DB65
:10072000C1F100418842704730B50B4601460020B8
:100730002022012409E021FA02F59D4205D303FAA3
:1007400002F5491B04FA02F52844151EA2F1010224
:10075000F1DC30BD202A04DB203A00FA02F100204F
:1007600070479140C2F1200320FA03F319439040EF
:1007700070470029A8BF7047401C490008BF20F0FF
:100780000100704710B4B0FA80FC00FA0CF050EA97
:10079000010404BF10BC704749B1CCF1200421FA18
:1007A00004F411FA0CF118BF012121430843A3EB13
:1007B0000C01CB1D4FEA00614FEA102042BF002020
:1007C00010BC704700EBC35010440029A4BF10BCFC
:1007D0007047401C490008BF20F0010010BC704762
:1007E00010B5141E73F1000408DA401C41F1000139
:1007F00092185B411A4301D120F0010010BD2DE990
:10080000F04D92469B4611B1B1FA81F202E0B0FA86
:1008100080F220329046FFF79DFF04460F4640EAE3
:100820000A0041EA0B0153465A46084313D01146C9
:1008300053EA010019D0C8F140025046FFF7D7FC37
:1008400005460E46504659464246FFF783FF084389
:1008500005D0012004E020463946BDE8F08D002097
:10086000054346EAE0762C4337430A986305E40AD9
:10087000A0EB08000022FD0A44EA47540A3002D5E2
:1008800000200146E9E7010510196941DDE9084545
:1008900000196941BDE8F04DA2E72DE9FE4F804601
:1008A00081EA0300C00F0C46009021F0004123F0C4
:1008B0000045B8EB0200A94105D2404621469046CA
:1008C0001C460B46024623F00040104347D0270D3C
:1008D000C7F30A00C3F30A510290401A019040285E
:1008E0006BDAC3F3130040F4801B0098924620B1EA
:1008F0000023D2EB030A63EB0B0B01985946C0F1BE
:1009000040025046FFF726FF06460D465046594620
:10091000019A00F0ABF810EB08006141002487EA6F
:10092000115284EAE7731A4340D0009A62B3019AE5
:10093000012A4FEA075215DC001B61EB02014FF060
:10094000004202EA0752CDE90042001C41F5801145
:1009500032462B46FFF753FF03B0BDE8F08F404609
:100960002146F9E7001B61EB0201001C41F58013F1
:1009700000185B412018A2F5001747EB030140EA7D
:10098000D570B6196D4111E06D084FEA360645EA9B
:10099000C0754FEA0752001B61EB0201001C41F5D4
:1009A000801149084FEA30000019514132462B4668
:1009B00003B0BDE8F04FFFF713BF009801224000DD
:1009C0000023D0EB020263EBE073009821464FEA6C
:1009D000E074B8EB000061EB0401E9E783F0004349
:1009E0005BE781F0004158E7C1F30A52C1F31301FC
:1009F00040F2FF3341F480119A4202DA00200146AE
:100A0000704740F233439A42A2F2334202DC524230
:100A1000FFF7EDBBFFF79EBE30B5041E71F1000479
:100A200004DB4FF00044404264EB0101141E73F1FB
:100A3000000405DB1C464FF00043524263EB040305
:100A4000994208BF904230BD064C074D06E0E06871
:100A500040F0010394E8070098471034AC42F6D305
:100A6000FFF77AFB18D5000838D50008202A06DBE6
:100A7000CB17203A41FA02F043EAE07306E041FA6C
:100A800002F3D040C2F1200291400843194670475A
:100A900030B58C1810F8012B12F00F0301D110F8AB
:100AA000013B120906D110F8012B03E010F8015B9D
:100AB00001F8015B5B1EF9D101E001F8013B521E18
:100AC000FBD1A142E6D3002030BDFEE77047000015
:100AD00003484FF4E001416100214160704700008C
:100AE000009002402DE9FF4F81B006463148DDE914
:100AF0000F58DDF8389001681F46144641F0010197
:100B000001600168C907FCD12B49824641614169F6
:100B10002AA002F0DBFC3B46CDF800903146354878
:100B2000029A02F0D3FC0021C8F30D004FF0004BF5
:100B300040F48043621E13E006EB4110C0F800B0A1
:100B40004360DDF808C001FB08CCC0F808C0914242
:100B500004D200F1200CC0F80CC000E0C660491CB3
:100B6000A142E9D3002084464FF480186A1E11E0A8
:100B700007EB4011C1F80080C1F804C0119C00FBD4
:100B800004938B60904203D201F12003CB6000E01C
:100B9000CF60401CA842EBD31749CAF80010CAF82E
:100BA0000C60CAF810701549CAF8181005B0BDE8F5
:100BB000F08F000000900240048401005B444D412E
:100BC0005D20444D4153525F41465445525F434C72
:100BD0004541523D30782530385820286578706579
:100BE00063742030783030303030303030290D0AA6
:100BF00000000000DCD00008802041020620300404
:100C00000168002905DB0168C90502D501680904EE
:100C100001D5002070470068C0F30D40704710797F
:100C2000537940EA032301F1804000F5203003644A
:100C30001178D37841EA0361937852781B0443EA30
:100C40000222114341647047F0B5ADB0044600295B
:100C500004D04FF40060E060C000A0600025109553
:100C600011951295139514951595E06900287CD07F
:100C700016954FF400701790189519951A951B95B5
:100C80001C9540271D971E951F952095219522950F
:100C9000239524952595802026902795289529959C
:100CA0002A952B952C9520680168464A1140E368E7
:100CB000A2681A43169B1A4342F400721143016062
:100CC00020680668012000F0F9F8206806602068B6
:100CD000476020684668012000F0F0F82068466010
:100CE000206885602068C560206881694FF6417280
:100CF000114041F08001816120688669012000F087
:100D0000DDF8206886612068C5612068C669012019
:100D100000F0D4F82068C6610195F80402900395AC
:100D200001110491059506950795089504210991EF
:100D30000A9040120B9080010C9040120D900E957D
:100D40000F95206800F5805081691F4A114041F0DD
:100D5000040141F008718161206800F580508569C7
:100D6000012000F0ABF8206800E016E000F58050AC
:100D700085612168154801F580510860206800F5FB
:100D800080500568012000F099F8206800F5805037
:100D90000560A069012804D00CE04FF48060169033
:100DA00067E7206800F58050C16941F0400141F4D7
:100DB0008031C16162692DB02046BDE8F04000215C
:100DC000FFF72DBF0F8120FF233FDEF80020C10277
:100DD0004288018852BA03791204407942EA032218
:100DE0000243074849BA41F00041016442640549A1
:100DF0000160054941604FF48151816170470000F5
:100E0000008002400C0C01000004008030B5124A42
:100E1000104B14694FF6FF7524F01C0424F4784439
:100E200024F4F86444F0100405EAC02020434FF491
:100E3000F86404EA8111014321F0020040F001004E
:100E4000106101E05B1E02D01069C007FAD1506941
:100E500080B230BDA086010000800240C3F30D01C6
:100E600041F4804141604FF0004101607047000053
:100E700030B5114B0F4C5A611A694FF6FF7522F0CD
:100E80001C0222F4784222F4F86242F0100205EAD1
:100E9000C02010434FF4F86202EA8111014341F08F
:100EA0000300186101E0641E02D01869C007FAD17E
:100EB00030BD0000A08601000080024070B50446ED
:100EC00000F036FB0546B4F1FF3F02D0044800783D
:100ED000044400F02DFB401BA042FAD370BD00007B
:100EE000B80000202DE9F843044600270097B846D3
:100EF000002C03D094F8440018B107E00120BDE8AD
:100F0000F88384F84570204600F0F6F8754841688B
:100F100021F4000141604168226A11434160206868
:100F200000F58050016841F00101016000F000FB14
:100F30000546206800F58050006810F0010F13D0BE
:100F400000F0F6FA401BB0F5FA7F06D9032084F8CA
:100F5000440084F84570BDE8F883206800F58050AF
:100F6000006810F0010FEBD12068006920F01C052B
:100F700001F01AF95C495D4A0144914202D245F000
:100F8000080506E05A4908445A49884201D245F00A
:100F90000C05206805614FF400420021204600F056
:100FA00077F94FF0010940B101212046FFF74CFECF
:100FB00084F844900120BDE8F883FF20FFF77EFF0E
:100FC000606800286AD000F0B3FA064641F288351E
:100FD0006A460121204600F015F900F0A9FA801BAD
:100FE000A8420AD901212046FFF72EFE84F844903A
:100FF00084F845700320BDE8F883009810F0040FD2
:10100000E6D04FF480520021204600F041F940B173
:1010100001212046FFF718FE84F844900120BDE826
:10102000F88300F085FA06466A460121204600F062
:10103000E9F800F07DFA801BA8420AD90121204678
:10104000FFF702FE84F8449084F845700320BDE861
:10105000F883009810F0200FE6D06A461021204651
:1010600000F0D0F840B101212046FFF7EDFD84F8F3
:1010700044900120BDE8F883009810F0040F03D0DD
:101080004FF40061E16000E0E76010F0020F01D072
:10109000A7601DE04FF48040A06019E0E068A168FF
:1010A000C0F3CF00C1F34F0140EA01020021204606
:1010B00000F0EEF840B101212046FFF7C5FD84F8AD
:1010C00044900120BDE8F88340F6FF70FFF7F6FE7C
:1010D00041462046FFF7B8FD84F844900020BDE863
:1010E000F88300000000014000D3CEFEC0E1E40020
:1010F00040F1E9FD40787D012DE9F04186B0002402
:1011000000940194029403940068394988426CD198
:101110003848416941F480414161416901F48041AD
:101120000491416941F400414161416901F4004188
:101130000491416941F480314161416901F4803198
:101140000491816941F010018161816901F0100110
:101150000491816941F004018161816901F0040118
:101160000491816941F008018161816901F0080100
:101170000491816941F0200181618069022500F0BC
:101180002000009503260195CDE90360DFF8688013
:101190006946404600F0BEF8CDE90054174F694655
:1011A0003846029400F0B6F80420CDE900056946FF
:1011B0000396384600F0AEF84FF46050CDE90005D4
:1011C000694603960E4800F0A5F88020CDE900049A
:1011D00069463846029400F09DF83020CDE90004BD
:1011E00069464046029400F095F806B0BDE8F081EB
:1011F0000080024000100240001001400008014041
:10120000000C01402DE9F0410446174694F84400D3
:1012100082282CD0822084F844002068026902F0E1
:101220001C02238A4FF4784C0CEAC3231A434FF470
:10123000F86303EA8111114321F0020141F0010634
:10124000066100F075F9054616F0010F4FF0010632
:1012500015D000F06DF9401BB0F5803F0AD384F83B
:101260004460002084F845000320BDE8F08102209E
:10127000BDE8F0812068006910F0010FE9D1206815
:10128000406980B2386084F844600020BDE8F08195
:1012900070B5044694F84400422830D0422084F8C7
:1012A00044002068036903F01C03B4F810C04FF435
:1012B000784505EACC2C4CEA03034FF4F86C0CEAB1
:1012C0008111194341F0020141F0010691B24161DF
:1012D0002068066100F02CF9054616F0010F4FF06A
:1012E000010613D000F024F9401BB0F5803F08D36D
:1012F00084F84460002084F84500032070BD02207B
:1013000070BD2068006910F0010FEBD184F84460D3
:10131000002070BD2DE9F84F4FF0000C00230A6843
:10132000002A7DD0DFF8DC810F27A8F1040A08F13C
:101330000409AAF1040B012202FA0CF60A683240F1
:10134000B2426ED1DFF8C0E14C68A4EB0E057445E3
:101350002BD00DDC032C34D005DC34B3012C19D098
:10136000022C2FD11BE0112C16D0122C2AD119E0FF
:10137000B5F5881F19D006DCB5F5803F15D0B5F559
:10138000801F1FD111E0B5F5001F0ED0B5F5041F69
:1013900018D10AE0CB6815E0CB681B1D12E0CB68C2
:1013A00008330FE0CB680C330CE08B6823B1012BC2
:1013B00004D00823466105E0042303E00823066106
:1013C00000E00023B2F5807F01D2054601E000F184
:1013D000040502D24FEA8C0403E0ACF108044FEAA2
:1013E00084042E6807FA04FE26EA0E0603FA04F4C3
:1013F00046EA04042C604C6814F0805F79D0434CBA
:10140000A56945F00105A561A46904F001040094F3
:101410002CF0030404F1804404F58034A66801E054
:101420006EE066E04FEA8C754FEA157507FA05FE27
:1014300026EA0E0EA0F18046B6F584361ED0A0F145
:101440008046B6F586361BD0A0F18046B6F58836C4
:1014500018D0A0F18046B6F58A3615D0042606FAD3
:1014600005F545EA0E05A5604C6814F4801F0DD003
:10147000D8F800401443C8F800400CE00026EEE71E
:101480000126ECE70226EAE70326E8E7D8F8004061
:101490009443C8F800404C6814F4001F05D0D9F8F4
:1014A00000401443C9F8004004E0D9F800409443D8
:1014B000C9F800404C6814F4003F05D0DAF8004049
:1014C0001443CAF8004004E0DAF800409443CAF834
:1014D00000404C6814F4803F05D0DBF80040224304
:1014E000CBF8002005E0DBF8004024EA0202CBF84C
:1014F00000200CF1010C0A6832FA0CF27FF41BAFE9
:10150000BDE8F88F080401400000111000100240EF
:10151000C26821EA0203114043EA014101617047B8
:10152000002A01D001617047090401617047000081
:101530000148806870470000B800002070B504467C
:10154000002C04D094F83D00002510B106E00120E5
:1015500070BD84F83C50204600F08AFC242084F8BA
:101560003D002068016821F00101016020680168E8
:1015700041F4004101602068016821F400410160EC
:1015800000F018FE544B6168994203D853498842D1
:1015900003D304E05249884201D2012070BD514971
:1015A000B0FBF1F12268D2F804C02CF03F0C4CEAF9
:1015B000010CC2F804C062689A4201D84A1C07E0D4
:1015C0004FF4967251434FF47A72B1FBF2F14A1C18
:1015D0002168D1F820C02CF03F0C42EA0C020A62CC
:1015E0006168994210D84900401EB0FBF1F2521CCC
:1015F000C2F30B02042A01D2042026E0B0FBF1F072
:10160000401CC0F30B0020E0A268002A50D001EB80
:10161000C10303EB0113A0F1010CBCFBF3F35B1C52
:1016200043F480431B051B0D4AD0002A4AD001EB2E
:10163000C10202EB0111401EB0FBF1F0401CC0F3EF
:101640000B0040F4804040F400402168CA6922F059
:10165000FF0222F44F421043C861216AE06901434E
:101660002068026822F0C00211430160E16820692D
:1016700001432068826822F0FF0222F403421143F2
:101680008160A169606901432068C26822F0FF029D
:101690001143C1602068016841F0010101602564C7
:1016A000202084F83D00256384F83E50002070BD62
:1016B00001EB4103A0F1010CBCFBF3F35B1CB1E7B0
:1016C0000120C2E701EB4101401EB0FBF1F0401CDC
:1016D000C0F30B00B7E70000A086010080841E0065
:1016E00000093D0040420F002DE9F84F04468846AE
:1016F00092461E46FFF71CFF0546002794F83D0062
:10170000202802D00220BDE8F88F19230122564973
:101710002046009501F031FB10B10220BDE8F88FA2
:1017200094F83C00012808D0012084F83C0020688F
:10173000016811F0010F03D006E00220BDE8F88F28
:10174000016841F0010101602068016821F4006135
:101750000160242084F83D00002020644348E062BA
:1017600008F0FE094FF0A0084FF0200B2068016838
:1017700041F480710160334600224FF00111204690
:10178000009501F0FAFA50B12068006810F4807FEB
:1017900002D04FF4007020640320BDE8F88F206869
:1017A000C0F81090FFF7C4FE054620684169C1F3F8
:1017B00040014069C0F380200EE0FFF7B9FE401BF6
:1017C000B04200D80EB984F83D8020684169C1F369
:1017D00040014069C0F3802094F83D20A02A02D047
:1017E00009B90028E9D084F83DB02068416911F0BA
:1017F000020F1BD02168096841F4007101600026C6
:101800002068416980690090192301221649204609
:10181000009501F0B2FA10B10120BDE8F88F84F80C
:101820003DB084F83C600020BDE8F88F016841F4C9
:101830000071016021686FF4806048611923012202
:1018400009492046009501F098FA10B10120BDE841
:10185000F88F7F1C574589D384F83DB0002084F869
:101860003C000120BDE8F88F020010000000FFFFDF
:101870002DE9F84F04468A46904699460A9FFFF79D
:1018800057FE064694F83D00202802D00220BDE80D
:10189000F88F192301224C492046009601F06DFA79
:1018A00010B10220BDE8F88F94F83C00012808D060
:1018B000012084F83C002068016811F0010F03D07A
:1018C00006E00220BDE8F88F016841F001010160E7
:1018D0002068016821F400610160212084F83D0046
:1018E000102084F83E0000252564C4F82480A4F864
:1018F0002A90608D20853548E06233463A4651464D
:10190000204601F09BF810B10120BDE8F88F206857
:10191000416980690090208D002846D032463946C2
:10192000204601F058FB50B1206C042804D12068F7
:10193000016841F4007101600120BDE8F88F606A20
:10194000216800780861606A00F1010CC4F824C0C5
:10195000608D401E6085208D401E80B220852268EB
:10196000516911F0040F0CD058B19CF800001061BF
:10197000606A401C6062608D401E6085208D401E44
:10198000208532463946204601F0C4F950B1206C1A
:10199000042804D12068016841F40071016001202D
:1019A000BDE8F88F208D0028B8D12068016841F487
:1019B00000710160202084F83D0084F83E5084F8D6
:1019C0003C500020BDE8F88F020010000000FFFF2F
:1019D0002DE9FF4F83B00446DDF84490DDF84080E8
:1019E000129E8A46934600270297FFF7A1FD0546FF
:1019F00094F83D00202803D007B00220BDE8F08F06
:101A000019230122B9492046009501F0B6F918B111
:101A100007B00220BDE8F08F94F83C00012808D000
:101A2000012084F83C002068016811F0010F04D007
:101A300007E007B00220BDE8F08F016841F0010126
:101A400001602068016821F400610160222084F8AF
:101A50003D00402084F83E002764C4F82480A4F8A8
:101A60002A90608D2085A248E062019500965A4632
:101A700051462046069B01F03BF818B107B0012003
:101A8000BDE8F08F208D68B3012834D0022842D001
:101A90002068016841F480610160206841698069C3
:101AA0000190208D4FF02008002800F01481DFF80D
:101AB00044B2DFF8449246F2A81A208D032800F2BF
:101AC000D680012837D002284DD03346002259460F
:101AD0002046009501F051F9002872D007B001208E
:101AE000BDE8F08F2068416981690191016841F486
:101AF00000710160D5E72068016821F48061016010
:101B000072B62068416981690191016841F40071F0
:101B1000016062B6C5E72068016841F400610160B8
:101B200072B62068416981690191016821F4806180
:101B3000016062B6B5E72A463146204601F008FA50
:101B400018B107B00120BDE8F08F20680069616A14
:101B50000870606A401C6062208D401E2085608D88
:101B6000401E6085B3E0334600225946204600956A
:101B700001F003F918B107B00120BDE8F08F72B68B
:101B80002068016841F40071016020680069616AA1
:101B90000870606A401C6062218D491E2185618D3C
:101BA000491E618562B6216809690170606A401C3E
:101BB0006062208D401E2085608D401E608586E01D
:101BC000FFE72068016821F48061016072B6206837
:101BD0000069616A0870606A401C6062208D401E66
:101BE0002085608D401E6085D9F80000B0FBFAF0BA
:101BF000C0EBC00000EB800002900298401E0290F3
:101C0000029820B32068406910F0040FF5D02068D6
:101C1000016841F40071016020680069616A087020
:101C2000606A401C6062218D491E2185618D491EBC
:101C3000618562B6216809690170606A401C606252
:101C4000208D401E2085608D401E60853FE027630B
:101C500084F83D8084F83E70206C40F020002064C1
:101C600062B684F83C7007B00120BDE8F08F2A46C8
:101C70003146204601F06CF918B107B00120BDE8EB
:101C8000F08F20680069616A0870606A401C6062B9
:101C9000208D401E81B22185608D401E60852068A8
:101CA000426912F0040F12D0032903D1016821F414
:101CB0008061016020680069616A0870606A401C88
:101CC0006062208D401E2085608D401E6085208DC5
:101CD00000287FF4F2AE84F83D8084F83E7084F8EA
:101CE0003C7007B00020BDE8F08F0000020010003B
:101CF0000000FFFF04000100C40000202DE9FF4F99
:101D000083B004468A469346DDF84490DDF840806F
:101D1000129EFFF70DFC054694F83D00202803D0E5
:101D200007B00220BDE8F08F192301224E4920465A
:101D3000009501F022F818B107B00220BDE8F08F3D
:101D400094F83C00012808D0012084F83C00206869
:101D5000016811F0010F04D007E007B00220BDE8D0
:101D6000F08F016841F0010101602068016821F4F1
:101D700000610160212084F83D00402084F83E008D
:101D800000272764C4F82480A4F82A90608D208559
:101D90003648E062019500965A4651462046069B19
:101DA00000F050FF18B107B00120BDE8F08F208D82
:101DB000002836D02A463146204601F00CF958B1A9
:101DC000206C042804D12068016841F4007101608E
:101DD00007B00120BDE8F08F606A216800780861D3
:101DE000606A00F1010CC4F824C0208D401E80B24E
:101DF0002085618D491E61852368596911F0040FA2
:101E00000CD058B19CF800001861606A401C6062F8
:101E1000208D401E2085608D401E6085208D00280D
:101E2000C8D12A463146204600F074FF58B1206CD4
:101E3000042804D12068016841F40071016007B0F2
:101E40000120BDE8F08F2068016841F40071016055
:101E5000202084F83D0084F83E7084F83C7007B080
:101E60000020BDE8F08F0000020010000000FFFF1E
:101E700010B586B000210091019102910391006894
:101E80000F4988421AD10F4CA06940F00800A061A8
:101E9000A069694600F008000490C020009012205C
:101EA0000190032003900848FFF734FAE06940F4FA
:101EB0000010E061E06900F40010049006B010BD6D
:101EC0000054004000100240000C014002488168AC
:101ED0000278114481607047B800002010B50748AF
:101EE000016841F010010160032000F08BF80F2021
:101EF00000F006F800F026F8002010BD0020024097
:101F000070B504460D4D4FF47A712878B1FBF0F0AE
:101F10000B490968B1FBF0F000F068FC08B1012042
:101F200070BD102C07D200222146501E00F036F85A
:101F30006C60002070BD012070BD0000B800002062
:101F4000C40000200C4808B5816941F0010181619D
:101F5000816901F001010091C16941F08051C161C5
:101F6000C06900F0805000900448416821F0E061B1
:101F700041F00071416008BD0010024000000140C6
:101F800000280ADB00F01F01012202FA01F14009DA
:101F9000800000F1E020C0F80011704710B4184B29
:101FA0001B68C3F30223C3F1070CBCF1040F01D972
:101FB0004FF0040C1C1D072C01D2002300E0DB1E97
:101FC000012404FA0CFCACF1010C0CEA010199406B
:101FD00004FA03F35B1E1A401143002806DB00F1EC
:101FE000E020090180F8001410BC704700F00F00D9
:101FF00000F1E020090180F8141D10BC70470000BA
:102000000CED00E000F00700064A11684FF6FF03F0
:10201000194041EA002040F0FD7040F080601060FF
:10202000704700000CED00E02DE9F04704460D4636
:10203000002C17D0DFF85C81D8F8000000F0070012
:10204000A84212D2D8F8000020F007002843C8F8B0
:102050000000D8F8000000F00700A84205D00120D9
:10206000BDE8F0870120BDE8F08720684A4E10F0F7
:10207000020F14D010F0040F03D0706840F4E06039
:102080007060207810F0080F03D0706840F4605042
:102090007060706820F0F001A068084370602078DC
:1020A00010F0010F3AD06068012806D002280BD04A
:1020B000316811F0020F27D00AE0316811F4003FB7
:1020C00006D10120BDE8F087316811F0007F18D0FB
:1020D000716821F0030108437060FFF729FA074691
:1020E0007068616800F00C00B0EB810F16D041F20F
:1020F0008839FFF71DFAC01B484508D90320BDE801
:10210000F0870120BDE8F0870120BDE8F087706806
:10211000616800F00C00B0EB810FEAD1D8F8000044
:1021200000F00700A8420FD9D8F8000020F00700FF
:102130002843C8F80000D8F8000000F00700A842C3
:1021400002D00120BDE8F087207810F0040F05D000
:102150007068E16820F4E06008437060207810F057
:10216000080F06D07068216920F4605040EAC10071
:10217000706000F03FF87168084AC1F30311515CC8
:10218000C8400749086007480068FFF7B9FE00200B
:10219000BDE8F0870020024000100240A6CD0008F4
:1021A000C4000020BC000020014800687047000007
:1021B000C400002000B5FFF7F7FF04494968044A4E
:1021C000C1F30221515CC84000BD00000010024074
:1021D000B6CD000800B5FFF7E7FF04494968044A97
:1021E000C1F3C221515CC84000BD00000010024094
:1021F000B6CD00082DE9F041214B586800F00C01E4
:10220000042904D0082905D01E48BDE8F0811E48E5
:10221000BDE8F0811D49C0F383428C5C10F4803F1F
:1022200029D0D86A0E3100F00F00085CD96A11F489
:10223000803F17D0D96AC1F303114A1CD96AC1F390
:102240000321891CA2FB0023A1FB0415DFF838C081
:102250000026A1FB0C0705FB0C7C01FB06C1FDF76A
:1022600095FF03E008496143B1FBF0F00D2CCFD19D
:102270004008BDE8F08106486043BDE8F0810000F9
:102280000010024000127A0040787D0188CD0008DD
:1022900000093D0030B587B00D46002004900220B3
:1022A0000390032005904FF480700290094CA069C0
:1022B00040F00400A061A06900F00400019002A9B0
:1022C0000548FFF727F8606820F0706028436060D9
:1022D00007B030BD00100240000801402DE9F84F62
:1022E0000446002C0FD02078FE4D10F0010F6CD06A
:1022F000686800F00C0004280CD0686800F00C003E
:10230000082803D010E00120BDE8F88F686810F4B9
:10231000803F09D0286810F4003F56D0A0680028FC
:1023200053D10120BDE8F88FA068B0F5803F15D0EB
:10233000C8B1B0F5A02F1FD0286820F480302860E5
:10234000286820F480202860A06858B3FFF7F0F8D0
:102350000646286810F4003F17D036E0286840F49D
:1023600080302860F0E7286820F4803028602868F2
:1023700020F480202860E7E7286840F48020286067
:10238000286840F480302860DEE7FFF7D1F8801B32
:10239000642802D90320BDE8F88F286810F4003FB4
:1023A000F3D012E0FFF7C4F80646286810F4003FA7
:1023B0000BD0FFF7BDF8801B642802D90320BDE8CD
:1023C000F88F286810F4003FF3D12078C64F10F042
:1023D000020F4FF001094FF0000854D0686810F068
:1023E0000C0F14D0686800F00C00082803D168684E
:1023F00010F4803F0BD0606978B3C7F80090FFF706
:1024000097F80646286810F0020F12D01DE02868E1
:1024100010F0020F05D06069012802D00120BDE84C
:10242000F88F2868A16920F0F80040EAC100286010
:1024300029E0FFF77DF8801B022802D90320BDE8C0
:10244000F88F286810F0020FF3D02868A16920F0F7
:10245000F80040EAC100286015E0FFE7C7F80080F7
:10246000FFF766F80646286810F0020F0BD0FFF75A
:102470005FF8801B022802D90320BDE8F88F286886
:1024800010F0020FF3D1207810F0080F30D09748E9
:10249000E169C1B1C0F80090FFF74AF80646686AE2
:1024A00010F0020F0BD1FFF743F8801B022802D96E
:1024B0000320BDE8F88F686A10F0020FF3D0012006
:1024C00000F096FE14E0C0F80080FFF731F80646F1
:1024D000686A10F0020F0BD0FFF72AF8801B022861
:1024E00002D90320BDE8F88F686A10F0020FF3D11B
:1024F000207810F0040F6FD00026E86910F0805F9C
:1025000008D1E86940F08050E861E86900F0805047
:1025100000900126DFF8D8B1DBF8000010F4807FCE
:102520001BD1DBF8000040F48070CBF80000FEF710
:10253000FFFF8246DBF8000010F4807F0DD1FEF72C
:10254000F7FFA0EB0A00642802D90320BDE8F88F4A
:10255000DBF8000010F4807FF1D02069012816D04C
:10256000D0B1052821D0286A20F001002862286A0D
:1025700020F004002862206941F2883B68B3FEF72E
:10258000D7FF8246286A10F0020F17D03AE0286A77
:1025900040F001002862EEE7286A20F0010028627E
:1025A000286A20F004002862E5E7286A40F0040069
:1025B0002862286A40F001002862DCE7FEF7B8FFD5
:1025C000A0EB0A00584502D90320BDE8F88F286A1D
:1025D00010F0020FF2D015E01AE0FFE7FEF7A8FFB7
:1025E0008246286A10F0020F0CD0FEF7A1FFA0EB84
:1025F0000A00584502D90320BDE8F88F286A10F078
:10260000020FF2D1012E03D1E86920F08050E86179
:10261000E06A98B3696811F4803F0BD0696801F0F3
:102620000C01082906D1E96A11F4803F02D001208B
:10263000BDE8F88F022814D0E86A20F48030E86200
:10264000C7F86880FEF774FF0646286810F0006F30
:1026500059D0FEF76DFF801B642850D90320BDE8D8
:10266000F88F286810F0805F09D0E86A616B00F08D
:10267000F000884203D00120BDE8F88F43E0C7F89E
:102680006880FEF755FF0646286810F0006F0BD0F3
:10269000FEF74EFF801B642802D90320BDE8F88FA7
:1026A000286810F0006FF3D1E86A616B20F0F00049
:1026B0000843E862E86A216B20F470600843E8622E
:1026C000C7F86890FEF734FF0646286810F0006FE0
:1026D00019D1FEF72DFF801B64280BD90320BDE81C
:1026E000F88F000000100240000042428004424285
:1026F00000700040286810F0006FEAD003E02868FE
:1027000010F0006FA5D1206AE8B3696801F00C01F0
:10271000082957D002280FD0C7F86080FEF708FFBD
:102720000446286810F0007F5DD0FEF701FF001B13
:10273000022842D90320D2E7C7F86080FEF7F8FEEE
:102740000646286810F0007F0AD0FEF7F1FE801BD5
:10275000022801D90320C2E7286810F0007FF4D1D5
:10276000606AB0F5803F09D1E86A61680843E862B1
:10277000E86AE16820F00F000843E862A16A606A35
:102780000843696800E02EE021F474110843686092
:10279000C7F86090FEF7CCFE0446286810F0007F72
:1027A00021D1FEF7C5FE001B022801D9032096E7C0
:1027B000286810F0007FF4D015E0286810F0007F42
:1027C000B3D110E001280CD06868626A00F480314F
:1027D000914204D1A16A00F47010884203D0012014
:1027E0007DE701207BE7002079E70000401EB0F183
:1027F000807F01D3012070474FF0E0214861044AF7
:10280000F0201070002088610720086100207047C8
:1028100023ED00E070B50446002C04D094F841008C
:10282000002510B106E0012070BD84F8405020461C
:1028300000F024F8242084F841002068C16821F4C5
:102840000051C160204600F093FD2068016921F429
:10285000904101612068416921F02A0141612068AD
:10286000C16841F40051C1606564202084F84100D2
:1028700084F842006563002070BD000030B585B06B
:10288000002400940194029403942B4D03682B4878
:1028900002210322AB4223D1836943F48043836145
:1028A000836903F480430493836943F004038361E1
:1028B0008069234D00F0040004900802CDE9000176
:1028C000039269462846FEF725FD2815CDE9000448
:1028D0000120029069462846FEF71CFD05B030BD78
:1028E000184DAB42FAD1C36943F40033C361C369E5
:1028F00003F400330493836943F020038361806908
:10290000114D00F0200004902020CDE90001039239
:1029100069462846FEF7FEFC4020CDE900046946E2
:1029200028460294FEF7F6FC0848416841F0E06151
:1029300041F008014160D1E7003801400010024039
:102940000008014000440040001401400000014024
:102950002DE9F84304460E4615461F4694F84100FB
:10296000202802D00220BDE8F8837EB175B1002096
:102970006064212084F84100FEF7DAFD8146A584D9
:10298000E584A068B0F5805F03D004E00120BDE8D5
:10299000F883206990B135460026E08C4FF020087E
:1029A000C8B14B46002280212046009700F044FD2C
:1029B00030B184F841800320BDE8F8830025ECE7BE
:1029C000B5B12168287848606D1CE08C401EE08419
:1029D000E08C0028E5D14B4600224021204600979C
:1029E00000F02AFD58B184F841800320BDE8F88347
:1029F00030882168C0F308004860B61CE5E784F819
:102A000041800020BDE8F883FEE701684A6912F4BE
:102A1000806F11D06FF480624A610021016320222F
:102A200080F83D2080F83E10026C42F004020264FF
:102A300080F83C100120704700207047F8B504462C
:102A40000D4617461E46E06A082808D0012806D021
:102A500010F5803F03D0206B122806D00AE02068D2
:102A6000016841F48071016004E02068016841F46C
:102A7000807101603B4600224FF001112046009614
:102A800000F07BF948B12068006810F4807F02D024
:102A90004FF4007020640320F8BD2069B0F5804F2A
:102AA0000FD005F44070F02141EAD0102168086190
:102AB00033463A460C49204600F0D4F930B10120A3
:102AC000F8BD216805F0FE00086102E02168E8B267
:102AD000086133463A460549204600F0C3F908B17B
:102AE0000120F8BD0020F8BD08000100020001002F
:102AF0002DE9F84F0446DDF828A00B9D0F469046BF
:102B00001E462068016841F4806101602068016808
:102B100041F480710160534600224FF001112046BC
:102B2000009500F02AF94FF4007948B12068006858
:102B300010F4807F01D0C4F840900320BDE8F88FE6
:102B4000216807F0FE000861DFF8F4B02B4652461A
:102B50005946204600F086F910B10120BDE8F88FF3
:102B600020684169806900902A465146204600F05D
:102B700032FA50B1206C042804D12068016841F475
:102B8000007101600120BDE8F88F304608F0FF06B3
:102B900001280DD021684FEA182008612A465146C5
:102BA000204600F018FA70B1206C042803D007E02A
:102BB0002068066109E02068016841F40071016045
:102BC0000120BDE8F88F206806612A46514620465C
:102BD00000F001FA50B1206C042804D1206801688B
:102BE00041F4007101600120BDE8F88F20680168A0
:102BF00041F480710160534600224FF001112046DC
:102C0000009500F0BAF848B12068006810F4807FA1
:102C100001D0C4F840900320BDE8F88F2168F8B2D5
:102C200040F0010008612B4652465946204600F00C
:102C300019F910B10120BDE8F88F0020BDE8F88F28
:102C4000020001002DE9F8430446DDF82090099FB9
:102C50000D46164698462068016841F4807101606F
:102C60004B4600224FF001112046009700F085F8F6
:102C700050B12068006810F4807F02D04FF40070DB
:102C800020640320BDE8F883216805F0FE00086198
:102C90003B464A461E49204600F0E4F810B10120A8
:102CA000BDE8F88320684169806900903A4649464A
:102CB000204600F090F950B1206C042804D120681F
:102CC000016841F4007101600120BDE8F883F5B2AC
:102CD000B8F1010F0CD02168300A08613A46494624
:102CE000204600F078F970B1206C042803D007E08A
:102CF0002068056109E02068016841F40071016005
:102D00000120BDE8F883206805610020BDE8F88354
:102D10000200010070B504460D4616462068406961
:102D200010F0040F18D12046FFF76FFE08B1012004
:102D300070BDB5F1FF3F0AD0FEF7FAFB801BA84239
:102D400000D825B92068406910F0040F06D020682B
:102D5000406910F0040FE6D0002070BD0020206311
:102D6000202184F83D1084F83E00216C41F02001C0
:102D7000216484F83C00012070BD2DE9F047044631
:102D8000DDF820900D4617461E46C5F3074820681B
:102D9000B8F1010F13D0806925EA00000004000C8F
:102DA00017D00020B8424DD1B6F1FF3F3DD0FEF71D
:102DB000BFFBA0EB0900B0420DD866B135E0406919
:102DC00025EA00000004000C01D00020EAE7012001
:102DD000E8E70120E6E7B8F1010F19D02068806923
:102DE00025EA00000004000C1DD00020B8421CD1D0
:102DF00000202063202184F83D1084F83E00216CDF
:102E000041F02001216484F83C000120BDE8F087F6
:102E10002068406925EA00000004000C01D0002071
:102E2000E4E70120E2E70120E0E7B8F1010F0CD070
:102E30002068806925EA00000004000C10D0002002
:102E4000B842B1D00020BDE8F0872068406925EA8B
:102E500000000004000C01D00020F1E70120EFE7A2
:102E60000120EDE72DE9F04704460D461646984649
:102E7000C5F307472068012F26D0806925EA0000A6
:102E80000004000C59D04FF000094FF0200A2068D0
:102E9000406910F4806F1ED02068016841F4007111
:102EA000016021686FF480604861C4F8309084F854
:102EB0003DA084F83E90206C40F00400206484F82B
:102EC0003C900120BDE8F087406925EA000000043D
:102ED000000C32D0D7E7B6F1FF3F25D0FEF728FB34
:102EE000A0EB0800B04200D8F6B9012F15D0206839
:102EF000806925EA00000004000C15D0C4F8309069
:102F000084F83DA084F83E90206C40F020002064BE
:102F100084F83C900120BDE8F0872068406925EAEC
:102F200000000004000CE9D1012F09D0206880695D
:102F300025EA00000004000CA9D10020BDE8F087BC
:102F40002068406925EA00000004000C9FD1F4E7E6
:102F50002DE9F04104460D4616462068406910F000
:102F6000400F27D100274FF020082068406910F05B
:102F7000100F0FD020686FF010014161276384F8B3
:102F80003D8084F83E70206C206484F83C70012001
:102F9000BDE8F081FEF7CCFA801BA84200D825B925
:102FA0002068406910F0400F07D02068406910F099
:102FB000400FDAD00020BDE8F081276384F83D801F
:102FC00084F83E70206C40F02000206484F83C704F
:102FD0000120BDE8F08170B504460D461646206814
:102FE000406910F0800F18D12046FFF70EFD08B1A0
:102FF000012070BDB5F1FF3F0AD0FEF799FA801BA2
:10300000A84200D825B92068406910F0800F06D08A
:103010002068406910F0800FE6D0002070BD0020CD
:103020002063202184F83D1084F83E00216C41F09B
:103030002001216484F83C00012070BD114810B5C6
:103040000F49016001218A03C0E90112CA02C2606E
:1030500001820D49002280230A704B70E1238B709E
:10306000CA700A714A71C0E905124FF40001C0E943
:103070000721FDF737FF002801D072B6FEE710BD2B
:1030800000800240201600208C0000202DE9F04333
:1030900085B0002429480094019402940394816926
:1030A00041F010018161816901F010010491816991
:1030B00041F004018161816901F004010491816999
:1030C00041F008018161816901F008010491816981
:1030D00041F0200181618069DFF8648000F0200008
:1030E0000490002201214046FEF71AFADFF85490BE
:1030F0004FF20407002239464846FEF711FA01252F
:10310000022603960095CDE9015469464046FEF734
:1031100001F900970396CDE9015469464846FEF748
:10312000F9F82802CDE90006032003906946064815
:10313000FEF7F0F805B0BDE8F08300000010024093
:10314000000C014000140140000801402DE9FF413E
:103150004FF480700225CDE9000500240320CDE95D
:1031600002401E4F69463846FEF7D4F80126CDE9E5
:103170000064694638460294FEF7CCF82F03DFF866
:103180006080CDE9007669464046CDE90245FEF70C
:10319000C1F8012239464046FEF7C2F9CDE9005692
:1031A000DFF8408069464046CDE90245FEF7B2F8B7
:1031B000002202214046FEF7B3F96F03CDE9007605
:1031C00069464046CDE90245FEF7A4F8002239469B
:1031D0004046FEF7A5F9BDE8FF8100000008014068
:1031E00000100140000C0140FEE7FEE770470000C0
:1031F00081B007494FF4FA520968B1FBF2F1484334
:10320000009000BF0098411E0091FAD201B07047B3
:10321000C40000207047000010B5FEF757FEFEF70F
:1032200087F90149086010BD5400002030B593B003
:1032300038216846FDF712F814210EA8FDF70EF8A4
:10324000012528040421CDE902010224CDE908402A
:103250000095019005954FF4E010CDE90A044FF474
:10326000C0600C9040200D906846FFF737F808B119
:1032700072B6FEE70F20CDE90E0400204FF4806106
:10328000CDE91001129002210EA8FEF7CDFE08B183
:1032900072B6FEE700224FF030611046FEF7FAFFEB
:1032A0000E48C16A21F0F00141F04001C162C16ADB
:1032B00021F4704141F40041C16209490D674FF6A4
:1032C000FF710268920002D4491EFAD101E0002980
:1032D00002D104A000F0FAF813B030BD0010024093
:1032E000000042425B434C4B5D204552524F523AE4
:1032F00020504C4C3320646964206E6F74206C6FD6
:10330000636B3B204D434F2077696C6C206E6F746C
:10331000206F75747075742035304D487A0D0A0031
:10332000704701680C3151E8002F22F4907241E897
:103330000023002BF5D10168143151E8002F22F051
:10334000010241E80023002BF5D1016B012909D1CD
:1033500001680C3151E8002F22F0100241E80023EF
:10336000002BF5D1202180F8421000210163704725
:1033700070B5044620680169E26821F440511143A8
:1033800001612169A0680843616901432068C2683E
:1033900022F4037222F4A0521143C16020684169F3
:1033A000A26921F44071114341612068A0F180417C
:1033B000B1F59C313AD0FEF7FDFE00EBC00101EB08
:1033C000001061681B4A8900B0FBF1F3A2FB0353B4
:1033D000B0FBF1FC5B096FF018056B430CEB83034A
:1033E0004FF0320C0CEB0313A2FB03535B0903F009
:1033F000F005B0FBF1F3A2FB03635B0905EB0313DC
:10340000B0FBF1F5B0FBF1F0A2FB001040096FF04A
:103410001801484305EB80000CEB0010A2FB0010E4
:103420002168C0F343101844886070BDFEF7D2FED7
:10343000C3E700001F85EB512DE9F8430446089EC1
:103440000D46174698462068006835EA000028D0E7
:103450000020B84232D1B6F1FF3F27D0FEF768F81E
:10346000A0EB0800B0421ED8EEB12068C16811F090
:10347000040F1BD0802D19D0402D17D0016811F0FA
:10348000080F13D000252168096840680090204685
:10349000FFF747FF0820606484F840500120BDE832
:1034A000F8830120D5E70320BDE8F8832068006891
:1034B00035EA000005D00020B842CCD00020BDE89D
:1034C000F8830120F8E701F0EFBBFEE70FB4054BEE
:1034D00010B503A9044A029800F0F4F810BC5DF896
:1034E00014FB000001730008780100200FB47CB5C4
:1034F0000C0009AD01D0611E00E00021CDE9000102
:10350000064B6A462946089800F0DCF8002C02D0E9
:10351000009A002111707CBC5DF814FB3F3E00084E
:1035200002E008C8121F08C1002AFAD1704770478C
:10353000002001E001C1121F002AFBD170470000EA
:103540002DE9FF5F82B00021DDE90430020DDDF8D6
:1035500040B0034318D044F61050A2F2FF32424369
:103560001514119801281FD0A5EB0B00401C5FEA31
:10357000000A4FF000064E4FDFF83891B046504633
:1035800015D5CAF1000413E0119801244AA30128BB
:1035900001D16FEA0B010298119AC0E90031C0E92C
:1035A000024206B0BDE8F09FCBF10000DFE7044621
:1035B0000021404A491842EB0450CDE9001012E0C6
:1035C000E00707D032463B4640464946FCF739FF04
:1035D0008046894632463B4610461946FCF731FF85
:1035E00006460F466410002CEAD1DDE90401DDE94E
:1035F0000023BAF1000F06DAFCF723FF42464B46E0
:10360000FCF71FFF05E0FCF78EFF42464B46FCF738
:103610008AFF04460E460022284BFDF7FDF903D829
:103620004FF0FF30014607E00022254B204631468F
:10363000FDF733F9FDF7D8F9102409E0002C0ADB77
:103640000A220023FCF7A2FD039B30321A55641EA8
:1036500050EA0102F2D1641C039AC4F1110314442C
:10366000119A012A03D0012208430DD10AE0084330
:1036700004D000204FF0110B119072E7A3EB0B0563
:103680006D1E0DE05B4504DD4FF0000205F1010504
:1036900004E003DA4FF00002A5F10105002AECD0A6
:1036A00002981199C0E90231C0E9004579E70000AC
:1036B000000014400000F03F300000000000F04324
:1036C0000000E03F2DE9FF4F95B09A468846064638
:1036D0000025EEE1252877D100242746F94A01216B
:1036E000039400E0044316F8013F203B01FA03F085
:1036F0001042F7D130782A2811D06FF02F0330789C
:10370000A0F13002092A16D8039A44F0020402EB11
:10371000820203EB42021044761C0390EFE758F854
:10372000042B0392002A03DA504244F4005403901D
:1037300044F00204761C30782E2816D116F8010FBA
:1037400044F004042A280DD06FF02F023078A0F145
:103750003003092B09D807EB870302EB4303C71893
:10376000761CF3E758F8047B761C30786C280FD071
:1037700006DC4C2817D068280DD06A2814D104E044
:10378000742810D07A280FD10DE044F400140AE018
:1037900044F4801401E044F440147278824202D16F
:1037A00004F58014761C761C307866280BD013DC68
:1037B000582877D009DC002875D04528F6D046284F
:1037C000F4D047281AD193E118E0632835D0642853
:1037D00079D0652812D18BE1702873D008DC672876
:1037E000F1D069286FD06E280DD06F2806D1ACE0DB
:1037F00073282CD0752874D0782853D05246179946
:1038000090476D1C54E1C4F30250022809D00328EC
:103810000DD0D8F8001004280DD00D6008F1040870
:1038200046E1D8F80010EA17C1E90052F6E7D8F8E7
:1038300000100D80F2E70D70F0E718F8041B8DF80A
:10384000001000208DF80100EB46012003E058F83D
:1038500004BB4FF0FF3061074FF0000102D40DE0D0
:1038600009F101018946B9420FDA8145F8DB1BF8FD
:1038700009100029F4D108E009F1010189468142CB
:10388000FADB1BF809100029F6D103985346A0EB88
:10389000090721463846179A00F080FA284400EBC1
:1038A000090507E044E008E10DE01BF8010B524672
:1038B00017999047B9F10109F7D253462146384686
:1038C000179AF2E039E00A21C4F302524FF0000BDC
:1038D0000091022A06D058F8040BC117032A09D018
:1038E0000AE023E008F1070020F00702F2E80201F5
:1038F000904605E000B2C117042A01D140B2C117B9
:10390000002906DA0A460021404261EB02012D221D
:1039100002E0220504D52B228DF80420012203E0C9
:10392000E20701D02022F7E7914657E00A2100E0A4
:1039300010214FF0000B00910BE010214FF0000B15
:1039400044F004040827009103E008204FF0000B26
:103950000090C4F30252022A05D058F8040B00214B
:10396000032A08D008E008F1070020F00702F2E877
:103970000201904603E080B2042A00D1C0B24FF0A9
:10398000000922072AD53278702A07D0DDF800C056
:103990008CF0100C5CEA0B0C05D00EE040228DF888
:1039A0000420012208E050EA010306D030238DF8FC
:1039B00004308DF8052002229146009B83F0080315
:1039C00053EA0B030AD150EA010201D1620705D57F
:1039D00030228DF804204FF001097F1E3278582ADA
:1039E00004D039A20C920CAA02920BE03BA2F9E798
:1039F0005B46009AFCF7CAFB0C9B9B5C029A521E2A
:103A00000292137050EA0102F2D1029804A9081A36
:103A100000F1200B600702D524F4803400E0012778
:103A20005F4502DDA7EB0B0000E0002000EB0B017F
:103A3000009003984944401A0390E00306D453468B
:103A40002146179A039800F0A9F90544002706E0DB
:103A500001A85246C05D179990476D1C7F1C4F45C9
:103A6000F6DBE0030CD553462146179A039800F085
:103A700095F9054404E030205246179990476D1C93
:103A80000099481E00900029F5DC08E00298029990
:103A900052460078491C0291179990476D1CBBF162
:103AA0000001ABF1010BF1DC5BE100F065F90544CD
:103AB000761C307800287FF40DAE19B02846BDE89A
:103AC000F08F0000092801003031323334353637A9
:103AD000383961626364656600000000303132335A
:103AE00034353637383941424344454600000000FA
:103AF000600700D4062708F1070020F00700F0E86F
:103B00000223804603F0004C5FEA0C0001D097A02E
:103B100009E0200501D596A005E0E00701D095A0B9
:103B200001E0AFF24C001390307823F00043652899
:103B30000CD006DC452809D046281DD047287FD167
:103B40003BE0662818D067287AD136E00021112F93
:103B500001DB112000E0781CCDE9000104A90CA8CC
:103B6000FFF7EEFCDDE90D010C9A4FF0000B07F1B9
:103B70000109109200914EE04FF000400097CDE90E
:103B8000011004A90CA8FFF7DBFCDDE90D020C9B7A
:103B90000F994FF0000B91461093009211B9791CC8
:103BA00000EB0109B7EB090003D4C0F1FF3B07F1BB
:103BB0000109A9EB0700019042E0012F00DA01277B
:103BC0000021112F01DD112000E03846CDE9000170
:103BD00004A90CA8FFF7B4FCDDE90D010C9A0091D3
:103BE0004FF0000BB946109221070FD4009A4A45B6
:103BF00003DA914601E0A9F10109B9F1010F05DDF0
:103C0000109AA9F10101515C3029F4D0B84202DACE
:103C100010F1040F03DA0121CDE9011010E00028B2
:103C200003DC8344A9EB000102E0411C494500DDAF
:103C30008946A0EB0B00401C01904FF00040029021
:103C4000200705D40198484502DB4FF0FF30019072
:103C500000208DF84B0002980DF14B07B0F1004F9A
:103C600025D002200C902B200D90029800280CDA11
:103C7000404202902D200D9007E00A210298FCF7A7
:103C800053FD3031029007F8011D0C99481E0C902D
:103C90000029F2DC02980028EFD1791E0D980870F7
:103CA000307800F0200040F0450007F8020D11A820
:103CB000C01BC01D02901398007800B1012000EBDA
:103CC0000901019801EBE071029801440398401A40
:103CD000401E0390E00306D453462146179A0398EA
:103CE00000F05CF805441398007818B15246179913
:103CF00090476D1CE00323D553462146179A03983D
:103D000000F04CF805441BE0BBF1000F07DB009806
:103D1000584504DD1098179910F80B0001E0179929
:103D200030205246904701980BF1010B401E05F1DF
:103D30000105019004D12E205246179990476D1C21
:103D4000B9F10001A9F10109DEDC05E017F8010B6A
:103D50005246179990476D1C0299481E02900029FF
:103D6000F4DC53462146179A03989EE62D00000086
:103D70002B000000200000002DE9F0410446002542
:103D80001E461746880404D405E039462020B04773
:103D90006D1C641EF9D52846BDE8F0812DE9F0417F
:103DA000044600251E469046C80301D5302700E092
:103DB0002027880404D505E041463846B0476D1CED
:103DC000641EF9D52846BDE8F081F0B51E1EC1B0CD
:103DD00014460B4602D004F1060101E004F105018E
:103DE000CFB24FF055018DF800104FF0AA018DF8B9
:103DF00001108DF8020001D0201D00E0E01C8DF8BC
:103E00000300224619466D4601A8FCF700FA30006F
:103E10000DEB040607D0A11CA81C00F0E3F8010A72
:103E20003171707105E0A41CE1B2A81C00F0F8F833
:103E300030713946684600F069FF41B0F0BD4A680C
:103E4000002A06D00A68531C0B6010704868401E98
:103E50004860704710B586B0044600F005FA024687
:103E600021460B48FFF732FB00F02EFAADF81000A8
:103E700000F0FAF9ADF81200694604A805F0F2F86E
:103E8000010002D0684602F04BFE06B010BD0000F3
:103E9000A8D200082DE9F04FADF6140D83468846F0
:103EA0000026FDF745FB0024074625460DF6040ACB
:103EB0000DF104093FE0684608F0CAFCD8B3FF2CB6
:103EC0000BD89DF8001009F83410FDF731FBC11B29
:103ED00009EBC400641CA4B241600B2D08D29DF80C
:103EE00000100AF805106D1CEDB20B2D23D30AE06B
:103EF0000A220AF101010DF60400FCF788F99DF889
:103F000000008DF80E089DF80408AA2813D19DF82A
:103F1000050855280FD1BDF8060840BAA0F59851FC
:103F2000663908D109210AF1020000F079F810B9C8
:103F3000761CB6B20025FDF7FBFAC01B404501D246
:103F40005E45B8D3214610A0FFF7C0FA00254F46C2
:103F50000AE000BF07EBC50017F83510426810A053
:103F6000FFF7B4FA6D1CADB2A542F3D30F48C16997
:103F70000091C389828931460DA0FFF7A7FA0DF69B
:103F8000140D3046BDE8F08F5B434849505D207208
:103F90006563762025752062797465733A000000A8
:103FA000202530325840256C7500000000000020AC
:103FB0000D0A5B434849505D20666F756E643D2570
:103FC00075202046452F4E453D2575204F52453DD5
:103FD00025752072785F746F74616C3D256C750D6A
:103FE0000A000000F0B505464FF6FF742046002297
:103FF00041F2210611E0AB5C80EA032000230704B4
:1040000003D586EA400080B201E004EA40005B1C70
:10401000DBB2082BF3D3521C92B28A42EBD3F0BD31
:1040200070B506461F20002212E0B45C0023E509AB
:1040300085EA1015640645EA40005B1C240E80EA00
:104040008500DBB200F01F00082BF0D3521CD2B267
:104050008A42EAD370BD00002DE9FE4F33A1D1E9B9
:104060000001CDE901013348016841F08071016030
:10407000314800214160016841F0010101600026E2
:104080004FF000094FF0FF344D4600F0F1FDBFF353
:104090004F8F2949D1F804B0284B294A002001AF9D
:1040A00003F1040C8A4619680906FCD5395CCCF882
:1040B0000010002C07DA1189B2F80A80414502D0BD
:1040C000DAF804900446401C0728ECDBDAF80470A8
:1040D000D046DFF870A005E0684608F0B9FB08B1EB
:1040E0006D1CADB2D8F80400C11B5145F4D3002CAF
:1040F0000BDBA9EB0B004821B0FBF1F32246314664
:1041000011480095FFF7E2F90AE02DB12A46314641
:104110000EA0FFF7DBF903E031461AA0FFF7D6F94E
:10412000761C052EACDBBDE8FE8F000055AA5205BB
:1041300000000A00FCED00E0001000E00038014043
:104140000000002080F520007CCF00085B43484938
:10415000505D204543484F2D50524F424520256425
:104160003A2041465445522D6275727374206F6E29
:104170006C793A20257520627974652873290D0AB7
:10418000000000005B434849505D204543484F2DE7
:1041900050524F42452025643A206E6F2065636877
:1041A0006F0D0A002DE9F05F2B4C83468A46E088AC
:1041B000FCF748FA29490546884206DA08460D46C2
:1041C00000F0B2FC5046FCF779FE29465846FCF751
:1041D000B6F8234920F000404FF07C59884229DB93
:1041E000204FB84226DB29465846FCF793FA01D205
:1041F000012601E04FF0FF36B84641462846FCF75D
:10420000D6F8FCF724FA054639465846FCF7CFF8AD
:10421000FCF71DFA07460BE035442846FCF709FA7F
:104220004146FCF792F800F07FFC5046FCF746FE52
:10423000BD42F1D1584600F077FC05465846FCF7E0
:104240001FFAA08049462846FCF727F8FCF718FA21
:10425000E080BDE8F09F0000000000200000484220
:1042600017B7D1380000C8400148C0887047000027
:104270000000002001484078704700000000002046
:104280000148806970470000000000200148406933
:1042900070470000000000200148007870470000CF
:1042A00000000020014880897047000000000020C5
:1042B0000148C08970470000000000200148C06923
:1042C000704700000000002001488088704700000F
:1042D000000000202DE9F34FCC4891B0816941F0F6
:1042E0000801816180694FF0000A00F00800009029
:1042F0000120CDE9020A01900220C54C049001A9D9
:104300002046FDF707F8C3A0FFF7E0F800220121DF
:104310002046FDF705F96420FCF7D0FD0122114687
:104320002046FDF7FDF86420FCF7C8FD00F006FB11
:10433000C5A1C74FD1E90001DFF81893DFF8188352
:104340000025A346CDE90501042D05D0C04E0C3E45
:10435000705D98B1012212E044F202000790CDF89E
:1043600020A0CDF824A007A9CDF828A05846FCF736
:10437000D1FF0521B9A0FFF7A9F816E0002202211C
:104380005846FDF7CDF8B24CE41F605D08B101223C
:1043900000E000224FF480415846FDF7C1F8635D0C
:1043A000725D691CBCA0FFF791F8002201215C46F8
:1043B0005846FDF7B5F80A20FCF780FD01221146AA
:1043C0002046FDF7ADF83220FCF778FD5FF00006DF
:1043D00057F8260000F0AEFC00F04AFC57F8261013
:1043E000BAA0C8F81010FFF771F80024484600F092
:1043F00029FC641C032CF9DB072105A800F044FB11
:104400004FF4FA711198FFF745FD041E02DC761C8B
:10441000022EDDDB6D1C052D02DA002C94D000E0AD
:1044200044B388F800404646AFA0D8F81010FFF714
:104430004DF8B6A207AB07CA83E807000B2107A80F
:1044400000F022FBB4A207AB07CA83E807000B21E8
:1044500007A800F019FB5746022269465320CDF801
:1044600000A000F0ADFA4FF4807090FBF4F0707093
:1044700000252FE0FFF7F0FDAA208DF800004EF692
:1044800060264FF47A70B6FBF0F1A648FFF71EF8ED
:10449000FDF74EF8054607E000240121684600F0CC
:1044A00035FC641CC82CF8DBFDF742F8401BB04219
:1044B000F2D3002013B0BDE8F08F7178009705FBB0
:1044C00001F08DF8000002226946402000F078FAE1
:1044D0006D1CEDB2A542F0DB93A207AB07CA83E8DF
:1044E00007000B2107A800F0CFFA92A207AB07CA7A
:1044F00083E807000B2107A800F0C6FA012000F0AE
:10450000EBFA8FA207AB07CA83E807000B2107A8C5
:1045100000F0BAFA8DA207AB07CA83E807000B21A7
:1045200007A800F0B1FA8CA207AB07CA83E807001E
:104530000B2107A800F0A8FA002540E0707889A1B7
:1045400005FB00F7D1E90001CDE907018DF81C70EA
:10455000062207A9412000F033FA84A10622D1E9FE
:104560000001CDE909018DF8247009A9412000F06E
:1045700027FA80A10622D1E90001CDE90B018DF8CF
:104580002C700BA9412000F01BFA7CA10622D1E976
:104590000001CDE90D018DF834700DA9412000F026
:1045A0000FFA78A10622D1E90001CDE90F018DF8BB
:1045B0003C700FA9412000F003FA6D1CEDB2A5423A
:1045C000BCDB1E211298FFF7EDFDF088FCF73AF8EE
:1045D000054670200090A3B22A4600206B4900F0E7
:1045E000DDFA2846FCF779F802460B460094B188BC
:1045F0006748FEF76BFF67A207AB07CA83E80700AF
:104600000B2107A800F040FA204653E700100240B3
:10461000000C01405B434849505D2072657365742E
:104620002070756C73652028525354206C6F77206E
:104630003130306D73202D3E20686967682031303D
:10464000306D73290D0A000055AA520500000A00BA
:1046500064CD000800E0FF1F000000205B434849D4
:10466000505D207374726170207472792025642FFC
:10467000353A20424F4F5428504231293D666C6FE5
:104680006174204354524C2850423134293D666CA9
:104690006F61740D0A0000005B434849505D207350
:1046A00074726170207472792025642F353A20422B
:1046B0004F4F5428504231293D2575204354524CC8
:1046C0002850423134293D25750D0A005B43484985
:1046D000505D2070726F62696E67204020256C7596
:1046E00020626175640D0A005B434849505D206398
:1046F0006861696E206C6F636B6564204020256C77
:104700007520626175640D0A0000000055AA510908
:1047100000A800070000030055AA51090018FF0F68
:10472000C100000010CF000855AA5109003C8000CC
:1047300085400C0055AA5109003C800080201900DA
:1047400055AA51090054000000031D0055AA510943
:10475000005802111111060055AA4109002C007CD5
:104760000003030000A8000701F000000018F0009B
:10477000C1000000003C800085400000003C80003B
:1047800080200000003C800082AA00000000F03F72
:10479000B8CE000855AA510900A49000FFFF1C00E4
:1047A0002DE9FF5F0026B24693464FE04FF0010827
:1047B00001243CE0012538E02846FBF743FF814611
:1047C0002046FBF73FFF07464046FBF73BFF3946D5
:1047D000FBF7BBFD4946FBF7B8FD07465846FBF71C
:1047E00031FF1E49FBF7B1FD3946FBF7E0FD81467D
:1047F00030460199FBF7A3FD20F000474846019998
:10480000FBF79DFD20F000403946FBF779FF0AD207
:1048100050466BF3070068F30F2064F3174065F30D
:104820001F6082464E466D1CEDB2A542C4D3641C87
:10483000E4B2072CBED908F1010000F0FF08B8F17E
:10484000020FB5D90BF1010000F0FF0B03998B4566
:10485000ACD90098C0E900A6BDE8FF9F0000C841A0
:104860002DE9F84388460746FCF762FE254D264CA5
:104870000646684607F0ECFF0028A07815D0F0B196
:10488000012822D09DF800102954401CC0B2A0700D
:104890000B28EED10020A0700921A81CFFF7C0FB57
:1048A00028B3A069401CA061E3E7002805D0FCF70D
:1048B0003FFE811B4145DCD30020BDE8F8839DF815
:1048C0000000AA28D5D128700FE09DF800005528D7
:1048D00007D028706169491C6161AA2805D00020B1
:1048E00001E068700220A070C3E70120FBE72868A0
:1048F00038606868786028893881A87AB8720120A1
:10490000DBE70000840100200000002008B50A4B0E
:104910005A7832B91A7802B901224FF48073B3FB86
:10492000F2F250438DF800008DF801100222694622
:10493000422000F045F808BD0000002030B40022FD
:104940000B4944F6206310460C68640500D5521CE0
:10495000401C9842F8D39A4201D106A101E022B14D
:1049600006A130BC08A0FEF7B1BD14A1F9E7000014
:10497000080801404849474800000000464C4150A3
:1049800050494E47000000005B434849505D2052AB
:10499000582850413130292069646C653A202573CC
:1049A0002028256C752F256C752073616D706C65E2
:1049B000732068696768290D0A0000004C4F570092
:1049C0000023FFF702BA000030B5044697B0007824
:1049D0008DF8080001208DF80900D4F8D000CDF83A
:1049E0000A00D4F8CC00CDF80E00D4F8C800CDF8F9
:1049F000120004F180050DF11600202204F1A80137
:104A0000FBF705FC0DF13600202204F18801FBF7CD
:104A1000FEFB68680D4DCDF856005223296A022925
:104A20000CD2D4F8CC20D4F88400CDE9000222784E
:104A300007A0FEF74BFD286A401C28625222012382
:104A400002A92120FFF7C1F917B030BD00000020F6
:104A50005B4A4F422D54585D2023256C75206964B4
:104A60003D2575206C656E3D2575207665723D305F
:104A7000782530386C58206E626974733D30782523
:104A800030386C580D0A000070B506460D460BA074
:104A9000FEF71CFD002405E0315D0CA0FEF716FDBD
:104AA000641CE4B2AC42F7D30AA0FEF70FFD29461E
:104AB0003046BDE8704000F029B900005B4348492A
:104AC000505D2054582025753A00000020253032D2
:104AD000580000000D0A00007CB56C46002101E082
:104AE0004008491C0128FBD80020012520708D407A
:104AF000142060706D1E280E04F090FDA070C5F3A8
:104B0000074004F08BFDE070C5F3072004F086FD3C
:104B10002071E8B204F082FD6071062269465120DE
:104B2000FFF74EFF7CBD00007FB50146EB239022CE
:104B300002A8FFF735FE9DF808209DF8091002EB4A
:104B4000C20404EB0214B4FBF1F49DF80A309DF8A2
:104B50000B00B4F5166F01D3502400E040245B1E17
:104B600003F00F03401E0BA563F31F10D5E90035BA
:104B7000CDE900358DF804108DF802408DF8032042
:104B80008DF80500062269465120FFF719FF0398AA
:104B900004B070BD00080000000000002DE9FC41D9
:104BA00006461C4617468846089803F037FF054618
:104BB000204603F033FFFBF745FD04462846FBF78C
:104BC00041FD01464FF09F40FBF7F1FB2146FBF70B
:104BD000EEFB05463846FBF780FD07460C462846A7
:104BE000FBF77BFD0022144BFBF72BFC3A462346D8
:104BF000FBF799FC6FF00502FBF704FD32464346D4
:104C0000FBF71FFCFBF750FD0CA2D2E90012CDE927
:104C10000012010E8DF80210010C8DF80310010A2C
:104C20008DF804108DF80500062269465120FFF723
:104C3000C7FEBDE8FC810000000039400010000004
:104C4000000000001CB508A2400BD2E90012CDE91B
:104C50000012010A8DF804108DF80500062269463D
:104C60005120FFF7ADFE1CBD00A490000000000025
:104C700008B5684607F0ECFD0028FAD108BD000031
:104C8000084810B50068C16841F02001C1600022E9
:104C900001212520FDF782F9BDE810402520FDF710
:104CA0006FB90000BC160020154810B5016800F16E
:104CB000040214488B061BD5126811F0060FD2B2FD
:104CC00002D083895B1C8381090702D5C189491CF5
:104CD000C181C169491CC16101894389491CC1F372
:104CE0000901994203D0084B04891A55018110BD6E
:104CF0000907FCD51168C189491CC18110BD00009C
:104D000000380140000000208F01002030B5084B22
:104D100000221C1D06E01D682D06FCD5855C256063
:104D2000521C92B28A42F6D318684006FCD530BDB8
:104D30000038014070B505460A4801684906FCD5AF
:104D4000084C0C34206820F400502060FDF742FA33
:104D5000B0FBF5F0211F0860206840F4005020608F
:104D600070BD0000003801402DE9F0410F460646B5
:104D700014461D46511C184607F0AAFF2E7124B197
:104D800022463946681DFBF742FA641DA0B2BDE811
:104D9000F0810000F0B54C4D9DB0286900286FD01F
:104DA00088E000BF9DF82C209DF82E009DF82D1066
:104DB0000592CDE9061008909DF8280001AC9DF8F9
:104DC0002B309DF82A209DF8291084E80F009DF8CB
:104DD000270000909DF826309DF825209DF824108E
:104DE0003A48FEF773FB9DF82E0000064DD50020D3
:104DF00004900690BDF82C00DDF8264046BA0594D4
:104E00009DF82B0000F0F8018DF8101000F007005D
:104E10008DF81300600E8DF81200FFF72BFA20B109
:104E2000C4F34741B1FBF0F200E000228DF81120FD
:104E30009DF81010264BC1F3C30053F8200000B9B1
:104E4000A8699DF8133040EA463006909DF812603C
:104E5000CDE90220CDE9006322461E48059BFEF7FE
:104E600035FB0CA80090D5E9142304A804F040F900
:104E700004001FD001460CA801F052FE214600E0BC
:104E80001FE015A0FEF722FB14E0DDF826009DF8D8
:104E90002A609DF82B7004BAFFF7ECF910B1B6FB4D
:104EA000F0F100E0002100943B46324615A0019449
:104EB000FEF70CFB002109A8FFF7D2FC00283FF702
:104EC00071AF1DB0F0BD000048000020ECD100081B
:104ED000E0150020F4D200085B4E45542D4E4F4E95
:104EE00043455D20466F7277617264656420257565
:104EF00020627974657320746F20486F73740D0A93
:104F0000000000005B434849502D5245475D206139
:104F10007369633D25752028616464723D3078258E
:104F200030325829207265673D307825303258205C
:104F300076616C3D30782530386C582028256C75AA
:104F4000290D0A002DE9FC41050055D02C6A002CE2
:104F500052D000266682A16A4FF03C024B1C4FF4EF
:104F600080374FF6FF7009D01E31B1FBF2F1B94224
:104F700001D3014601E001B90121A182E16A4B1C84
:104F80000AD01E31B1FBF2F3BB4201D3034601E06C
:104F900003B901236381E381216B4B1C0AD01E31CD
:104FA000B1FBF2F2BA4201D3024601E002B901229A
:104FB000A28122826289A1898A4201D301B16681DC
:104FC000E179C90701D0206A08E0217F7F2901D853
:104FD000FF2003E0C02901D36FF07F400090606A9A
:104FE00001900A21204600F05BFE01AB6A4604F105
:104FF0001C01284603F0AEFCBDE8FC8170B52948D1
:1050000004684CE0206AA0B3417991B3818A69B108
:10501000418A491C89B24182828A914206D1204646
:1050200000F0C0FC204600F043FE37E0018A19B1D1
:105030004A1E0282012906D0C189D1B14A1EC2810D
:10504000012917D02AE0256A20466979012905D06F
:105050000A2903D0052901D004291FD100F028FB1B
:10506000A88A698A401A022818DB00EBD070400831
:10507000288213E0256A20466979012903D00A298C
:1050800001D005290AD100F0EFFCA889698A401AED
:10509000022803DB00EBD0704008E8812468002C74
:1050A000B0D170BDE80000202DE9F04799461646C2
:1050B0000D4607000ED06DB14FF49A7A4FF420726E
:1050C0005146382003F0DEFCB0F1000803D0032E77
:1050D00006D102E00020BDE8F087687903280BD1F3
:1050E000A879254C08B1606805E0FCF721FA23494E
:1050F0000968484060602860D8F80440514620465E
:10510000FBF7ACF801202070607097F83000A070B9
:10511000286802F075FD6060082E0AD0042E08D0C1
:10512000072E06D0032E06D16879052801D0042861
:1051300001D17868E060002039182218401C91F8ED
:105140002A1080B211770628F6D30D48C4F8EC0077
:1051500004F1F001012335220C46002000F04EF945
:105160003246214600F051F9B9F1000F01D0A9F8FB
:1051700000004046AFE7000050010020E8F7FF1FA5
:105180006382536310B5064C2078401E10F0FF0078
:10519000207004D1A06807F0EFFC0020A06010BDD3
:1051A000500100202DE9FE4F046A07464FF0000928
:1051B00006212046C4F81C9000F072FD02AB0122CB
:1051C00021463846FFF770FF060041D07168022380
:1051D000F0318A4639225546BDF8080000F00EF934
:1051E000ADF808003A8D294600F047F9ADF80800FF
:1051F0003A46294600F00DF9ADF80800032337229E
:10520000294600F0FBF8DFF88480ADF8080000259F
:10521000514618F80520BDF8080000F0F6F86D1C9E
:10522000EDB2ADF80800032DF2D33246514680B2FC
:1052300000F02BF916484323CDE900701348154AB6
:10524000401E3146806807F0CFFC304603F061FD18
:10525000A079FF2801D2401CA071C1B2062902D258
:105260000120884000E03C2000EB4001C1EBC01071
:105270004FF6FF7101EAC0004FF4FA7100F2F3102B
:10528000B0FBF1F020814846BDE8FE8F51010020BF
:10529000A4CE0008A8CE00081B4810B504682FE073
:1052A000206AF8B10189012903D9A1F10101018125
:1052B00025E024D14FF000010181216A48790C28B2
:1052C00006D0062804D0012806D0032811D016E005
:1052D0002046FFF767FF12E088790528204602D8AC
:1052E00000F032FC0BE000F05DFB204600F0E0FC3B
:1052F00005E088790228EBD2204600F04BFA2468BA
:10530000002CCDD110BD0000E800002070B5046A6B
:105310000020184D20626062E878174E08B1F068EE
:10532000A062287908B1306901E0A06A4008E06213
:10533000687908B1706903E0A06AC0EBC000C008DA
:1053400020630869E061A87938B1B06902F058FCBF
:105350002062E07940F0010002E0E07920F00100F5
:10536000E071E879002803D0F06902F049FC60623E
:1053700070BD00005C0100201057002010B5104CDB
:105380002078A8B907F0E6FBA060B0B1417A4422CA
:1053900041F0200141720B4907F070FA432209499C
:1053A000A06807F0C7FA00220749A06807F0DFFBF2
:1053B0002078401C2070002010BD4FF0FF3010BD41
:1053C00050010020A4CE0008A1580008016A00295D
:1053D00013D04B790022042B0CD004DC002B0CD012
:1053E000032B04D106E0052B04D00A2B02D08A71CE
:1053F000FFF7D8BE8A7100F0CDB970470A54401C3F
:1054000080B20B54401C80B270470A54401C80B2DA
:1054100070472DE9F0410546506A14460E46C8B162
:10542000FAF727FFB0B1646AC5F14101884200D3A1
:1054300008460746C3B20C2231462846FFF7DEFF76
:1054400005E014F8012B31462846FFF7DEFF05463C
:105450007F1EF6D22846BDE8F081130E0B54401C87
:1054600080B2130C0B54401C80B2130A0B54401C26
:1054700080B20A54401C80B27047130A0B54401C7F
:1054800080B20A54401C80B27047FF230B54401C6A
:1054900080B2002302E00B54401C80B24428FAD3AF
:1054A000F03081B2104603F091BC00002DE9F04FBE
:1054B00087B08246002004907B480021C1600161D2
:1054C000BAF80A002C2814D3774FF024BAF8080051
:1054D0006FF005090C375646059404E0621A401A2D
:1054E000366894B280B226B17189A142F6D9029091
:1054F000B1E06FF0010007B0BDE8F08FA01C80B2F2
:105500004FF0FF380190A042F3D37389621C93429D
:1055100003D903982044407803E0306808B140681C
:1055200000783429054624D007DC89B1012912D03E
:10553000032914D0332908D117E035292ED0362974
:1055400030D03A2932D03B2935D0002591B317E02D
:1055500000200546FAE704287ED1062303E004254F
:1055600004287DD307239846F0E7042878D1032345
:10557000F9E7012874D10599F02971D14FF000089D
:105580002044801CB0F5803FB3D284B2F5B3002034
:10559000CDF8000017F8080098B14FE001285FD15E
:1055A0000123E0E704285BD10223DCE7042857D17C
:1055B0000423D8E703E0042852D10523D3E794B2AB
:1055C0003CE0042D01D2284600E004208346024638
:1055D00069463046019B03F011FB584589D1042DE3
:1055E00019D9A8073CD1012007F80800009802F05B
:1055F00007FB2E4A2D1FEDB242F8280001980199B1
:10560000001D80B28842FFF474AF00E016E008F19C
:1056100001080190BEE7042D02D0012D20D103E046
:10562000009802F0EDFA01E09DF8000000900120E2
:105630001E4907F80800009A41F828207089A04206
:1056400010D8211A8CB20299081A80B202908442B2
:105650009AD2366806B100E002E07068039002E07A
:10566000484648E73EB10298844204D20398015D5F
:10567000FF297FF443AF387848B10C480021006817
:10568000397001280DD0022804D0032807D00498CF
:105690000028E6D000202C2404906C201BE7012079
:1056A00004906C24EC2016E75001002010570020D5
:1056B0002DE9FC47046A07460421204600F0F0FA71
:1056C00001AB032221463846FFF7EEFC060041D02D
:1056D00071680223F031894639224D46BDF8040035
:1056E000FFF78CFEADF804003A8D2946FFF7C5FEA2
:1056F000ADF80400032337222946FFF77FFEDFF8C9
:105700008C80ADF804000025494618F80520BDF846
:105710000400FFF77AFE6D1CEDB2ADF80400032D16
:10572000F2D33A46494680B2FFF773FEADF8040063
:1057300032464946FFF7A9FE14480097401E43230E
:10574000134A3146806807F031FA0546304603F0C7
:10575000E0FA01E04FF0FF35A079FF2801D2401CAC
:10576000A071C0B20A2803D24FF47A71484301E015
:1057700042F2107080B24FF4FA7100F2F310B0FBF5
:10578000F1F020812846BDE8FC870000510100208F
:10579000A8CE00082DE9FC47046A074603212046ED
:1057A00000F07EFA01AB032221463846FFF77CFC6D
:1057B000060055D071680223F031894639224D46E2
:1057C000BDF80400FFF71AFEADF804004FF41072A4
:1057D0002946FFF752FEADF8040004233222294681
:1057E000FFF70CFEADF80400E06902F009FA02468A
:1057F0002946BDF80400FFF730FEADF8040003238E
:1058000037222946FFF7FAFDDFF88C80ADF8040057
:10581000002500BF18F805204946BDF80400FFF731
:10582000F4FD6D1CEDB2ADF80400032DF2D33A4641
:10583000494680B2FFF7EDFDADF804003246494617
:10584000FFF723FE14480097401E4323134A3146B6
:10585000806807F0ABF90546304603F05AFA01E0DC
:105860004FF0FF35A079FF2801D2401CA071C0B2D3
:105870000A2803D24FF47A71484301E042F21070D3
:1058800080B24FF4FA7100F2F310B0FBF1F0208116
:105890002846BDE8FC87000051010020A8CE000882
:1058A0002DE9F0413B48516816464468256A002DB1
:1058B0006BD02879002868D070892C2865D30878A7
:1058C000022862D1002094F8302008E023180F1835
:1058D00093F82A303F7FBB4257D1401CC0B282426E
:1058E00001D90628F2D3486802F08AF9296888426B
:1058F0004BD129463046FFF7D9FD98BB2649487859
:1059000080B3264A77681079052804D0062813D07A
:10591000022828D039E06879012805D0032803D06F
:10592000042801D0052830D139462046FFF7EEFC87
:105930002046FFF707FB28E06879032805D00128F7
:1059400003D0042801D005281FD10C21206A00F0C3
:10595000A7F9134B20461A46114602F0FBFF2046DA
:10596000FFF720FC11E0687906280ED12546246A4D
:10597000887850B100202081906802F041F9A06140
:105980003869E061284600F0DFF83046BDE8F041B4
:1059900003F0BFB9985600205C010020105700208A
:1059A000A4CE00082DE9FE43046A0746002C55D01A
:1059B0006079002852D0A06902900025A561E561B8
:1059C000256265622563E562A562A58265822582FE
:1059D000E581384600F0A6F900282946204635D052
:1059E00000F05EF901AB072221463846FFF75CFB69
:1059F000060024D071680423F03136228846BDF8B1
:105A00000400FFF7FBFCADF80400029802F0F8F880
:105A100002464146BDF80400FFF71FFDADF8040043
:105A200032464146FFF731FD0D480097432302AA55
:105A30003146806807F0BAF8304603F06AF9094B3E
:105A400038461A46114602F085FF01E000F028F9B9
:105A50002079002802D0FFF795FB2571BDE8FE8371
:105A600050010020A4CE00082DE9FC47046A074637
:105A70000521204600F014F901AB032221463846E7
:105A8000FFF712FB060042D071680223F03189460D
:105A900039224D46BDF80400FFF7B0FCADF8040014
:105AA0003A8D2946FFF7E9FCADF8040003233722BD
:105AB0002946FFF7A3FCDFF88C80ADF80400002531
:105AC000494618F80520BDF80400FFF79EFC6D1C40
:105AD000EDB2ADF80400032DF2D33A46494680B248
:105AE000FFF797FCADF8040032464946FFF7CDFCBE
:105AF00014480097401E432304F118023146806881
:105B000007F054F80546304603F003F901E04FF082
:105B1000FF35A079FF2801D2401CA071C0B20A282D
:105B200003D24FF4FA61484301E044F6206080B2AA
:105B30004FF4FA7100F2F310B0FBF1F02081284627
:105B4000BDE8FC87510100202DE9FE4306007AD014
:105B5000346A002C7BD00121204600F0A1F802AB72
:105B6000032221463046FFF79FFA070072D079687A
:105B70000223F031894639224D46BDF80800FFF76F
:105B80003DFCADF80800328D2946FFF776FCADF8F4
:105B90000800042332222946FFF730FCADF8080044
:105BA000E06902F02DF802462946BDF80800FFF72B
:105BB00054FCADF80800042336222946FFF71EFCEA
:105BC000ADF80800A06902F01BF802462946BDF8AE
:105BD0000800FFF742FCADF80800032337222946EE
:105BE000FFF70CFCDFF8AC80ADF80800002500BF23
:105BF00018F805204946BDF80800FFF706FC6D1CA3
:105C0000EDB2ADF80800032DF2D33246494680B21A
:105C1000FFF7FFFBADF808003A464946FFF735FCB1
:105C20001D484323CDE900601A481C4A401E3946EE
:105C3000806806F0D9FF0546384603F06AF80BE0A5
:105C400001E004E006E06FF00F00BDE8FE836FF0B6
:105C50000500FAE74FF0FF35A079FF2801D2401C7C
:105C6000A071C0B2062802D20121814000E03C218F
:105C700001EB4100C0EBC1104FF6FF7101EAC0001B
:105C80004FF4FA7100F2F310B0FBF1F020812846D6
:105C9000DBE7000051010020A4CE0008A8CE0008D8
:105CA00042798A4203D0417100218171018170479C
:105CB00070B505006FF00F0017D095F83110C907C7
:105CC00013D0288D2C6A4FF0FF36B0F5107F0BD320
:105CD00064B1207908B1FFF755FA34212046FAF76C
:105CE000BDFAFFF74BFB40B1304670BD342002F0E7
:105CF0002EFD0400F8D02C62EFE70120207195F80A
:105D00003100400705D402212046FFF7C9FF0020DB
:105D100070BD2846FFF746FA0028F9D02846FFF75D
:105D200041FEE1E740B1006A30B140790A2805D070
:105D3000052803D0042801D00020704701207047B7
:105D400070B505460C4603F08FFDA968096821600F
:105D5000A9680C60BDE8704003F088BD10B504462A
:105D600003F082FDA1680C682CB122680A6003F080
:105D70007DFD204610BD03F079FD002010BD000020
:105D80002DE9FC412A4C05460F46A06810B10120C0
:105D9000BDE8FC81E068002848D105F011FF2888A3
:105DA00041BA0A04A97846BA42EA0123EA783604DD
:105DB000134346EA01261B06B6B243EA062346BA57
:105DC00040BA000440EA01201949F6B243EA06232A
:105DD0001043203143EA10600860278004F085FDFD
:105DE000E06050B10022134903F0C0FE002640B12C
:105DF000E06803F01DFEE66018E00FA0FDF766FB0B
:105E000014E0E878CDE90007AB786A7829780EA02D
:105E1000FDF75CFB0649154B3A462031E06804F07B
:105E2000AFF80028E4D1FBF783FB20610020AFE747
:105E300024000020A4CE00085B5443505D204E6F28
:105E4000205043420D0A00005B5443505D20436FD5
:105E50006E6E6563742025642E25642E25642E25C0
:105E6000643A25642E2E2E0D0A000000019C0008C5
:105E7000F0B589B001265BA0FDF728FB002401AD39
:105E800004F1110081B23046FAF7C0FF25F8140082
:105E9000641C0F2CF4DB5EA0FDF718FB5FF0000420
:105EA00063A035F81410FDF711FB641C0F2CF7DB11
:105EB00061A0FDF70BFB18213046FAF7A7FF044657
:105EC00019213046FAF7A2FF024621465BA0FDF7F2
:105ED000FDFABDF8041066A0FDF7F8FA032130467C
:105EE000FAF794FF044603213046FAF78FFF054680
:105EF00003213046FAF78AFF0746AC4203D1BD4280
:105F000001D163A000E064A000903B462A462146F0
:105F100064A0FDF7DBFAAC4212D1BD4210D1A4F56A
:105F20002040B0382BD0A4F5B840903825D00221BD
:105F30003046FAF76BFF0146224667A0FDF7C6FA26
:105F400071A0FDF7C3FA40F6B830FAF7B7FF0121A8
:105F50003046FAF75BFF044605213046FAF756FF54
:105F6000074600213046FAF751FF054672A0FDF7BB
:105F7000ADFAE80508D577A007E078A100E078A1A0
:105F800078A0FDF7A3FADBE780A00090A80401D574
:105F900080A300E081A3E80401D581A200E081A2F2
:105FA000294681A0FDF792FAA00601D58CA300E056
:105FB0008DA3600701D58EA200E08FA2214690A09C
:105FC000FDF784FA0FB19BA200E09CA239469DA088
:105FD000FDF77CFA600702D5A4A0FDF777FA09B0B7
:105FE000F0BD00005B5048594442475D203D3D3DB7
:105FF000204450383338343844534B2032354D48E0
:106000007A20524D4949203F3F203D3D3D0D0A0039
:106010005B5048594442475D20457874207265675B
:106020007320307831312D307831463A000000004D
:1060300020253034580000000D0A00005B504859FC
:106040004442475D2053545241502830783138291A
:106050003D30782530345820205354524150283058
:10606000783139293D3078253034580D0A00000048
:106070005B5048594442475D2050485943522830AC
:10608000783131293D3078253034580D0A00000030
:10609000737461626C650000554E535441424C4527
:1060A000210000005B5048594442475D2050485948
:1060B000494452322072656164733A203078253049
:1060C00034582030782530345820307825303458F2
:1060D000202025730D0A00005B5048594442475D5B
:1060E00020556E7265636F676E697A6564205048EB
:1060F000592049443D3078253034583A307825309D
:1061000034580D0A000000005B5048594442475D76
:106110002057616974696E6720337320666F72203F
:106120006175746F6E656720746F20736574746C2D
:10613000652E2E2E0D0A00005B5048594442475DE3
:10614000203D3D3D203F3F3F3F3F3F203D3D3D0DFA
:106150000A00000046554C4C000000004B53510013
:10616000432F49005B5048594442475D20504859ED
:10617000203D20445038333834382025732028639C
:106180006F6E6669726D6564290D0A0048414C4660
:10619000000000003130304D0000000031304D0073
:1061A000454E0000444953005B5048594442475D06
:1061B000204243523D307825303458202061757498
:1061C0006F6E65673D2573202073706565643D259E
:1061D0007320206475706C65783D25730D0A00008E
:1061E000444F4E450000000050454E44494E470084
:1061F0005550212121000000444F574E000000005F
:106200005B5048594442475D20424D53523D3078DF
:106210002530345820206C696E6B3D257320206139
:1062200075746F6E65675F646F6E653D25730D0AEB
:106230000000000050524553454E54004142534522
:106240004E5400005B5048594442475D20414E4C3B
:106250005041523D3078253034582020706172749E
:106260006E65723D25730D0A000000005B504859B1
:106270004442475D202A2A2A203F3F3F3F3F3F3F7D
:106280003F3F3F3F3F3F202A2A2A0D0A00000000DF
:1062900004490A7902704A7942708A798270C97910
:1062A000C1707047A805002002484068002800D04F
:1062B00001207047A805002030B5404D044687B046
:1062C000002204212846FBF72BF93220FAF7F6FDCD
:1062D000012204212846FBF723F94FF49670FAF7C0
:1062E000EDFD612204210120FAF7C2FD4FF4905226
:1062F00000210120FAF7BCFD4FF4FA60FAF7DEFD49
:106300002FA0FDF7E3F800F069FF2046FAF760FDE3
:10631000354883690268416934A0FDF7D7F84048E1
:10632000426801683FA0FDF7D1F84748416847A09F
:10633000FDF7CCF801F068FC0020039004904E4A71
:106340004E4905908DE8070004AB05AA03A94C4807
:1063500002F044FA00282BD0494802F02BFB4848B1
:1063600002F04EFB0121464800F075FF44482168C9
:106370001838434D40F8421FA1888180062085F8D7
:10638000300061792079CDE90001E3783DA2182140
:10639000A5F11800FDF7AAF8A5F1180068621830F9
:1063A000FFF786FC3DA0FDF791F8012007B030BD56
:1063B00046A0FDF78BF80020F8E70000001401402C
:1063C0005B5048595D20466F726365642031304DE3
:1063D00020284554485F464F5243455F31304D3D7C
:1063E00031290D0A00000000009002405B444D413D
:1063F0005D20444D4153523D30782530385820209F
:10640000444D41424D523D3078253038582020448B
:106410004D414F4D523D3078253038580D0A00001F
:10642000008002405B444D415D204D414343523D5D
:1064300030782530385820204D41434646523D3073
:1064400078253038580D0A00000001405B444D416A
:106450005D204146494F5F4D4150523D30782530D7
:10646000385820202862697432343D4554485F52C0
:106470004D4949290D0A0000ED7000080972000815
:10648000A80500204254434D696E65722D253032B7
:106490005825303258253032580000005B4C57499F
:1064A000505D2044484350207374617274656420C9
:1064B0002877616974696E6720666F72206C656108
:1064C0007365292E2E2E0D0A000000005B4C5749E3
:1064D000505D206E657469665F6164642066616901
:1064E0006C65640D0A000000014880687047000078
:1064F0002400002010B501210846FAF787FCC0F3FC
:10650000800010BD01480068704700006401002051
:1065100001484068704700006401002002480021E3
:10652000016041607047000064010020F0B589B04F
:10653000304800F081FEFAF7FBFF2F4C05466069FA
:10654000281AFA2802D9656103F092F9A069F0B916
:1065500028494868D8B10120A061084602460DF1DB
:10656000140CD77A967A537A127A8CE8CC00C37BD3
:10657000827B467B007BCDE90106CDE90323C87908
:1065800000908B794A7909791C48FCF79FFFE069F4
:106590000026281AB0F5FA6F11D9E561FFF7AAFFB6
:1065A00008B1012108E0A06828B115A0FCF78EFF12
:1065B000A66005F005FB00210E4800F04CFEA06827
:1065C000002814D1E068002811D0206941F28831F8
:1065D000281A88420BD90FA0FCF778FFE06803F077
:1065E00027FAE66009B0BDE8F04005F0E9BA09B065
:1065F000F0BD0000A805002024000020C0CF000846
:106600005B4554485D204C696E6B206C6F73742140
:106610000D0A00005B5443505D2054696D656F7531
:10662000742C2072657472790D0A00002DE9FF4107
:10663000FFF71EFC7C4E002531467CA0FCF746FF90
:10664000346980A02146FCF741FFC4F30043C4F342
:10665000C422C4F38411C4F380008DE80F0004F059
:106660000101C4F3C003C4F3001284A0FCF72EFFA1
:10667000346902210120FAF7C9FB32690346214639
:106680008CA0FCF723FF9BA0FCF720FF00244FF613
:10669000FF77A0B20221FAF7B9FB0646A0B20321A8
:1066A000FAF7B4FB03463EB1BE4205D0324621465E
:1066B0009AA0FCF70BFF0125641C202CE9DBC5B177
:1066C000012402212046FAF7A1FB074603212046B8
:1066D000FAF79CFB064601212046FAF797FB054690
:1066E0003246394697A0FCF7F1FEA80615D5A2A0C0
:1066F00014E0A3A0FCF7EAFE02210120FAF786FBD2
:10670000044601210846FAF781FB04B02146BDE8A2
:10671000F0410246A5A0FCF7D9BEAFA00090E80466
:1067200001D5AFA300E0AFA3680701D5AEA200E09A
:10673000AFA22946B0A0FCF7C9FE10212046FAF707
:1067400065FB0146800601D5BAA000E0BAA0009022
:10675000480701D5BAA300E0BBA3880701D5BCA2B6
:1067600000E0BCA2BDA0FCF7B1FE00212046FAF774
:106770004DFB0146000501D5C6A000E0C6A04A05B4
:1067800001D5C6A200E0C6A2CB0501D5ACA300E0AE
:10679000ADA38D0401D5AFA500E0ADA5CDE90220E4
:1067A000CDE90053C80401D5BEA300E0BEA3080490
:1067B00001D58BA200E0BDA2BE48FCF787FE0421F4
:1067C0002046FAF723FB054605212046FAF71EFB73
:1067D0000446C5F38022C5F34011C5F380108DE84F
:1067E0000700C5F3C013C5F300222946B248FCF7E1
:1067F0006DFEC4F38022C4F34011C4F380108DE811
:106800000700C4F3C013C4F300222146AB48FCF7D1
:106810005DFE0CB1AAA100E0ABA104B0ACA0BDE844
:10682000F041FCF753BE0000008002405B50485925
:106830005D204554485F424153453D30782530380E
:10684000580D0A005B5048595D204D41434D494960
:1068500041523D30782530385820202865787065C1
:106860006374204D423D626974303D302C204352A8
:106870003D62697473343A32290D0A005B504859FD
:106880005D2020204D423D25642043523D25642E4D
:1068900025642E2564204D523D3078253032582015
:1068A00050413D307825303258204D573D25640DFC
:1068B0000A0000005B5048595D20534D4920746523
:1068C00073743A206265666F72653D3078253038A2
:1068D00058202061667465723D3078253038582024
:1068E00020726573756C743D3078253034580D0A0C
:1068F000000000005B5048595D205363616E6E6973
:106900006E672061646472657373657320307830DC
:10691000302D307831462E2E2E0D0A005B5048590E
:106920005D202041646472203078253032583A204E
:1069300049443D3078253034583A253034580D0AD2
:10694000000000005B5048595D2044503833383413
:10695000382049443D3078253034583A2530345871
:106960002028657870656374203078323030303A92
:1069700041304230290D0A00444F4E4500000000CE
:106980005B5048595D20204E6F2050485920726559
:1069900073706F6E64656420617420616E7920612C
:1069A000646472657373210D0A0000005B504859DE
:1069B0005D20205265616420307830312072656737
:1069C000323D30782530345820726567313D30785B
:1069D000253034580D0A000050454E44494E4700BA
:1069E0004F4E00004F464600555021200000000049
:1069F000444F574E000000005B5048595D20424D07
:106A000053523D30782530345820206C696E6B3DF0
:106A1000257320206175746F6E65673D2573202096
:106A20006175746F6E65675F646F6E653D25730D8C
:106A30000A0000004F4B000049444C450000000094
:106A400046554C4C0000000048414C4600000000F8
:106A500031304D003130304D000000005B5048595E
:106A60005D205048595354533D30782530345820D8
:106A70002073706565643D257320206475706C65B6
:106A8000783D25732020706167655F72783D2573BE
:106A90000D0A0000504400007570000049534F007B
:106AA0006E6F0000454E000044495300646F6E65F0
:106AB000000000008CD0000804D0000848D0000876
:106AC00050524553454E5400414253454E540000E8
:106AD0005B5048595D206C696E6B5F706172746EBB
:106AE00065723D25730D0A00F0B50A4A054600207F
:106AF0005488094E07E0F75C2F54401C5B1CC3F31D
:106B00000B0380B29380884202D29388A342F2D1D1
:106B1000F0BD000024000020E005002005F050B882
:106B200070B50A4C0E460146A0684FF0FF3530B1F3
:106B3000E06820B10123324605F026FB08B1284663
:106B400070BDE06803F046FF304670BD24000020B1
:106B50002DE9F74F0422054682B000208B46DFF86E
:106B6000DC9011461446164601908646CDF800008A
:106B700000EB400A09EBCA03042C1F7D29D0C7B1E2
:106B800075B1D5F800C0D3F80480C44508D1DDF84C
:106B900010C0BCF1000F4ED0D3F80880E0454AD0B9
:106BA000012F1AD0022F04D35B8A734501D301460B
:106BB0009E46401C00B20428DADB5FEA8B734FF07C
:106BC000FF3038D4042C18D025DB042919DA0C4600
:106BD0001EE0002FD4D10446EBE759F83A705B8AE7
:106BE0002FB1019FBB42E4D306460193E1E7009F2A
:106BF000BB42DED302460093DBE75FEACB731AD0D9
:106C0000E3E7042A01DA144602E0042E13DA3446DC
:106C1000204600F015F82DB104EB440209EBC20048
:106C20002968416004EB440109EBC1000022428263
:106C300004998160204605B0BDE8F08FB056002071
:106C400070B5074C00EB4005002654F8350018B12C
:106C500002F05FF844F8356004EBC500067570BDBE
:106C6000B05600202DE9F04786B00D00804643D095
:106C7000D8F804404FF480792088484539D12079EC
:106C8000062836D16079042833D16088082830D1AD
:106C9000D4F80E100491A269686818B1824204D138
:106CA000012603E00026374608E00026814201D194
:106CB000012700E000270EB1012300E0022304F1C8
:106CC0000802924604A9284600F0CEF9E08848451B
:106CD0000FD176B16FB9022204ABCDE90232291D82
:106CE000CDE9001A05F12A0319465246284600F05C
:106CF0002FF9404602F00DF806B0BDE8F08700001D
:106D0000FEB504460E4615462146106800F07FFC8D
:106D100008B1354B3FE02868C0F303110E2925D098
:106D2000A168636800EA01020B409A4208D080B271
:106D3000A0F57E41A93903D0E068B0B304F10C0599
:106D40002A4B2B481A7802EB420100EBC1010F7D60
:106D5000022F2ED38F68A7422BD12F6849688F420C
:106D600027D13146204600F045F8FEBD01208DF8C0
:106D7000040000208DF805005E208DF8060068787C
:106D800001AB00F07F008DF80700A8788DF80800AF
:106D9000E8788DF809004FF40060009004F12A02B1
:106DA0003146204600F0F4F9FEBDFFE76FF0030026
:106DB000FAE7002202EB420100EBC1010F7D022F36
:106DC00008D38F68A74205D12F6849688F4201D147
:106DD0001A70C6E7521CD2B2042AEBD332462946B7
:106DE000204600F037F8DFE7ACCE00084E01002067
:106DF000B05600202DE9F84306468846144802EBB9
:106E0000420100EBC10404F10C05207D022813D1DE
:106E1000608A0327B0F58E7F04D9211D304600F02B
:106E2000DDF807E0B0F5877F06D32A46211D3046FE
:106E300000F0DAF800B927754FF4006000902B4697
:106E400006F12A024146304600F0A2F9BDE8F88377
:106E5000B05600202DE9FC5F83462A3001900F4692
:106E6000086814464FF0FF364FF0000A594600F00C
:106E7000CEFB80B93868C0F303110E290BD057B18F
:106E800048B15A4601213846FFF762FE002805DA6C
:106E900040B2BDE8FC9F6FF00F00FAE700F0FF0979
:106EA000294909EB490801EBC805287D08B134B12F
:106EB00014E04FF0010A85F814A0C5F808B039466F
:106EC000584600F08BF8060007D1287D012804D130
:106ED000BAF1000F01D1002068827CB3287D1A4FDF
:106EE00002280ED319494FF4006005F10C0381F814
:106EF0000090009021465846019A00F049F9064654
:106F00001FE001281DD12046017B490607D52246F6
:106F10004FF42071102001F05AFE044605E000688D
:106F20000028F1D1204601F078FF44B157F838002D
:106F300008B101F0EEFE47F83840002601E04FF0BE
:106F4000FF363046A5E70000B05600204E01002075
:106F50002DE9FF4F81B09346DDE90F981F460026CB
:106F60004FF420721C211020DDF838A001F08AFDBA
:106F700005002FD06C68119800F044FEE08038685E
:106F8000A060B888A081D9F80010C4F81210B9F830
:106F90000400E082DAF80000C4F80E00D8F800001F
:106FA000A0614FF48070208008206080062020714E
:106FB0000420607140F606000090DDE901025B46A6
:106FC000294600F0E5F8284601F0A3FE304605B05A
:106FD000BDE8F08F4FF0FF30F9E70000014A00F004
:106FE00003B80000ACCE00087FB5064D031D012498
:106FF000CDE90035CDE9021426331946FFF7A8FF85
:1070000004B070BDB2CE000870B5164D002400BFAC
:1070100004EB440005EBC002117DF1B1508A401C25
:1070200080B25082B0F5967F0AD2012906D003299A
:107030000AD004290AD001290BD00EE0052808D374
:107040002046FFF7FDFD08E0042000E00220107557
:1070500003E0111D9068FFF7C1FF641C042CD7DB0F
:1070600070BD0000B0560020F8B51F4616460D0052
:10707000044613D0286888B1214600F0C8FA68B9E0
:107080002878C0F303100E2808D022463946284637
:10709000FFF75EFD002804DA40B2F8BD6FF00F0084
:1070A000F8BD114900EB400201EBC2000223037559
:1070B00084603368C360B38803820023438251F83D
:1070C000325075B141F832304FF4006000903346D1
:1070D00004F12A022946204600F05AF8284601F019
:1070E00018FE0020F8BD0000B05600202DE9F04148
:1070F000044640890E270D460E283CD96068E17B86
:10710000868919B995F83410491CE1730178CA07CA
:1071100014D0012905D006221C49F9F7B1F848B16D
:107120000CE0417851B980785E2807D1607B40F04F
:10713000100002E0607B40F008006073082E03D06E
:10714000B6F5C16F17D10DE095F83100000712D5E3
:107150003946204601F06EFE68B92946204600F007
:107160006DFA10E095F83100000704D53946204645
:1071700001F060FE18B1204601F0CBFD03E0294686
:107180002046FFF76FFD0020BDE8F081ACCE00087F
:107190002DE9F04180461E4617460D46069800F040
:1071A00031FD04460E21284601F045FC18B16FF070
:1071B0000100BDE8F0816868848131680160B188B0
:1071C00081803968C0F80610B98841814046294657
:1071D000D8F81820BDE8F041104700001FB5094A53
:1071E00000924FF4BE600121CDE90110A2F5BF531A
:1071F00003F1200103900422A1F1A000F9F772FC31
:107200001FBD0000906F0020652180F832103021F2
:1072100080F83310064940F8141F0649416040F2D7
:10722000DC5181821A2141770621017700207047C5
:10723000016D0008AD7A000870B5044606E02269C9
:107240002146904710B1284601F063FD00F082FB13
:107250000500F4D170BD09B101F0BDBB01F0B0BBB8
:10726000F8B516460D466A46202101F0BFFF0028FA
:107270002BD09DF8000000F01F04E00600D5203C54
:107280004FF0FF37002C0CDD39462846F9F7CDF8D2
:107290000546641EF6E701212846F9F7C6F80546BB
:1072A000641C002CF7DB094815F1FF4F01D30025C2
:1072B00002E0854200DD05464FF07C512846F8F794
:1072C000ECFFF9F7DDF930800120F8BD00FF7F47C2
:1072D0002DE9F04115460E46074600242A46314660
:1072E0003846FFF7BDFF10B10120BDE8F081022054
:1072F000F9F7E4FD641CE4B2032CEFD30020F4E7BB
:1073000013B54FF0FF33012269460248FBF720FB1B
:1073100000981CBD0417002010B5002821D0114B87
:107320000022001F196803E0814203D80A46496819
:107330000029F9D152B11368841A9C4204D1006823
:1073400018441060104602E0506000E0186039B147
:1073500002680B1A934203D10B681A440260496811
:10736000416010BD7C0100200A46032100F096B860
:107370002DE9FE4F8B46484904468E683078000759
:10738000850E142D47D3608904287FD36068007868
:1073900000287BD0082879D1486901F11409C0F38D
:1073A00003120E2A72D08A46096800F030F90028CC
:1073B0006CD12089082869D3204600F0B9F800284C
:1073C00064D105F110010F46204601F034FB40B3B3
:1073D0002089411989B2884258D84FF42072102070
:1073E00001F050FB070051D0798905F10800814276
:1073F0000ED32A4631467868F8F709FF2946384601
:1074000001F018FD20B92146384601F0EFFB18B114
:10741000384601F07EFC39E0204601F07AFC3C461B
:1074200004E03946204601F005FD78BB2946204698
:10743000D4F8048001F0FFFA40BB6668D9F8000078
:107440000027F060DAF81000306188F80070E77308
:10745000B8F802004FF6F771884201D9093000E010
:107460000830A8F80200FF203072778129463046A4
:1074700000F058F870810121CDE90071FF2300224E
:10748000CDF808B04946204600F0B6F92046BDE8E0
:10749000FE4F01F03EBC0000985600202DE9FF474A
:1074A000074600891C25924689461C2800D20546BD
:1074B00005F1080081B24FF42072242001F0E2FAB5
:1074C00006002DD07468D7F80480082384F8009053
:1074D00084F801A04FF00009C4F804902A46394608
:1074E000304601F0BEFBD8F80C00039003A800F072
:1074F000FBF9050011D0A4F802904F46718920468F
:1075000000F010F8608001200097CDE90105FF230D
:1075100003AA0021304600F06FF9304601F0F9FB74
:10752000BDE8FF8700B500F07FFBC04380B200BD1F
:1075300070B500263446054612E06989686800F097
:1075400073FB204481B201EB1044A87AC00706D037
:107550008EB10026E0B2C4F3072141EA00242D6871
:10756000002DEAD126B1E0B2C4F3072141EA00249C
:10757000E04380B270BD0126ECE730B41B68029D89
:107580009CB204EB13442B689DB22C4404EB1343D0
:107590009CB204EB13439CB204EB134330BCAFF337
:1075A00000802DE9F0411C4690460F460026054616
:1075B00012E06989686800F037FB204481B201EB72
:1075C0001044A87AC00706D0FEB10026E0B2C4F38A
:1075D000072141EA00242D68002DEAD126B1E0B24E
:1075E000C4F3072141EA0024384600F00BFB0444B1
:1075F000404600F007FB204481B201EB104000EB55
:107600001040C04380B2BDE8F0810126DEE7421C95
:1076100012D088B191F8312092070BD54B68834284
:1076200008D0896800EA01020B409A4202D1014366
:10763000491C01D000207047012070472DE9F04718
:10764000456880460E4628780421B1EB101F03D010
:10765000404601F05EFBB2E00007870E688800F04C
:10766000D1FA0446B8F80800A04203D921464046A2
:1076700001F0ACFBB8F80A00B842E9D3B8F808004A
:10768000A042E5D3142FE3D339462846FFF74AFF3B
:107690000028DDD12969DFF82C91C1F303100E28F1
:1076A000C9F81410EA68C9F8102005D0304600F077
:1076B0008DF850B1344616E096F83100C00702D07C
:1076C00070680028F6D1002412E099F81400002414
:1076D0007F280DD03C48046808E0B44205D020461D
:1076E00000F074F808B11CB10AE02468002CF4D151
:1076F000687A112804D1E8194088B0F5884F30D055
:10770000D9F810205AB131461046FFF780FF002803
:107710009ED199F81000C0F303100E2898D0002CC9
:1077200096D0E88830F0C00092D1C9F80850C9E975
:107730000046297840460907890EA9F80C103946F9
:1077400001F078FB687A012817D0062810D011289C
:1077500009D04D462146D9F81400FFF758FF88B1EB
:107760001DE03446DBE73146404605F01DF919E0DF
:107770003146404602F0C2FD14E031464046FFF774
:10778000F7FD0FE0287DC0F303100E2807D039461F
:10779000404601F003FB02214046FFF7E5FD40466D
:1077A00001F0B7FA0021C9F80010C9F80410C9F8AF
:1077B0000810A9F80C10C9F81010C9F8141000200E
:1077C000BDE8F08798560020E800002010B590F83A
:1077D0003110C9070CD0416851B1064A52698A423A
:1077E00004D001461046FFF712FF08B1012010BD7A
:1077F000002010BD98560020FEB5DDE90954089E12
:107800001AB109B10F6807B9211D0096CDE90154DD
:1078100000F002F8FEBD00002DE9F84F9946DDE9C1
:107820000A87DDF830B016008A4605466FF001047D
:1078300044D0142101F0FFF8E0BB6C68390247EA3C
:10784000092084F80890677241EA102130682061AD
:1078500082B2114401EB1040452121704FEA082209
:1078600048F48A4142EA112184F801800F182889DE
:1078700000F0C8F900EB07086080194F0020E08095
:10788000388800F0BFF9A08039884044491C39800D
:10789000BAF1000F0FD0DAF80010E1608AB210449C
:1078A00000EB114081B201EB104000EB1040C043EF
:1078B00060810DE005E00B490968EEE7688914284E
:1078C00002D22046BDE8F88F68686E4600690090D5
:1078D000DBF814305846324629469847F2E7000054
:1078E0004C010020A4CE000870B50146144813E0F6
:1078F00090F83120D3070FD053070DD543685BB103
:1079000084680D68234005EA04069E4216D092075B
:1079100002D4C268954211D000680028E8D1094815
:10792000006850B190F83120D30706D0520704D533
:10793000426812B109787F2900D1002070BD000093
:10794000E8000020EC00002038B5049C0094FFF70C
:1079500014FE38BD2DE9FF5F3C4E4FF4BE60DFF8EA
:10796000F0B04FF0040A002406F1A009CDF80C0095
:1079700006EB4415286800282FDBDBF810100029DF
:1079800016DD491ECBF8101028682968C0F30D4099
:107990002A68C1F3C031C2F300220092CDE9011080
:1079A00028682A68C0F3402321462AA0FBF78EFDF1
:1079B0002846F9F725F980B25FEA000802D003995A
:1079C000884511D9C4EB441000EB841109EB011177
:1079D00052462846039BF9F741FA641C5445C7DB1D
:1079E000002004B0BDE8F09F01464FF4C1720020B2
:1079F00001F048F8009020B30646C4EB441000EBB9
:107A00008410002709EB00197489E119414501D957
:107A1000A8EB070409EB070122467068F8F7F7FBAB
:107A200036682744002EEFD1494652462846039B2C
:107A3000F9F714FADBF80010491CCBF80010009895
:107A4000CFE7414611A0FBF741FDBBE730570020CF
:107A5000640100205B5258445D20646573633D25DA
:107A600064207374617475733D30782530386C58B8
:107A70002046533D2564204C533D25642045533D0D
:107A8000256420464C3D256C750D0A005B45544825
:107A90005D204E6F207062756620666F72205258AE
:107AA0002025642062797465730D0A002DE9FE4F6C
:107AB0002F4FDFF8B8802F48BA6808EB421501E075
:107AC000401E09D02B68002BFADBD5F80890002661
:107AD0000C464FF4BE6A19E0114627A0FBF7F6FCEE
:107AE0006FF00200BDE8FE8F62899019504505D9FC
:107AF00029A0FBF7EBFC6FF00100F3E709EB0600B0
:107B00006168F8F784FB608924680644002CEBD197
:107B1000C6F30C006860274828600020B860F8F7BA
:107B2000D7FF7868401C7860F86800281CDD401E8C
:107B3000F860214800232968002902DA5B1C83428F
:107B4000F9D31E4840692968CA0F454501D0012173
:107B500000E00021C0F30255CDE90005C0F3800428
:107B600002941748FBF7B2FC0020BBE7B057002097
:107B70006401002040420F005B4554485D2054588A
:107B8000206465736320256C7520737475636B20A6
:107B9000284F574E290D0A005B4554485D20545824
:107BA00020627566666572206F766572666C6F77A7
:107BB0000D0A0000000010F0A086010000900240B5
:107BC000C4D4000810B504464068804701F07AFE2E
:107BD000094A216852688B181A1AB2F1004F03D370
:107BE00008442246054902E0044922461846BDE8F9
:107BF000104001F077BE0000F4000020C57B0008B3
:107C000000BA704740BA704710B500F09FFD00F011
:107C1000B7FD00F089FE04F0B5FE02F05DFBBDE8A3
:107C2000104001F087BE000018B50022ADF800201A
:107C300010F001030CD000290ADD10F8014B8DF87B
:107C40000140491E04E000BF30F8024B891E224467
:107C50000129F9DC002902DD00788DF80000BDF86B
:107C60000000104481B201EB104081B201EB1040E2
:107C700023B1C1B2C0F3072040EA012080B218BD91
:107C800092B0FAF72BF9FBF7D1FAF34EB06940F056
:107C90001000B061B0694FF4005B00F01000049078
:107CA00001AA0027CDF800B001204FF0020982E8B8
:107CB0008102EA4D5C4669462846F9F72BFB002213
:107CC00021462846F9F72CFCC820F9F7F7F80122DD
:107CD00021462846F9F724FCC820F9F7EFF80022DE
:107CE00021462846F9F71CFCC820F9F7E7F80122DD
:107CF00021462846F9F714FCFBF7C8F9FBF726FAEA
:107D0000D848D7494FF4E1380160C0E901874FF006
:107D10000C0AC760C0E9047A8761C761FAF77AFD87
:107D200008B172B6FEE7CF4CCF4D483420462560EF
:107D3000C4E90187E760C4E9047AA761E761FAF75B
:107D400069FD08B172B6FEE7C7485521001D016004
:107D500029684906FCD50D21016029684906FCD532
:107D60000A21016028684006FCD5C0A0FBF7AEFBE5
:107D7000C849C9A0FBF7AAFBCE480168CEA0FBF713
:107D8000A5FBFAF717FA0146D3A0FBF79FFBFAF71A
:107D900021FA0146D9A0FBF799FB94F84110E0A025
:107DA000FBF794FBEA48EB4C0168001F0268C4E94A
:107DB0001421E9A0FBF78AFB04F1580A08218AF88C
:107DC00000908AF80110DC218AF80210616DEC48FD
:107DD0000A0E8AF803200A0C8AF80420090A8AF895
:107DE00005103168890001D4401EFAD13068B046D0
:107DF0003446C0F3407170687368C0F3036532683D
:107E0000E0A0FBF763FBE06AC0F303300090E06A98
:107E1000E26AC0F303132946EA48FBF757FB8F4E8B
:107E200000245D46002229463046F9F779FB5020B0
:107E3000F9F744F8012229463046F9F771FB502042
:107E4000F9F73CF8641C032CECDBDFA0FBF73EFBEE
:107E5000D8F8141041F48041C8F81410D8F8141060
:107E600001F480410091D8F8141041F40041C8F8A1
:107E70001410D8F8141001F400410091D8F814102F
:107E800041F48031C8F81410D8F81400032400F429
:107E9000803005940090CDE9039702A96F48CDF892
:107EA0000890F9F737FA0420029002A9CF48F9F7B1
:107EB00031FA00210120F8F7A9FF01210A900846B4
:107EC000F8F7A4FF064602210120F8F79FFF09906A
:107ED00003210120F8F79AFF009010210120F8F704
:107EE00095FF834618210120F8F790FF814619215C
:107EF0000120F8F78BFFDDE9093180463246BC48A6
:107F0000FBF7E4FA43464A465946BAA0FBF7DEFAC5
:107F1000700701D5C7A100E0C7A1C948FBF7D6FA91
:107F20004FF496784046F8F7C9FFC6A0FBF7CEFAA3
:107F3000FBF784F8CBA0FBF7C9FAD1A0FBF7C6FA90
:107F40004848D74954384FF480420160D549C0E9C8
:107F50000117C0E9037247618761C761BB460762C9
:107F6000F9F7ECFA08B172B6FEE7CFA0FBF7AEFA6C
:107F70003C4978485439603004F078FB39497548F9
:107F80005439683004F014FB00F06CFF01F054FB2E
:107F9000F9F7CEFA6F4E306370639AF803109AF8CF
:107FA00005309AF804208DE80E009AF802309AF80D
:107FB00001209AF80010C2A0FBF788FACBA0FBF7CB
:107FC00085FA41F268010320CDE90001012308226E
:107FD0000A21D0A0FBF77AFAF9F7AAFAF060D5A047
:107FE000FBF774FADFA0FBF771FA06220221E6A084
:107FF000FBF76CFAE8A0FBF769FAF2A0FBF766FA68
:1080000006F15800FEF758F9A8B1F3A0FBF75EFAA5
:10801000FEF70CFBF4A0FBF759FAFCF731FE4FF426
:10802000FA70F8F74BFFF6490620FCF753F90028E1
:1080300008DD014607E0F3A0FBF748FA4046F8F7F1
:108040003DFFFBE70021316101460622F4A0FBF76A
:108050003DFAFDA1FCE100000010024000100140CB
:1080600000380140BC160020004400400D0A3D3D90
:108070003D3D3D20555341525432204F4B202D2041
:1080800044494147205354415254203D3D3D3D3DDC
:108090000D0A000040787D015B444941475D20485E
:1080A00053455F56414C55453D256C7520487A0D2A
:1080B0000A000000C40000205B444941475D205392
:1080C000797374656D436F7265436C6F636B3D25A7
:1080D0006C7520487A0D0A005B444941475D205089
:1080E000434C4B313D256C7520487A20285553412F
:1080F00052543220636C6B290D0A00005B444941E5
:10810000475D2050434C4B323D256C7520487A200A
:108110002855534152543120636C6B290D0A0000DD
:108120005B444941475D206875617274322E675324
:10813000746174653D2564202865787065637420DA
:10814000307832303D5245414459290D0A00000033
:10815000ECF7FF1F480000205B444941475D204287
:108160006F6172642049442028554944293A2030DF
:10817000782530386C582530386C580D0A000000CE
:10818000400D03005B434C4B5D20504C4C3328505A
:108190004C4C4932532972656164793D2564202035
:1081A0005243435F43523D30782530386C5820208D
:1081B0005243435F434647523D30782530386C5830
:1081C0000D0A000020D100085B444941475D204D65
:1081D00044494F2070726F6265206F662050485985
:1081E0002040307830312E2E2E0D0A00000801403C
:1081F000A4D100085B50485950524F42455D205071
:1082000048595354532830783130293D307825303F
:10821000345820535452415031383D307825303451
:108220005820535452415031393D3078253034581C
:108230000D0A000055500000444F574E000000004A
:1082400040D200085B444941475D2041626F75742C
:1082500020746F20696E6974204554482E2E2E0DAF
:108260000A0000005B444941475D204554482048CE
:10827000414C20696E697420646F6E650D0A0000C0
:108280005B444941475D2041626F757420746F20E3
:10829000696E6974204932432E2E2E0D0A000000AB
:1082A00000540040A08601005B444941475D2049DD
:1082B000324320696E697420646F6E650D0A000098
:1082C0005B4E45545D204D41433A20253032583AAB
:1082D000253032583A253032583A253032583A252E
:1082E0003032583A253032580D0A00005B4E455462
:1082F0005D2049503A2044484350202861637175FD
:10830000697265642061742072756E74696D652987
:108310000D0A00005B4E45545D2053657276657210
:108320003A2025642E25642E25642E25643A256482
:108330000D0A00000D0A3D3D3D3D3D3D3D3D3D3DAD
:108340003D3D3D3D3D3D3D3D3D3D3D3D3D3D3D3D5D
:108350003D3D3D3D3D3D3D3D3D3D3D3D3D3D0D0AB0
:108360000000000020204254434D696E65724D5359
:10837000204631303756435436202B204450383372
:108380003834380D0A000000202046572076256436
:108390002E25640D0A0000003D3D3D3D3D3D3D3D27
:1083A0003D3D3D3D3D3D3D3D3D3D3D3D3D3D3D3DFD
:1083B0003D3D3D3D3D3D3D3D3D3D3D3D3D3D3D3DED
:1083C0000D0A00005B5359535D2045544820696EE7
:1083D00069742E2E2E0D0A005B5359535D204554AF
:1083E00048204F4B0D0A00005B5359535D20424D0E
:1083F0003133363620696E69742E2E2E0D0A000038
:108400000000C8425B4552525D2045544820696EC9
:108410006974204641494C4544210D0A0000000082
:108420005B5359535D20424D313336363A20256433
:108430002F2564206368697028732920646574653A
:10844000637465640D0A0000454E41424C4544008A
:108450007CA0FBF73BF842F210794FF47A7A00BF28
:10846000F9F766F80446FEF73FF8002870690DD06A
:1084700000282ED101207061A6F806B078A0FBF785
:1084800025F801F0BBF901F0DFF909E050B1C6F8B9
:1084900014B0A6F806B0FEF741FB75A0FBF716F87E
:1084A0007069B0B9FDF700FF98B1B06A201A504565
:1084B0000FD941F268070321B462CDE90017012307
:1084C00008220A2172A0FBF701F839467A48FDF725
:1084D00057FCFEF72BF800F0BDFEFCF75BFC3069A3
:1084E000B8B1306C41F28831201A884211D334641B
:1084F000FBF7D2FE68B132795108B1FBF0F300FB13
:108500001310D10747D00021FCF700FA3079401C46
:108510003071306B4F46201AB84202D3346300F0FA
:10852000A1FC706B201AB0F5FA6F06D3746301F0EA
:1085300083F8706960B101F087F9706940B1F06A41
:1085400044F62061201A884202D9F46201F056F9FB
:10855000F06B201AB84260D911A8F463FDF798FEB9
:10856000FBF7A6FE0790FBF79DFE0690FBF788FE43
:108570000590FBF78BFE0746FBF7A0FE0390FDF787
:10858000C7FF0290FDF7BEFF0190FDF7B3FF20B1DA
:10859000AFF2603003E08C21B6E7AFF26430804682
:1085A000306908B1FBF778FEDDE90523DDF81CC072
:1085B000CDF830C00DF1040C0997CDE90A239CE8F1
:1085C0008C000DF1180CB4FBFAF1CDF814808CE896
:1085D0008C0032690AB139A300E039A372690AB18B
:1085E00038A700E039A79DF84720CDE90330CDE951
:1085F00001279DF8460000909DF845309DF84420E5
:108600003448FAF763FF47F23050B4FBF0F100FB57
:108610001140504501D2FDF781FFB06B201AB0F533
:10862000FA7F7FF61DAFB463706928B10022294636
:108630002948F8F775FF13E729462748F8F768FF38
:108640000EE700005B5359535D204A6F6220646956
:108650007370617463683A2025730D0A000000008E
:108660005B4E45545D20544350204F4B0D0A000093
:108670005B4E45545D2054435020646F776E2C2030
:1086800077696C6C2072657472790D0A00000000C5
:108690005B4E45545D20436F6E6E656374696E6713
:1086A0002025642E25642E25642E25643A25642E0B
:1086B0002E2E0D0A000000006C0000204F4B000021
:1086C0004F464600434F4E4E00000000574149546C
:1086D00000000000A8D3000800100140F0B50B30E6
:1086E000154D20F007010024144A0FE003688B4267
:1086F0000BD38B4205D95E1A43184768C3E900675C
:1087000000E04368136002C004E0021D1068002806
:10871000ECD12046002802D1286808B10020F0BD25
:10872000064A07481060074A121A22F00702C0E9F9
:10873000002401202860D7E7800100207C01002070
:108740008475002080770020FEF7E6BD704710B5E5
:10875000FFF7C4FF040003D101F086F801F086F8AA
:10876000204610BD70470000072806D2002904D01B
:10877000024A52F82000FDF7E3BA704714CE000811
:1087800030B5064D002400BF55F8240000F008F86D
:10879000641CA4B2072CF7D330BD000014CE00082F
:1087A0008268002111600022416807E08368521C42
:1087B0001B680B60836819600388194443889342DF
:1087C000F4DC7047072801D300207047024951F8B4
:1087D0002000FDF7C3BA000014CE00082DE9F041D7
:1087E0000400DDE90770069E1FD0F7B101B92249E8
:1087F00002B9214A03B9204B00256560A560DFF866
:108800007CC0C4F814C0E560258584F83150C4E903
:1088100007651B4E96F800C084F834C020612046DE
:1088200000F098F82046B84710B10020BDE8F0816C
:10883000D6F8042094F83400FF2801D184F834508D
:10884000104694F834100AE090F834308B4205D189
:10885000491C84F834100028ECD102E0006800289C
:10886000F2D1C8B2FE2805D0401C307022602046EC
:108870007460DBE73570F9E7A4CE00084F89000883
:10888000E400002070B50C46054601F0F7FF2146D4
:108890002846BDE8704004F043B90A68C3689A42AC
:1088A00004D001B90022C260012070470020704747
:1088B00038B505460C4608686968884212D02068B9
:1088C00000906868106069461046FFF7DBFF3CB116
:1088D000206868600121284600F027F8012038BD93
:1088E0000020F6E7002038BD0A6883689A4204D069
:1088F00001B900228260012070470020704700000B
:1089000001000CD00748406807E000BF90F8342011
:10891000521CD2B28A4203D000680028F6D100204F
:1089200070470000E400002070470A4690F83110BC
:108930004B070BD5CB0709D0D20707D04268002AD6
:1089400004D0090702D5011DFEF748BB70476FF040
:108950000B0070472DE9F84F4FF000091D461646F1
:108960000C008246C84600D1114C06B9104E05B91C
:108970000F4DACB1206898B100274A4631465046A9
:10898000FFF7B2FF424629465046FFF786FF002F09
:1089900004D16A4621465046FFF78AFFBDE8F88FAA
:1089A00001276A4621465046FFF782FFE5E70000AF
:1089B000A4CE00080149886070470000E400002050
:1089C000002807D090F831104A0703D501F0FB01C9
:1089D00080F83110704710B5040010D094F83100C1
:1089E00041070CD440F0040084F831002046FCF725
:1089F000EDFC2046BDE810400321FFF796BF10BDF7
:108A000000280AD090F83110CA0706D141F00101C0
:108A100080F831100321FFF788BF7047401E80B2F5
:108A200040EA500040EA900040EA101040EA10206E
:108A3000401C80B270470022AFF3008030B5F0B127
:108A4000B1F5803F1BD279B104898BB21C44A4B22A
:108A50009C4214D3057B2D0608D54268511A00F1BB
:108A6000100291420BD304E0002030BD3AB14268BD
:108A7000511A41604189194441810481F4E7012080
:108A800030BD00002DE9FC5F064690460C461046BE
:108A9000012A0AD0412808D04FF0000BB0F5C17F61
:108AA00009D0B2F5207F50D138E00246002000F016
:108AB00051F8054646E00025A9460F460620FFF777
:108AC00081FE04001CD0A6F2F450404280B2B842AD
:108AD00000D938468246CDE9008BA11953463A4663
:108AE0002046103100F064F9B5B1C9F80040A7EB99
:108AF0000A000704A1463F0C4FF00006DED121E03A
:108B000000F0B2FE124A0121117000F0AFFEE5B193
:108B1000284600F0FEF818E02546E8E7311901F193
:108B20001000A14211D3A0420FD3FFF710FE0500A1
:108B30000BD0CDE9008BA91923461A4628461031DF
:108B400000F036F92846BDE8FC9F0020FBE7000056
:108B5000F00000202DE9FC41074615460E46052091
:108B6000FFF730FE04004FF0000008D0CDE90050C0
:108B700033461A463946204600F01AF92046BDE829
:108B8000FC8110B500280FD000290DD004E0038926
:108B90000C892344038110460268002AF7D1028918
:108BA0000B891A440281016010BD10B50C46FFF715
:108BB000E8FF2046BDE8104000F02FB9002102E098
:108BC000491C006889B20028FAD10846704770B580
:108BD00014460A462189FFF755FF050004D02146B7
:108BE00000F004F8284670BD002070BD19B10A8954
:108BF000002300F036B86FF00F0070472DE9F04702
:108C0000002716468946B846002805D0B9F1000F5E
:108C100001D0044620E00020BDE8F0872BB1608938
:108C2000984202D8181A83B215E06089C01A85B23A
:108C3000B54200D9354660682A46C11809EB0700DD
:108C4000F7F7E5FA08EB05001FFA80F8781987B204
:108C5000701B86B2002324680EB1002CDED1404682
:108C6000DAE72DE9F05F90460C0005461E464FF00E
:108C700000076FF00F0A35D02189414532D38DB3FB
:108C8000298906EB080081422CD36FF0050B688917
:108C9000811B6089C01B814200D208464146804545
:108CA00000D20846814660684A46C1196868304467
:108CB000F7F7ADFAA8EB09001FFA80F860894F4476
:108CC0004E44B84205D82468002714B9B8F1000F03
:108CD00008D16889B04208D12D6800262DB9B8F1B5
:108CE000000F02D05046BDE8F09F2CB16089218969
:108CF000884201D1206830B93DB16889298988420C
:108D000003D1286808B15846EDE75FEA0800BED1F4
:108D1000E9E770B504000AD0002500F0A5FDA17BAD
:108D2000491ECEB2A67300F0A1FD16B11AE00020D4
:108D300070BD207B266800F00F00022803D00128B8
:108D400004D040B10AE02146062001E0214605207A
:108D5000FFF70AFD02E02046FFF7F6FC6D1CEDB2BE
:108D60003400DAD1284670BD10B500F07DFD094A07
:108D70000021117000F07AFD0748006806E0416F9D
:108D800019B1BDE8104001F089BAC0680028F6D1D9
:108D900010BD0000F0000020180100200122AFF3F8
:108DA0000080002902DA494200F044B8FFF746BECD
:108DB00070B50024DDE90456C0E900410281438119
:108DC0000573467301218173C47370BD70B5028948
:108DD0008A4221D9521A92B20D46044605E0281A59
:108DE00085B22089801A208124686089A842F6D340
:108DF000207B000708D16089A84205D06068001B6D
:108E000041192046FFF7AEFC65812581206808B135
:108E1000FFF77FFF0020206070BD10B5040008D070
:108E200000F022FDA17B491CA173BDE8104000F0B9
:108E30001DBD10BD10B538B1B1F5803F04D229B1C8
:108E400043898AB2934203D2012010BD002010BD95
:108E5000446821444160991A41810189891A01813C
:108E6000F4E7000010B50D4C607820B904F16800FB
:108E700003F0A2FB6070A178C0B281420CD030B187
:108E800006486830017906A0FAF720FB02E00DA041
:108E9000FAF71CFB6078A07010BD000048000020AD
:108EA0005B4932435D20544D5031303735204030DE
:108EB00078253032583A2064657465637465640DB2
:108EC0000A0000005B4932435D20544D5031303779
:108ED000352040307834382D307834463A206E6F63
:108EE000742064657465637465640D0A0000000095
:108EF0002DE9F0410F4605461446022910D3D4212E
:108F00001046F7F7ABF92878207068780226411EE2
:108F10006070042904D2522101EB4010B84202D9FA
:108F20000020BDE8F08100270AE004EB4710A919F2
:108F30002022801CF7F76BF920367F1CB6B2FFB2F7
:108F40006078B842F1D8A81900F063F9361DB6B2BE
:108F5000C4F88400A919202204F18800F7F757F912
:108F60002036B6B2A919202204F1A800F7F74FF96C
:108F70002036B6B2A81900F04CF9361D44F8C80FD7
:108F8000B6B2A81900F045F9361D6060B0B22844A9
:108F900000F03FF9A0600120C3E730B510B10AB17D
:108FA000082901D0002030BD00210B460C461B02D1
:108FB000055D43EA1163641C45EA0121082CF6DBD8
:108FC000C2E90013012030BD022901D20020704700
:108FD000008840BA108001207047042901D2002087
:108FE0007047018849BA1180408840BA50800120FA
:108FF000704711B10078012801D900207047107026
:109000000120704710B51446042901D2002010BD7C
:1090100000F0FFF82060012010BD13B50B460122BF
:1090200069460620FBF7A0FE1CBDF0B50546A1B0C1
:1090300016460F460846F7F71CF984B2782C00D97B
:1090400078248DF80050224639460DF10100F7F7DB
:10905000DEF8641CA2B233466946FF20FBF784FEAB
:1090600021B0F0BD38B50D4604460188684603F0CE
:109070002BFE61880DF1020003F026FE2B46042230
:1090800069460D20FBF770FE38BD7FB504460D46DE
:10909000D4E90023684603F023FE207A8DF8080007
:1090A00061890DF1090003F00FFE207B8DF80B00A4
:1090B000E18903A803F008FE218A0DF10E0003F0F8
:1090C00003FE2B46102269460420FBF74DFE04B038
:1090D00070BD1CB5D0E900230C46684603F000FEC5
:1090E0002346082269460920FBF73EFE1CBD00000E
:1090F00070B586B0044600780A9D8DF8000060784F
:109100008DF801006E46B01C616803F0E1FDB01DF2
:10911000A16803F0DDFD094800684FF47A71A0FBF7
:1091200001230DF10A0003F0DBFD2B4612226946F4
:109130000220FBF719FE06B070BD000054000020AD
:1091400070B586B0044600788DF8000060788DF820
:109150000100A0788DF80200E0788DF803000E463B
:10916000A1886D4601A803F0AFFDA81DA16803F01A
:10917000AFFD0DF10A00E16803F0AAFD218A0DF1AF
:109180000E0003F0A1FD618A04A803F09DFDA18AF1
:109190000DF1120003F098FD3346142269460720B2
:1091A000FBF7E2FD06B070BD2DE9F0410746002057
:1091B00010801D4614460E461880042911D33846E7
:1091C00000F027F8411E40F2FC72914203D34FF6A3
:1091D000FF70208005E0001D208029802088B0429B
:1091E00002D90020BDE8F0813879FBE73EB50124C3
:1091F0001923CDE9002402930279006854000A463D
:1092000001232146F8F7E4FB08B100203EBD012010
:109210003EBD0188827849BA0904C07841EA02213A
:10922000084370477FB514461925022303AA8DE829
:109230002C000279006855000A4601232946F8F7F8
:10924000C7FB10B1002004B070BDBDF80C00208039
:109250000120F8E72DE9F043BBB0FDF745F98C4C50
:109260004FF0000888B1E0888A4EC0F5006189B2ED
:109270003044FDF739FC002802DDE1880844E08035
:10928000E088002803D00025E5E0A4F806803BB084
:10929000BDE8F083401B81B27019074638AB39AA8C
:1092A000FFF782FF0146BDF8E400A0F57F42FF3AD8
:1092B0000DD0002973D07F1DB946092970D008DC74
:1092C00001290FD005293BD0082906D17CE072A0E6
:1092D000DAE00A2965D00C2954D07DA0FAF7F6F817
:1092E0000027AAE003AABDF8E0103846FFF700FE09
:1092F000002853DD6748D42203A9D438F6F787FF46
:10930000012020622498A0619DF80C10784BC1F3D5
:10931000C302249835AF43F8220097E80D00CDE949
:10932000002002939DF80D207248249BFAF7CEF896
:1093300003A8FBF749FB206900282FD16EA084E029
:109340006A46BDF8E0103846FFF747FE00287EDD8C
:10935000BDF80220BDF8001072A0FAF7B7F8BDF80A
:109360000000FAF777FD2078002870D04848BDF853
:109370000210603003F006FA002868D1BDF8021030
:1093800071A01EE06A46BDF8E0103846FFF71CFEEB
:1093900000285CDDBDF80000FAF75CFD57E05FE0F7
:1093A00037E06A46BDF8E0103846FFF72BFE00288C
:1093B0004DDD0098E061216909B1FBF743FC6FA026
:1093C000E169FAF783F842E010AABDF8E0103846E8
:1093D000FFF70FFE28B19DF84000E07038B170A192
:1093E00006E06A466FA12020FFF71FFE0BE073A185
:1093F00073A0FAF76BF800F01FF900F025FA694640
:109400000820FFF70AFE010021D06846FDF788FB1F
:109410001DE004AABDF8E0103846FFF7BEFDB0B16C
:10942000694604A8FFF755FEEDE700BF19F80710DD
:109430006AA0FAF74BF87F1CBFB2BDF8E000102815
:1094400000D91020B842F1D820A0FAF73FF8BDF8B3
:10945000E400284485B2E088291D81427FF61AAFD6
:10946000E08865B1401B0204120CE2803FF40FAFAC
:109470003BB07119BDE8F0430648F6F7C8BEB0F539
:10948000006F7FF404AF57A0FAF720F8FDE6000064
:1094900048000020201800205B5443505D20496E96
:1094A00076616C6964206672616D65206C656E67BB
:1094B00074683B2064726F7070696E6720627566B5
:1094C00066657265642073747265616D0D0A0000D3
:1094D0005B5443505D20556E6B6E6F776E207479D0
:1094E0007065203078253032582C206865783A0035
:1094F000E015002050D300085B55415254312D54E3
:109500004553545D204A6F6220666F7277617264C2
:10951000656420776974686F757420415349430D01
:109520000A0000005B504152414D5D20667265713A
:109530003D2564204D487A20766F6C746167653DE7
:109540002564206D560D0A005B504152414D5D204F
:10955000766F6C74616765202564206D5620726596
:109560006A6563746564202872616E6765203130B6
:1095700030302D32303030290D0A00005B4D415320
:109580004B5D2076657273696F6E206D61736B2021
:1095900073657420746F203078253038580D0A00B8
:1095A0004F4E0000696E76616C696420706F77655C
:1095B0007220636F6D6D616E640000004F4646005F
:1095C0005B504F5745525D20706F77657220737402
:1095D000617465202D3E2025730D0A002025303250
:1095E000580000005B5443505D2052656365697606
:1095F00065206672616D65206578636565647320BA
:109600006275666665723B2064726F7070696E6722
:109610002073747265616D0D0A000000024600201F
:1096200001464006030E02F0010018435208491C8F
:109630000829F6DB704700002DE9F0434FF00008E1
:1096400087B04646ADF80080474618214048F6F7F7
:1096500005FE404D3E4C2878002832D001A905F186
:10966000600003F017F8060024D0BDF80420A280A3
:109670000298A0600398E060BDF810006082BDF819
:109680001210A1829DF81400E07089B128898142EE
:109690000AD031A0029BF9F719FF05F1600002F032
:1096A000D0FFBDF8120018B1BDF81200288108E003
:1096B0000020FBE72748603002F0DCFF08B985F89E
:1096C0000080DFF89090687809F16809B0B16946C8
:1096D000484602F089FF070003D0BDF80000208251
:1096E0000CE099F804001423410001222A48F7F7FE
:1096F000FBFF18B185F8018089F80480287818B13B
:10970000217841F001012170697819B1227842F085
:10971000020222701EB1227842F0040222701FB1B0
:10972000227842F0080222701EB1227842F0100224
:10973000227010B1074860300079607011B199F85B
:10974000040000E00020A07007B0BDE8F083000036
:1097500020200020480000205B5450535D206661AB
:10976000756C743A205354415455535F574F5244CB
:109770003D30782530345820524541445F564F558E
:10978000543D2575206D5620494F55543D256C7527
:10979000206D410D0A00000068160020C0F30A0386
:1097A000C20A580501D5A3F50063D00600D5203ABA
:1097B00003FB01F0002A01DB904070475242012177
:1097C0009140002802DB00EB510001E0A0EB5100CA
:1097D00090FBF1F0704701F01F015043CA0600D51D
:1097E0002039002901DB884070474A42012191401D
:1097F00000EB5100B0FBF1F07047000000B597B0EE
:1098000018220F4910A8F6F702FD0E48D0E91412ED
:10981000CDE91012007C8DF84800FAF755FDADF83F
:109820004E00FAF721FDADF85000694610A8FFF789
:109830002CFC010002D06846FDF772F917B000BD9C
:1098400070CD00084800002000B589B06946054881
:10985000FFF776FC010002D06846FDF761F909B018
:1098600000BD00002020002000207047704700004D
:109870002DE9F04700F026F8104E114C05464FF048
:109880000047307808B1FFF76FFA2168002912D03D
:1098900048682A1ABA420ED20A682260D1E90289BF
:1098A00060600420FEF760FFB8F10002E9D048468E
:1098B00011468847E5E7BDE8F0870000F00000208A
:1098C000F4000020F7F734BE70B515460E46044686
:1098D000FFF7F8FF20442A463146BDE8704000F00B
:1098E00001B8000070B5044615460E460420FEF788
:1098F00069FF00280ED00021C5600D4A80E85200A3
:10990000116831B14B68E51A4FF000439D420AD30C
:109910000160106070BD5568651B9D4202D30260F6
:10992000086070BD11460A68002AF8D0F3E700000D
:10993000F400002070B5074D012400BF05EBC40200
:1099400055F834000449FFF7BFFF641C042CF5D31D
:1099500070BD000030CE0008C57B00082DE9FE4F29
:10996000040060D0207D0A283CD00025DFF8BC80B0
:10997000D4F850B0D4F824A0D4F81090D4F8906063
:109980002F4670B30D46E78A214608F1180001F012
:109990008EFA012188F80010206F08B102F03AF920
:1099A000E06E08B102F036F9606F08B102F032F9EA
:1099B00055B1208B211DCDE9001723460290524658
:1099C0005946184602F0B4F8204600F033FC002E49
:1099D00029D003B04846B446BDE8F04F6FF00C0103
:1099E000604709E0114821461C3001F060FA20462A
:1099F000BDE8FE4F00F01EBCE08A0028CCD0D8F8AD
:109A00001000A0420AD1C068C8F8100008E0C16880
:109A1000A14202D1E168C16002E008460028F6D107
:109A20000020E060B8E7BDE8FE8F000000010020E4
:109A30000121FFF793BF00002DE9F0410646012008
:109A4000FEF7C0FE454D04005BD1A86909E0418BDB
:109A5000C4680A0704D521F00801418300F068FAC0
:109A600020460028F3D100221146EC68E86906E0A0
:109A7000036AE31A934201D31A460146C0680028DC
:109A8000F6D111B10846FFF7D3FF0120FEF79AFE89
:109A9000040036D1092000F04FFE0120FEF792FEAF
:109AA00004002ED1082000F047FE0120FEF78AFEB8
:109AB000040026D17F2E01D97F2001E030001BD089
:109AC000401EC2B200231946EC68A8690EE0477D2B
:109AD000974206D309D1D0F820C0A4EB0C0C9C45CA
:109AE00003D3016A3A46631A0146C0680028EED1E2
:109AF00011B10846FFF79CFF0120FEF763FE04004A
:109B000029D0A421F6F7AAFB667541F2D060A4F82B
:109B10006400608520854021E1724FF40671618602
:109B20000621A4F84010E187C91F21860121A4F86D
:109B30004810E9682162A978A177A4F84A0008488A
:109B4000C4F884000748C4F894000748C4F8980093
:109B50000920C4F89C002046BDE8F08100010020E7
:109B600063B9000800DD6D00F82401002DE9F04123
:109B70000D0004464FF0040300D11E4D2CB1207D92
:109B800030B16FF00500BDE8F0816FF00F00FAE72B
:109B900032B1194E002100BF56F82100006817E0CD
:109BA00000F0A6FE020018D1801EECE7C78A97429B
:109BB0000DD148B107683FB135B1D5F800C0BCF14F
:109BC000000F01D0674502D16FF00700DBE7C068E6
:109BD0000028EBD1491C9942DEDB15B1286800B1A1
:109BE00020600648E2820169E160046102F04EFAF9
:109BF0000020C8E7A4CE000894CE00080001002091
:109C00007CB51F4D16000C460AD011461DA0F9F771
:109C10005DFC0020A860E86001F0D2FF30467CBD0A
:109C20000120A860608B40F04000608314482A88BF
:109C30002030C178CDE9001283784278017818A0ED
:109C4000F9F744FC1F49204601F086FE1E492046D4
:109C500000F0B5FA02221D49204601F050F9607A61
:109C600040F00800607242F21070C4F894004FF4A3
:109C7000FA60C4F898000320C4F89C00CEE7000006
:109C8000240000205B5443505D20436F6E6E65637B
:109C900074206661696C65643A2025640D0A0000D1
:109CA0005B5443505D20436F6E6E65637465642042
:109CB000746F2025642E25642E25642E25643A2594
:109CC000640D0A00119D0008D19C00080D9D00083C
:109CD00010B505A0F9F7FAFB0B4800218160C160BF
:109CE000BDE8104001F06CBF5B5443505D2045520D
:109CF000522063616C6C6261636B3A206572723DE5
:109D000025640D0A00000000240000200020704798
:109D10002DE9FF5F294C16464FF0000B4BB946B1B9
:109D2000B6F808A0A788DFF898C0154600206B6831
:109D300035E024A0F9F7CAFB5D46C4F808B001F08D
:109D40003FFFE06838B1019800F05EF810B101986B
:109D5000FFF76EFEE560002004B0BDE8F09F62886A
:109D600002F10109C9F30B01B94211D11CA0F9F7A5
:109D7000ADFB3046FEF7CDFFC4F808B0C4F80CB018
:109D800001F01EFF0198FFF753FE6FF00C00E3E7B0
:109D900013F800800CF80280401C618080B2698951
:109DA0008142DCD82D68002DC0D15146019801F0C8
:109DB000EEFD3046FEF7ADFFCDE7000024000020A9
:109DC000E00500205B5443505D20436F6E6E656379
:109DD00074696F6E20636C6F7365640D0A00000018
:109DE0005B5443505D2052582072696E67206F7635
:109DF0006572666C6F773B207265636F6E6E65632C
:109E000074696E670D0A000048B1017D012903D015
:109E1000418B41F010014183012100F003B86FF044
:109E20000F007047FEB504460127007D3D4D00261A
:109E300081B3042801D0072831D1A16F21B9218D28
:109E4000A1F5B052D03A2AD0228BE18A201D8DE8AC
:109E5000070023461846626A216D01F069FE20461C
:109E600001F002F8A869A04209D1C068A86108E021
:109E7000C168A14202D1E168C16002E00846002841
:109E8000F6D12948E6602F700068A04203D102F0A5
:109E90005BF93DE003E0204600F0CCF938E040B14A
:109EA00001281AD0022835D02046BDE8FE4000F037
:109EB0003FB8E08A0028EED02869A04209D1C068E6
:109EC000286108E0C168A14202D1E168C16002E0F6
:109ED00008460028F6D1E660DDE7144B012100BFFB
:109EE00053F821002246006804E0C56F954200D176
:109EF000C667C0680028F8D1491C0429F0D3094876
:109F00001146143000F0D3FF21460220FEF72CFC4E
:109F10000020FEBD03482146183000F0C8FF2F7016
:109F2000B9E70000000100204001002094CE0008A5
:109F300070B50546007D0526032804D0042802D00C
:109F4000072816D106E0284601F090FE040006D14D
:109F50002E7509E0284601F089FE040002D0601C3D
:109F600009D004E009202875284600F033FD20467A
:109F700070BD002070BD688B40F008006883F8E772
:109F80002DE9F04704001E466FF00F0005D00029B0
:109F900003D0207D18B16FF00900BDE8F087086894
:109FA00060602283207A10B1FEF7AAFC02E0201D37
:109FB000FDF79AFC05006FF003010BD0206818B97B
:109FC000281D07D000682060B4F81680B8F1000F93
:109FD00002D005E00846E0E700F08AFCE08238B3F2
:109FE000204600F0B5FC4FF00009C4F8249020652D
:109FF000401E6064A065E06541F2D0606085208508
:10A00000C4F82C90A4F860004FF406706086221DFE
:10A01000294600F081F860860127A4F848700221E3
:10A020002046C4F8886000F086F8060003D022E0DD
:10A030006FF00100B1E70220104D2075B8F1000F5C
:10A0400010D02869A04209D1C068286108E0C16821
:10A05000A14202D1E168C16002E008460028F6D1C1
:10A06000C4F80C90A869E060AC6102F00FF82F70A2
:10A07000204600F0AFFC30468FE7000000010020D2
:10A080002DE9F0470746DDF820809A4691460D46B7
:10A090005FEAC87001D0042600E000260320FEF726
:10A0A00091FB040013D084F80A804FF00008C4E943
:10A0B000008528891421801B20812846FEF7BBFCDF
:10A0C00048B1204601F098FD0020BDE8F087284601
:10A0D000FEF71FFEF8E760684068E060F88AFDF769
:10A0E00091FDE1680880388BFDF78CFDE1684880C0
:10A0F0005046FDF785FDE1684860B008000300F5B3
:10A10000A04040EA0900FDF77DFDE1688881E16833
:10A110002046A1F81280D8E700290BD0098D00292C
:10A1200008D0282902D928398AB200E000229042BA
:10A1300000D310467047F8B5044600270D4688073F
:10A1400000D50127F80701D0042100E000214FF4D9
:10A1500020723820FEF796FC01004FF0FF360AD03F
:10A1600000972A462046E36DFFF78AFF010002D0E0
:10A17000E06E30B108E0608B40F0800060833046D4
:10A18000F8BDE16604E010460268002AFBD10160D8
:10A190000020A4F86800A80702D0E06D401CE0652C
:10A1A000E80703D0608B40F0200060834868FEF72A
:10A1B00005FD34F8661F084420800020F8BD002803
:10A1C00001D0C0F89010704770B5194DA878401CA8
:10A1D000A870AC6928E0A17FA878814223D0A0773D
:10A1E000608BC10709D040F002006083204600F078
:10A1F000F1FB608B20F00300608380B2010705D57E
:10A2000020F0080060832046FFF792FEE668A06F0A
:10A2100038B100202870204601F038F8287800284E
:10A22000D7D1344600E0E468002CD4D170BD0000E2
:10A230000001002001460120FEF796BA2DE9F04109
:10A240000C460746144E10E02546D5E90040FEF7BF
:10A25000B5FCB7F86610081AA7F866002889318996
:10A2600008443081284601F0C7FC8CB1E0684068A2
:10A27000FDF7C6FC0546E0688089FDF7C3FC800752
:10A2800000D00120218928440844B169081ADBD58F
:10A290002046BDE8F08100002001002010B50446F2
:10A2A000406F002803D001F0B5FC0020606710BDAE
:10A2B0000849C888421CCA800A6912B18B88984232
:10A2C00003D2C9681431085C7047C01AC0B2105C70
:10A2D000704700002001002010B5F7F729F9054963
:10A2E000096848400449C0F30D0000F540408880EB
:10A2F00010BD0000E8F7FF1F000100202DE9FF5FFF
:10A30000EA4E05464068F060688914287ED3DFF87D
:10A31000A093D9F80010D9F81400FDF778F90028B7
:10A3200074D199F81400C0F303100E286ED009F10F
:10A33000140003900090031F2A89062128460193E8
:10A34000FDF702FB0028EBD1F0688089FDF75AFC8D
:10A35000000B81001429D9D328898842D6D3A1F1D2
:10A36000140080B270804FF0000AC6F810A06A890D
:10A370008A4204D3B0802846FEF75CFD17E0142122
:10A380002846FEF757FD6989B1807088401A84B26B
:10A390002846FEF74FFD28684189A142B6D341689F
:10A3A00031612146FEF746FD2889001B2881F068AF
:10A3B0000088FDF727FC0146F06801804088FDF722
:10A3C00021FC0146F06841804068FDF719FC014618
:10A3D000F068416071618068FDF712FC0146F06829
:10A3E0008160B161C089FDF70DFC0146F068C18153
:10A3F0008089FDF707FC00F03F00307029897181EA
:10A40000820706D04A1C92B2728100E07DE0914240
:10A410007BD8DFF8A082D9F810E0D9F804B0D8F8DA
:10A420000030F168D9F8147000221C4600974BE008
:10A43000277A3FB19BF834C00CF1010C0CF0FF0CF3
:10A4400067453FD1278BB1F800C067453AD1E78A0D
:10A45000B1F802C0674535D1D4F804C0F44531D114
:10A46000D4F800C0009FBC452CD122B1E768D7606A
:10A47000E360C8F800404CB3DFF83C925746000751
:10A48000C9F800A02B89A9F80830C9F80450C9F808
:10A490000C10C6F81CA086F801A0A6F808A003D5E9
:10A4A000687B40F001006873A06F78B3204600F02D
:10A4B000EDFE0D3003D0A06F40B3708930B3608DD6
:10A4C000F0B3CAE02246E468002CB1D17B48D9E958
:10A4D00004280068D9F804401AE0037A2BB194F8F4
:10A4E00034707F1CFFB2BB4211D1038B0F88BB427B
:10A4F0000DD1C38A4F88BB4209D14368934206D12C
:10A500000368434503D101F0DBFDC8E031E0C068DA
:10A510000028E2D16A4F0022B2463868034618E0AC
:10A52000067A3EB194F834C00CF1010C0CF0FF0C2B
:10A5300066450CD1C68AB1F802C0664507D100E075
:10A5400013E00668464507D0002804D02EB1024625
:10A55000C0680028E4D18CE0F0B31AB1C168D160C2
:10A56000C360386000F006F999E0204601F05BFB1B
:10A5700073E02046346200F0C9FC0D306DD0707875
:10A58000354600070ED5D4F890201AB16FF00D01B2
:10A59000206990472146474800F089FC2046FFF794
:10A5A00049FE5AE02A8942B1D4F8803023B12146CD
:10A5B000206998470D3050D02F81204600F082F856
:10A5C000F0BBE86910B3A17EC90606D5FEF7A1FB72
:10A5D0002046FFF72DFA40E04BE0D4F884C0BCF1F0
:10A5E000000F07D0D4F810800246002321464046D1
:10A5F000E04705E0002302462146184601F0B1F984
:10A6000010F10D0F29D008B1E869A06768788006BD
:10A610001BD5A06F20B1417B41F02001417314E0B4
:10A62000208DA0F5B051D03901D0401C2085D4F840
:10A6300084C0BCF1000F08D000231A46214600E078
:10A640000BE02069E0470D3007D020462F6200F074
:10A6500039F810B9204600F0BDF93762F761D9F832
:10A6600004004C46002802D0FEF753FB6760BDE8AB
:10A67000FF9F54468889FDF7C5FA40070FD4E0686C
:10A68000039B018842880198CDE90002029161890B
:10A6900060694218D9F80400A16901F07AFA04B09F
:10A6A0002846BDE8F05FFEF734BB00002001002023
:10A6B0009856002018010020885600201C01002018
:10A6C0001401002010B504460C484078C00612D58D
:10A6D000A07EC00606D4D4F890201AB16FF00E0107
:10A6E000206990472146064800F0E1FB2046FFF72D
:10A6F000A1FD012010BD002010BD000020010020A0
:10A700001801002070B50446006D0025401EFDF7BD
:10A7100077FA034600222946204600F057FA010046
:10A7200006D02246231DBDE87040104600F098BABE
:10A730004FF0FF3070BD000030B40D4B04460021D7
:10A740000846DD689A6909E0137DA34205D1136AC2
:10A75000EB1A8B4201D319461046D268002AF3D176
:10A76000002803D030BC0021FFF7F8B830BC704798
:10A7700000010020FEB53D4D06462878410713D460
:10A780003B4FC10611D5E86807F1100207F1140329
:10A79000018840880092CDE9010169896869421801
:10A7A0007868A96901F0F5F9FEBD8007FCD5707DD8
:10A7B000FFF742F9040048D078692060386960608A
:10A7C000F08AE082E86800882083032020756869A9
:10A7D000401C6062E062204600F0BAF8A065206587
:10A7E0006064E0656869401E60653069E667206105
:10A7F000707A00F00C006072307A20721D48016897
:10A80000E160046001F042FC1B4901200870204611
:10A8100000F0CAFAE868C089A4F86000A4F86200F1
:10A82000201DFDF761F80146608E221DFFF774FCC4
:10A83000608612212046FFF77EFC88B103B02046D7
:10A84000BDE8F0400021FFF789B8B369002BABD019
:10A85000306903B04FF0FF32BDE8F04000211847E7
:10A860002046BDE8FE4000F0B5B800002001002001
:10A8700098560020180100200001002070B50D46F8
:10A8800004001DD0206800281AD00E4E2046B16961
:10A8900000F01AF82046316900F016F8002D0FD0AC
:10A8A000286800280CD006F11400026806E0106841
:10A8B0002168884201D128681060D268002AF6D148
:10A8C00070BD00000001002070B50546084609E093
:10A8D00001682A68914204D1C468FFF7A9F82046AC
:10A8E00000E0C0680028F3D170BD4020FFF7A4B895
:10A8F000F0B5154D154A00234FF6FF764FF440474B
:10A900004FF4804E9088401C80B29080B04200D1BD
:10A910009780B2F80440002055F8201009680AE03A
:10A92000B1F816C0A44505D15B1C9BB27345E9D3B1
:10A930000020F0BDC9680029F2D1401CC0B2042833
:10A94000EAD3A0B2F0BD000094CE000800010020C0
:10A950000249D1E9020210448860704700010020DA
:10A9600070B50546C0680C468089FDF74BF9184E56
:10A97000C00715D0204601F04DF9002425E080895C
:10A98000FDF740F9C00707D00120FDF73BF901466C
:10A99000E8688289114381812046246801F02CF9FE
:10A9A0009CB1E06822897369416811442A891A447C
:10A9B000511AE4D52A8940681A44821A05D5C01A6A
:10A9C00081B229816868FEF701FA2C6070BD000031
:10A9D000200100202DE9F05F04467B480068A0427A
:10A9E00002D10020BDE8F09FB4F86010B4F8480030
:10A9F000814200D20846E56E81466DB12146221D96
:10AA0000084601F08DF85FEA000A6FF003012ED0CE
:10AA100054B1206840B10CE0A07E80077ED520466E
:10AA2000BDE8F05F01F0FFB81AF104001FD0006824
:10AA30002060E8684068FDF7E3F8616C401A2989F6
:10AA4000421800204A4514D9B4F860204A45E3D1A1
:10AA5000216F0029E0D194F8A1100029DCD184F8FD
:10AA6000A000012184F8A11084F8A200D4E70846D0
:10AA7000B8E784F8A100266F83460EB990E0064639
:10AA800030680028FBD18AE0E8688089FDF7BAF8D1
:10AA9000206FA8B1618B11F0440F11D1E06E28B185
:10AAA00002686AB90089628E904209D2B4F86400E3
:10AAB00030B1B4F86600102802D211F0A00F7AD09D
:10AAC000207D022807D01020FDF79CF80146E86899
:10AAD00082891143818152462146284600F0FEF8C2
:10AAE00020B1618B41F0800161837BE72868E066DB
:10AAF000207D022803D0608B20F003006083E8688B
:10AB00004068FDF77DF80746E8688089FDF77AF828
:10AB1000800700D001203844298900E04FE0084434
:10AB2000216D091A00D52065E8688089FDF76AF86B
:10AB3000800700D001202989C8422CD0C5F800B078
:10AB4000206F68B1E8684068FDF75AF80746F0687A
:10AB50004068FDF755F8381A1AD504F1700003E083
:10AB6000256716E0D8F800008046006850B1C0683C
:10AB70004068FDF745F80746E8684068FDF740F88B
:10AB8000381AEFD4D8F800002860C8F8005005E063
:10AB900035602E4602E0284601F02EF8E56E55B1EC
:10ABA000E8684068FDF72CF8616C401A2989014477
:10ABB00049457FF669AFE06E08B9A4F868B0608BCC
:10ABC00020F0800060830CE7400100202DE9FF4168
:10ABD0000446478D058BC08A10268DE8E100606A27
:10ABE00000F009F8002803D0628D616A1144E16227
:10ABF00004B0BDE8F0812DE9F05F834688180E4669
:10AC0000DDE90B98143081B21F464FF420722420E6
:10AC1000DDF828A0FDF736FF05001ED050466C6811
:10AC2000FCF7F0FF20804846FCF7ECFF608067608F
:10AC30005846FCF7E5FFA060B008000300F5A0400F
:10AC400080B240EA0800FCF7DDFFA0810D98FCF718
:10AC5000D9FFE0810020208260822846BDE8F09F75
:10AC6000F8B515460E461C4607461A46294600F01A
:10AC700057FF38B1009023462A463146384600F047
:10AC800007F8F8BD3046FEF744F86FF00300F8BD52
:10AC90002DE9FE434F68DDF82880914600930D466C
:10ACA0001E4604460A894B4606212846FCF74CFE00
:10ACB000388214B1E37AA07A01E040230020062212
:10ACC0008DE80501324649462846FCF795FD0446C5
:10ACD0002846FEF71EF82046BDE8FE83FEB5164660
:10ACE0000C46054600F058F808B10020FEBD606A29
:10ACF000FCF786FFE9688860608DFCF783FFE968F0
:10AD0000C881618D606A0844E062EF68A87A1437F0
:10AD1000C0070AD0221D314640F2B450FFF7FCF9BB
:10AD200040F00170FCF76CFF3860B4F93000002788
:10AD3000002800DA2786606B38B91648006860631F
:10AD4000E8684068FCF75CFFA0636968A88923464F
:10AD50008A88801A4A89121A4A8169680A89101AEF
:10AD600008816968E8684860E86806210782201D54
:10AD7000009068680289FCF7E7FDE968221D0882F7
:10AD8000A07A06218DE84300E37A21466868FCF743
:10AD900033FDFEBD0C0100204068807B012801D0FE
:10ADA00001207047002070472DE9F0411A4C0646FB
:10ADB0006088002818D00020E08040F2B4550FE0F1
:10ADC000FFF776FA00280FD0012809D002280DD00D
:10ADD000FFF76EFA022807D3E1880844801EE0805E
:10ADE000E08861888842EBD3BDE8F081FFF760FA24
:10ADF0000428F9D1E0886188801C8842F4D8FFF7E4
:10AE000057FA0702FFF754FA3843A84200D800B9AE
:10AE100028467086E4E70000200100202DE9F0417B
:10AE20001D46DDE90637089E0C4691420FD2BF074A
:10AE300007D49F7E7F060AD41EB1DE6E0EB91B6F4B
:10AE40002BB104F2B4518A4200D2114689B24FF4B8
:10AE50002072FDF717FE002804D04189091B2980C4
:10AE600004814481BDE8F08170B504001ED0207DCE
:10AE700000281BD00A2819D0012817D0A06F002560
:10AE800010B1FDF746FFA567606F10B12046FFF7D0
:10AE900005FA4FF0FF302086E06E00F0BBFE206F19
:10AEA00000F0B8FEE5662567A4F8685070BD70B57F
:10AEB0000C4601460068A04209D1C068086008E05D
:10AEC000C168A14202D1E168C16002E008460028E1
:10AED000F6D100252046E560FFF7C6FF207D0A2851
:10AEE0000AD0012808D0608BC10705D040F00200CD
:10AEF00060832046FFF76EFD2575E58270BD002852
:10AF000002D0C0F88C104277704700002DE9FE4F48
:10AF1000D84D04462878410721D5207D02280ED03F
:10AF2000616A686981420ED0421A07D4228D1144A9
:10AF3000081AFAD4608B40F00200608397E1206D1C
:10AF4000A9698842FAD1687840F008006870608B7F
:10AF500020F0010060836FF00D00BDE8FE8F8007D8
:10AF600004D5207D022801D00328E3D1A07EC006AD
:10AF700002D4C148006820624FF0000A84F8A3A000
:10AF800084F8A2A02046FFF70FFF2A78900704D587
:10AF9000207D022801D00328D0D1B84B94F814C0EA
:10AFA00003F110000421DFF8D8B2B64FB64E1433C7
:10AFB000ACF1020C4FF00109BCF1080FBED2DFE882
:10AFC0000CF00473CBCFF5CBF4F3D606B6D59207CD
:10AFD00054D5626CAE69521CB2424FD16869421CB2
:10AFE00062626664E262EA68401ED289A4F8602068
:10AFF000A4F8622060652175201DFCF775FC0146F0
:10B00000608E221DFFF788F841F21C116086B1EBBB
:10B01000400F01D2420000E00A46B2EB800F01D996
:10B02000810003E0B1EB400F00D24100A4F84810CA
:10B03000B4F86600401EA4F86600206FB0B1016845
:10B04000C4F8701000F0D8FD206F98B1A4F830A0BB
:10B0500084F842A0D4F88830002B3FF46BAF002274
:10B060002146206998470D3042D063E7E06E0168C1
:10B07000E166E7E74FF0FF302086EBE7E9680A88F2
:10B0800049888DE807006989686942182046A969DE
:10B0900000F04EFD94F8420006288FD2A4F830A0AC
:10B0A000204600F0F5FCE2E0960708D5606A696981
:10B0B000401E884202D1204600F089FCD7E0D2062B
:10B0C00049D5626CAE69B21A012A38D4226D921B3E
:10B0D00035D42175E06F40B1836933B10022214638
:10B0E0002069984738B10D3002D02046FEF7A0FC09
:10B0F0006FF00C0031E7204600F004F9288908B110
:10B10000401E2881618E41F21C10B0EB410F01D22C
:10B110004A0000E00246B2EB810F01D9880003E04B
:10B12000B0EB410F00D24800A4F8480068788006D0
:10B1300011D5608B40F00200608307204AE0E96887
:10B140000A8849888DE8070069896869421831468C
:10B15000204600F0EDFC8AE0204600F0D3F8E5E759
:10B16000204600F0CFF86878800628784FEAC06063
:10B1700027D5002805DA206DA969884201D1E06E43
:10B1800028B1608B40F002006083082022E0608BD1
:10B1900040F0020060832046FFF766FE3068A04260
:10B1A0000CD1C068306048E051E02DE014E0C16887
:10B1B000A14202D1E168C1603FE008460028F6D113
:10B1C0003BE0002853DA206DA96988424FD1E06E38
:10B1D000E0BB062020754AE0204600F093F868782E
:10B1E000800644D5608B40F0020060832046FFF764
:10B1F0003BFE3068A042D4D003E0C168A142D9D060
:10B2000008460028F9D118E0204600F07BF828789D
:10B21000C0062CD5206DA969884228D1E06EA8B956
:10B220002046FFF721FE3068A042BAD003E0C16893
:10B23000A142BFD008460028F9D18BF800900A201F
:10B2400020753868E0603C6000F020FF0FE0204689
:10B2500000F058F82878C00609D5206DA969884201
:10B2600005D1E06E18B9687840F0100068700020D1
:10B2700073E60000200100200C01002098560020F9
:10B28000000100201C010020180100202DE9F041E0
:10B2900004000CD0A56F00206E7BA067D4F88470EA
:10B2A0004FB100232A4621462069B84709E06FF0D4
:10B2B0000F00BDE8F08100232A462146184600F021
:10B2C00050FB6FF00C0728B10D3018D06FF0040060
:10B2D000A567EEE7B00610D5208DA0F5B051D039A6
:10B2E00001D0401C2085D4F8845035B100231A4683
:10B2F00021462069A8470D3001D00020D9E7384603
:10B30000D7E700002DE9F047F74D04464FF000065F
:10B310002878C0067ED52846B4F860C0A36D676D56
:10B320006A69C16880690CEB0309B7EB020808D4AD
:10B33000974201D11F1A04D483420DD1CB896345B2
:10B340000AD9C989A4F86010B4F862308B4201D2DE
:10B35000A4F86210C4E91520626C4FF6FF71131A4D
:10B360002CD46B89002B28D1B4F86070A36D1F44D6
:10B370004F4522D1B4F93030002B1EDB82421CD164
:10B3800094F84300421CD2B2824201D984F843208F
:10B3900094F8430003280CD9B4F84800628E0244A4
:10B3A00092B2824202D3A4F8482003E0A4F84810E5
:10B3B00000E002D3204600F03DFB8AE0821A012A19
:10B3C00076D4236D1B1A73D4678B7B0708D527F0BF
:10B3D00004036383B4F84A30A4F84830A4F86A60E0
:10B3E00084F84260E38FB4F93C7092B203EBE70358
:10B3F000A4F8403084F843606064207D042831D391
:10B40000B4F84800B4F84A30984217D2638B1B0551
:10B4100003D500E07DE0012300E00223678E5F4357
:10B42000BBB2934200D81A46024492B2824202D37F
:10B43000A4F8482016E0A4F8481013E0B4F86A30E5
:10B440001A4492B29A4202D3A4F86A2001E0A4F806
:10B450006A10B4F86A20824204D3121AA4F86A204F
:10B46000628EE1E7D4E91B31A0A22046FEF7E6FE9A
:10B47000206703469FA22046E16EFEF7DFFEE066EE
:10B48000216F19B12686267720B105E04FF0FF32F3
:10B490002286F8E7A4F86860B4F864202B891A447F
:10B4A000A4F86420628B120513D511B1C86802E0BC
:10B4B0000CE030B1C0684068FCF7A2FBE16C401AB8
:10B4C00007D4608B20F40060608302E0204600F027
:10B4D000AAFB606BE8B1A16BAA69891A19D58749E3
:10B4E0000988081AB4F93C10A0EBE10000B201444D
:10B4F00009B2A187002801DA404200B2B4F93E2027
:10B50000A0EBA2001044E08700EBE100A4F84000AB
:10B5100066636B89002B7DD0207D07287AD2606A14
:10B520006A69774F811A01291ED413441B1A012B13
:10B530001AD43A8989B27868521A3A810289521A21
:10B5400092B204E002814681C91A006889B2438937
:10B550008B42F7D3FDF76EFC606A6861F96848605A
:10B56000616A401A07D5E2E1101A04D5608B40F0F9
:10B5700002006083DBE1208D616A0A186869121A93
:10B58000012AF0D4A846814273D1F8688089FCF77B
:10B5900039FB800701D0012100E000213889B9463C
:10B5A000084480B2A8F80A00218D4546814230D275
:10B5B000D9F80C004F468089FCF724FBC0070FD058
:10B5C000F8688089FCF71EFBC0F344004000FCF7DC
:10B5D00019FB0146F868828922F47C52114381816B
:10B5E000208D3881F8688089FCF70CFB800702D534
:10B5F0003889401E388139897868FDF7E7FBF8689B
:10B600008089FCF7FFFA800700D0012039890844BF
:10B61000688100E090E1606F60B3D9F80C00808928
:10B62000FCF7F0FAC00704D107E00168616700F099
:10B63000E3FA606F0028F8D16BE0676F24E080893F
:10B64000FCF7E0FAC0071BD0D9F80C008089FCF7A2
:10B65000D9FA800714D40120FCF7D4FAD9F80C10D9
:10B660008A8910438881FCF7CDFA800703D0012135
:10B6700002E0BAE04DE00021B9F808000844688112
:10B6800038463F6800F0B8FA6FB3F86839896B89BB
:10B69000426811446A691A44511AD0D569694068F0
:10B6A0009AB20A44821A33D5411AA9F80810D9F877
:10B6B0000C00A8468089FCF7A5FA800704D5B9F8E4
:10B6C0000810491EA9F80810B9F80810D9F80400A4
:10B6D000FDF77CFBD9F80C008089FCF793FA800712
:10B6E00010D001210FE013E020010020756E61638E
:10B6F0006B656400756E73656E7400000C0100204C
:10B70000885600200021B9F808000844A8F80A006B
:10B7100067676889696901446162218D081A20851B
:10B72000204600F019FDD9F8041048460A890AB1EC
:10B73000E9614660D9F80C008089FCF763FAC0071C
:10B7400041D0687840F0200068703CE06A618889E8
:10B75000FCF758FA800700D001203A89616A114449
:10B7600008446062F8688089FCF74CFAF8688089C0
:10B77000FCF748FA800700D0012039890844218D60
:10B78000081A2085204600F0E7FC7968088930B166
:10B79000E86910B1FDF7F5F900E0E9617E60F8684D
:10B7A0008089FCF72FFAC00708D0687840F02000A5
:10B7B0006870207D042801D10720207538686067F3
:10B7C000384600F019FA676F27B1F968606A4A686D
:10B7D0008242BBD0608BC10702D020F00100B6E0EE
:10B7E00040F001006083BDE8F087656F95B10026E9
:10B7F000E9684968814212D13889298988422FD95C
:10B80000286868B3534800F0E3F948B37EB330606A
:10B81000294623E04F4800F0DBF9606787E006B374
:10B82000F2685268821A012A23D40A1A012A20D403
:10B83000484800F0CDF9070079D0F06841683089B8
:10B840000A18D8F81400821A05D5401A81B231813D
:10B850007068FDF7BBFA294638463760FFF780F875
:10B8600065E0421A05D53B4800F0B2F9E8B36067DD
:10B87000CEE72A682E46CABB091A55D5E8688089E2
:10B88000FCF7C0F9C00752D1324800F0A1F9286096
:10B8900058B3E8682989464640684218D8F8141019
:10B8A0008A1A05D5081A81B229816868FDF78EFACF
:10B8B000218D606A7269084471891144401A36D535
:10B8C0002868C0688089FCF79DF9C00713D02868F4
:10B8D000C0688089FCF796F9C0F344004000FCF78B
:10B8E00091F92968C9688A8901E020E01CE022F406
:10B8F0007C5210438881A08C218D0844B18A401A63
:10B9000081B22868018128684068FDF75FFA2868DD
:10B91000C0688089FCF776F9800700D0012029688B
:10B9200009890844708102E015007FF461AF204668
:10B93000BDE8F04700F077B9616A6869421A05D43A
:10B94000228D1144081A01287FF54DAF608B40F01D
:10B95000020047E788560020002801D0C0F8841074
:10B96000704710B51446080007D04CB1218900F08B
:10B970000EF82046FDF7CDF903E06FF00F0010BD83
:10B980000BB1002010BDBDE81040FEF73DBA10B568
:10B9900004001BD0228D501880B241F2D061884241
:10B9A00001D8824201D9218500E02085204600F09F
:10B9B000D3FB40F2B451884208D3608B40F00200C0
:10B9C00060832046BDE81040FFF704B810BD2DE9A4
:10B9D000F041056F04466FF005061DB12846FFF7DC
:10B9E000DBF910B13046BDE8F081286804F16C063F
:10B9F000206700E03668306850B1C0684068FCF7E6
:10BA0000FFF80746E8684068FCF7FAF8381AF1D4FE
:10BA10003068286035602868002108B9A4F86810EB
:10BA200094F84200FF2802D2401C84F84200002013
:10BA30006163D8E710B50446006F002827D0A07EC8
:10BA4000400724D42046FFF7C2FF00281FD1B4F8D6
:10BA50004810B4F86000814200D208464108A4F8BA
:10BA60004A10608EB1EB400F05D24FF6FF7101EA2C
:10BA70004001A4F84A1089B200EB40000844A4F841
:10BA80004800608B40F0040060830020208610BDD9
:10BA900010B5044600F011F8002804D12046BDE896
:10BAA000104000F001B810BD90F84210FF2902D2FA
:10BAB000491C80F84210FEF78DBF2DE9F041056F5B
:10BAC00004466FF005065DB103E0FFF765F938B98C
:10BAD0002D68286800282846F7D1FFF75DF910B1D6
:10BAE0003046BDE8F081E06E28600026206FC4E992
:10BAF0001B06608B40F400606083E8684068FCF7D8
:10BB00007FF80746E8688089FCF77CF8800700D05A
:10BB100001202989384408446663E0640020E0E796
:10BB200018B1007A08B1FCF7EBBE1046FBF7DCBE9B
:10BB3000FEB51D460646DDE90930089C0094CDE9B6
:10BB400001302B46304600F00BF8010007D003B05F
:10BB500023462A463046BDE8F040FFF781B8FEBDD7
:10BB60002DE9FF411546DDE90B78084600244DF22A
:10BB70001606FCF745F81421CDE90216CDE9007848
:10BB80000346002221462846FFF735F804B0BDE8F9
:10BB9000F081FEB51E460400DDE90930089D0ED097
:10BBA0000095CDE9013033460020FFF7D9FF0100B1
:10BBB00005D02B46324600200094FFF769F8FEBD01
:10BBC000024800214180818070470000240000204D
:10BBD00070B505460320FCF7F5FD04000AD004CD3E
:10BBE00095E80B0004C484E80B00241FFDF715F949
:10BBF000204670BD002070BD10B5040009D06068FB
:10BC000008B1FDF786F82146BDE810400320FCF797
:10BC1000ABBD10BD10B503E00468FFF7EDFF204693
:10BC20000028F9D110BD70B504460025006DFBF762
:10BC3000E7FF0346002229462046FEF7C7FF010022
:10BC400009D02246231D1046FFF70AF8618B48B140
:10BC500041F0030108E0608B40F0030060836FF067
:10BC6000010070BD21F00301618370BD70B5C46E29
:10BC700005460CB909E0044620680028FBD1E068BD
:10BC80008089FBF7BFFF400705D02846BDE870401C
:10BC90000121FEF750BA0120FBF7B4FFE1688A8961
:10BCA00010438881688B40F020006883002070BDBD
:10BCB0002DE9FE4FAC4D47F6FF7B4FF4FA78E8686C
:10BCC0004FF00009401CE860A878401CA8700027CD
:10BCD000AC692BE1A17FA878814202D12746E468B4
:10BCE00024E1A0770026207DB246022805D194F8F1
:10BCF0004200062801D3012688E094F842000C286F
:10BD000006D294F8A10058B394F8A2100C2901D3DC
:10BD100001266FE09549415C94F8A000884202D268
:10BD2000401C84F8A000C0B2884263D3B4F860100D
:10BD3000204619B100F01EF920B107E000F0CCFB5D
:10BD4000E8BB03E02046FEF745FEC0B384F8A090B0
:10BD500094F8A10007284DD2401C84F8A10049E0C6
:10BD6000B4F93000584501D2401C2086B4F93000A7
:10BD7000B4F9401088423DDB2046FFF79EFE18B123
:10BD8000206FE0B9E06ED0B1207D022813D094F886
:10BD900042000C2800D30C20B4F93E10B4F93C202A
:10BDA00001EBE201724A105C81405846814200DAA0
:10BDB0000846A4F840004846A4F8309000E019E096
:10BDC000B4F84820B4F860108A4200D211464A08FC
:10BDD000A4F84A20618E4FF6FF7303EA41039A42AA
:10BDE00001D2A4F84A30A4F84810A4F86A0020460A
:10BDF000FFF75AFE207D062808D1A07EC00605D593
:10BE0000206AE968081A282800D9761C607A000799
:10BE100026D5207D042801D0072821D1D4E9250C7E
:10BE2000D4F89C10226A01FB0C01B1FBF8F1EB681D
:10BE30009A1A914203D24FF0010A761C10E094F84E
:10BE4000A31001FB0C00B0FBF8F0904208D2204692
:10BE5000FEF758FC20B994F8A300401C84F8A30016
:10BE6000606F60B1216AE868411AB4F9400000EBE4
:10BE70004000B1EB400F02D32046FEF70FFA207DC1
:10BE8000032802D0092807D00BE0206AE968081AC5
:10BE9000282806D9761C04E0206AE968081AF028E8
:10BEA000F8D84EB32046D4F89060FEF7DDFFE06886
:10BEB0000FB1F86000E0A861BAF1000F0AD0228B40
:10BEC000E18A201D8DE8070023461846626A216D2D
:10BED000FFF72EFE2046D4F810A0E468FEF7AAF97A
:10BEE00085F8009016B36FF00C015046B0472878E3
:10BEF00000287FF4ECAE19E02746E468387F401C48
:10BF0000C0B23877797F884210D387F81C9085F8C3
:10BF10000090D7F88C2032B139463869904729789B
:10BF20000029E6D110B93846FEF754FD002C7FF405
:10BF3000D1AE0026EC6913E0206AE968081AF028FF
:10BF400006D92046FEF790FFE06826B1F06003E0D6
:10BF50002646E46804E0E8612046E468FEF76AF9F2
:10BF6000002CE9D1BDE8FE8F000100204FCE000873
:10BF700084CE00082DE9F84FC46E0F460546002C0C
:10BF80007DD04FB12089B84277D994F80AB05FEAE2
:10BF9000CB7105D0042604E06FF00500BDE8F88FF2
:10BFA0000026C01B1FFA80F808EB060081B24FF490
:10BFB00020723820FCF766FD5FEA000A63D06068F3
:10BFC00022890189891A39448BB2DAF80410424671
:10BFD0003144FCF713FE404552D1E0688089FBF7FD
:10BFE00011FE00F03F064FF00009300703D526F0A0
:10BFF00008064FF00809F00703D026F0010649F0C3
:10C000000109E0684068FBF7FBFDC3194A46514649
:10C010002846CDF800B0FEF733F8070033D060684B
:10C02000FCF7CCFD35F8661F081A28806068028985
:10C03000A2EB080189B2FCF7C9FE2189A1EB080037
:10C0400020813046FBF7DEFDE1688A891043888154
:10C050006068FCF7B3FD2988084428807868FCF7FD
:10C06000ADFD2988084425F86609206838602760F6
:10C07000386810B90020A5F8680000208EE702E0BB
:10C080005046FCF746FE4FF0FF3087E708488168CE
:10C0900000290CD10749084A09681268114306D0E3
:10C0A0000121816000220549FA20FDF70DBC70478F
:10C0B000F4000020180100201C01002079C50008B0
:10C0C000FEB516490B785A0717D40A469C075289C1
:10C0D00014D5446A4B691D1B15D4058D2C44E41AF4
:10C0E00011D4CC680E4E1A44258864880096CDE998
:10C0F0000145331D8969FFF71BFDFEBDD90702D03D
:10C10000084909680162002AF7D0418B41F0020119
:10C110004183BDE8FE40FEF75DBC00002001002029
:10C12000A85600200C01002010B5FEF74DF8054878
:10C130004178491C4170C80703D0BDE81040FFF7A3
:10C14000B7BD10BD000100200248417841F0100148
:10C15000417070472001002070B5048D456A428E01
:10C160002B1940F66836C16AB24200D932460A44F9
:10C170009A1A02D44485581A70BD491B00D5002173
:10C180004185002070BD00002DE9FF4F4FF0000BEE
:10C1900093B01746CDF838B004005D46CDF834B002
:10C1A0005E46CDF824B0CDF844B0ADF828B0D846FE
:10C1B000DA466FF00F021BD0608EB4F86210B0EB5D
:10C1C000510F01D2014600E0490801B1084606902E
:10C1D000149868B1207D04280CD007280AD00228C2
:10C1E00008D0032806D06FF00A0017B0BDE8F08F22
:10C1F0001046FAE767B1B4F86410B94203D3B4F853
:10C200006600102804D3608B40F08000608360E1FA
:10C21000B4F8669000200790E06E002877D00546BD
:10C2200000680028FBD1A87AC00700D004202B8921
:10C2300019180698401A82B2B4F86800ADF82800C0
:10C24000C8B10D95B84201D2014600E0394691428D
:10C2500001D9114604E0B84201D2014600E0394656
:10C260008846A0EB0800ADF8280006EB0801A2EB19
:10C2700008008EB282B2BE4249D2002A47D0002BBB
:10C2800045D0B81B904200DD104680B2CDE90C05C8
:10C290001698C00715D0012116980094CDE9010128
:10C2A0000AAB00200C99FEF7B9FD5FEA000B7CD0C9
:10C2B00014980C9A8119DBF80400F3F7A8FF58468C
:10C2C0001EE0686800E0084601680029FBD1017B98
:10C2D000890908D14168408901441498814202D1FA
:10C2E000DDF830A011E0012200200C99FCF7CAFB18
:10C2F0005FEA000BDBD0149881195846CBF8041084
:10C30000FCF75CFC48441FFA80F90C9866E067E093
:10C31000B81B81B2DDE90620101A80B2814200D23A
:10C32000084603901698C0071DD00998C8B100218F
:10C3300016980094CDE90101039907980AAB0844C7
:10C3400081B23820FEF76AFD019000282DD01498A4
:10C3500081190198426807981044039AF3F757FF30
:10C3600018E00121E4E7012238200399FCF78AFB59
:10C370000090002819D014984FF420728119009869
:10C38000416038200799FCF77DFB019088B1009946
:10C39000FCF7F7FB0198FCF711FC48441FFA80F901
:10C3A000B9F1100F07D9019800E04BE0FCF7B1FCA0
:10C3B00082E00098F8E711980090E06D0022831960
:10C3C00020460199FDF75CFE0D90D8B3099870B135
:10C3D000DDE90D0108600D980E900398304486B297
:10C3E000BE4295D3B8F1000F1CD06E6814E00D98D2
:10C3F0000990F0E7318901EB08003081306850B9CD
:10C4000071897068424608441499F3F700FF7189F6
:10C4100001EB080070813668002EEBD1298901EB11
:10C4200008002881BDF82800A4F86800BBF1000FBF
:10C4300009D059466868FCF7A4FB2989BBF80800B5
:10C44000084418E038E0BAF1000F15D0686804E03D
:10C45000038903EB0A020281084601680029F7D12B
:10C46000028902EB0A010181428902EB0A01418142
:10C47000298901EB0A0028810998DDB1C5F800007F
:10C4800054F85C0F384420602089C01B2081A4F838
:10C490000A900D9860B1C06850B11698800707D413
:10C4A0000820FBF7AFFB0D99C9688A891043888182
:10C4B00000209AE6E066E3E7608B40F0800060834E
:10C4C000BBF1000001D0FCF724FC099808B1FFF78C
:10C4D000A1FB4FF0FF3088E62DE9F041C56E044620
:10C4E000002635B394F8A200FF2802D2401C84F83D
:10C4F000A200E8688089FBF785FBC00701D0288986
:10C50000D0B100270122E868314643682046FEF793
:10C510005DFB060013D0716888469FB11120FBF7C0
:10C5200071FBB8F80C1021F47C510843A8F80C00FA
:10C5300011E00020BDE8F08101270022E3E74FF081
:10C54000FF30F7E768682B8914310289D21A93B259
:10C550000122FCF753FBE8684068FBF751FB216DB3
:10C56000401C091A00D520652246231D3146BDE82E
:10C57000F0411046FEF774BB10B5FFF7D5FD084833
:10C58000084900680968084306D00022BDE8104049
:10C590000549FA20FDF798B904490020886010BDCC
:10C5A000180100201C01002079C50008F4000020BB
:10C5B000016000210171704770B505000FD0286837
:10C5C00068B148246100142301222868F5F78CF82B
:10C5D00038B1641CE4B24F2CF4D90020287100203B
:10C5E00070BD2C71012070BD7FB50C4680B105680F
:10C5F00075B1007960B15CB11423022203A98DE802
:10C600000E004100012300222846F5F7E1F910B1A0
:10C61000002004B070BDBDF80C0040BA000901054F
:10C6200001D5A0F5805040F2712148434FF06401DC
:10C6300001D4323000E0323890FBF1F0208001204C
:10C64000E7E71CB503218DF8041058B104684CB11C
:10C650001921009100790123410001AA2046F5F734
:10C6600007F908B100201CBD01201CBD0160242178
:10C670000171704710B548B104683CB100791923C5
:10C68000410002222046F5F72FF808B1002010BD26
:10C69000012010BD2DE9F04186B00D4604004AD0BE
:10C6A000EDB302AA0121FCF7A1FDC0B36A46202127
:10C6B0002046FCF79BFD90B301AA8B212046FCF796
:10C6C000B1FD60B303AA8C212046FCF7ABFD30B36B
:10C6D00004AA8D212046FCF7A5FD00B305AA792107
:10C6E0002046FCF79FFDD0B14FF47A78444642468D
:10C6F0009DF80010BDF80400FDF76DF806462146D0
:10C70000BDF80C00FDF74AF807466421BDF810009B
:10C71000FDF744F80446002F00DA002700E00AE0A5
:10C72000B6F5803F01D34FF6FF76B4F5004F06DB38
:10C7300047F6FF7407E0002006B0BDE8F08110481E
:10C74000844200DA044614212846F3F787FDA6FB4D
:10C7500007014FF4FA7280182E806F6041F10001DA
:10C7600042460023F3F712FDA860AC81BDF8140027
:10C77000E8819DF80800C00928740120DCE700006A
:10C780000080FFFF38B50C46050006D0286820B1B0
:10C79000A4F57A70B0F5967F01D9002038BD6A46BD
:10C7A00027492846FAF794FD28B1BDF80020242136
:10C7B000284600F0A7FA6A4622492846FAF788FD7B
:10C7C0000028EBD0BDF800204021284600F09AFA5E
:10C7D0000028E3D02046F3F735FF1B49F3F7E7FDC8
:10C7E00001466A462846FAF773FD0028D6D0BDF800
:10C7F00000202121284600F085FA0028CED06A4684
:10C8000012492846FAF764FD0028C7D0BDF8002079
:10C810004321284600F076FA0028BFD06A464FF040
:10C820007D512846FAF754FD0028B7D0BDF8002006
:10C830004421284600F066FA0028AFD0012038BD18
:10C840006666A63F0000A03F00007A446666663F29
:10C8500008490A894B899A4201D100207047064A4B
:10C860004B89D25C02704889401CC0F309004881A2
:10C8700001207047000000208F0100202DE9F04FBB
:10C8800001B92A4920B12A4C002663681D4608E0F8
:10C890006FF00F00BDE8F08FA84201D1012602E041
:10C8A000ED68002DF8D16FF007097ABB00254FF62F
:10C8B000FF784FF4404A4FF4804B2288571C278062
:10C8C000424501D1A4F800A01A4627880AE000BF1B
:10C8D000B2F812C0BC4504D16D1CADB25D45ECD3BD
:10C8E0001CE0D268002AF3D13A04120C16D00FE0F3
:10C8F00098420AD05D8A954207D11F680D68AF4201
:10C900000CD059B155B14BB147B1DB68002BEFD119
:10C9100001B109680160428216B104E04846B9E7F6
:10C920006168C16060600020B4E70000A4CE000828
:10C930004401002070B5040016460D466FF00F004C
:10C9400017D0002D15D0628A2AB921460846FFF774
:10C9500095FF00280DD128686060A682207C084AD7
:10C9600040F0040020745068014604E0844201D184
:10C97000002070BDC0680028F8D1E1605460F7E77E
:10C980004401002010B5F4F7D3FD0549096848407B
:10C990000449C0F30D0000F54040088010BD0000C0
:10C9A000E8F7FF1F440100202DE9F34F06464089B8
:10C9B00083B008287ED3584D776829686869FAF7EC
:10C9C00026FE83463888FBF71DF901907888FBF72F
:10C9D00019F9DFF848A181460021DAF80420084659
:10C9E000144657E0B4F812C0CC4551D1237A4BB16C
:10C9F000D5F804C09CF834C00CF1010C0CF0FF0C0D
:10CA0000634545D1BBF1000F13D0CCB12368BBB156
:10CA1000D5F814C0E046BCF1FF3F11D0DDF810C0DE
:10CA2000DCF808C003EA0C0308EA0C08434507D009
:10CA30002EE02CB123681BB1D5F814C0634527D173
:10CA4000237C5B0711D478B1BBF1000F0DD06B696B
:10CA50005B1C0AD1049BD0F800C05B689C4504D0E5
:10CA6000D4F800C09C4500D12046B4F814C0019B06
:10CA70009C450DD163681BB1D5F810C0634507D143
:10CA800021B1E368CB60E260CAF8044024B10AE057
:10CA90002146E468002CA5D1040004D10498416823
:10CAA0006869814232D1F8881B4F103750B1381D68
:10CAB000009000E02AE032893B4611213046FAF727
:10CAC00043FF18BB08213046FCF7B4F9F0B95CB15C
:10CAD000A569DDB1019800903B4632462146E069E8
:10CAE000A84705B0BDE8F08FBBF1000F0ED1287D3F
:10CAF000C0F303100E2809D0A889083001B23046CF
:10CB0000FCF74CF903213046FAF72EFC05B030460D
:10CB1000BDE8F04FFCF7FDB8985600204401002016
:10CB200010B5002813D00268002A10D000290ED0BA
:10CB30000A68002A0BD0064A526806E013680468A7
:10CB4000A34201D10B681360D268002AF6D110BD50
:10CB50004401002010B50020FBF734FE040004D08F
:10CB60002021F3F77BFBFF20E072204610BD002858
:10CB700001D0C0E906127047002814D00A494A685B
:10CB800082420AD1D2684A6009E0D16821B181426B
:10CB900002D1C168D16002E00A46002AF5D10146FF
:10CBA0000020FBF7E1BD7047440100207CB56FF029
:10CBB0000F05069C70B169B162B15CB105685DB1E9
:10CBC000C5F303160E2E07D06668B54206D06FF087
:10CBD00003007CBD28467CBD251D00E00546CDE94F
:10CBE000004500F001F87CBD2DE9FE4F0500DDE9B0
:10CBF0000C9A9B4690460E466FF00F002FD0002EE9
:10CC00002DD0B8F1000F2AD05FEA0A0127D05FEAE1
:10CC1000090124D06A8A2AB929460846FFF72EFE60
:10CC200000281CD130894FF0FF3700F1080189B28C
:10CC3000814213D308213046FBF7FDFE88B14FF443
:10CC4000207208212420FBF71DFF040006D0308944
:10CC500040B131462046FBF7A8FF03E03846BDE867
:10CC6000FE8F3446688A6768FAF7CCFF38805846EA
:10CC7000FAF7C8FF78800020F8802089FAF7C2FF11
:10CC8000B880287CC0070BD1CDF80080228953469C
:10CC900011212046FAF758FE08B94FF6FF70F880C8
:10CCA000EB7AAA7A1120CDE90020CDF8089042460F
:10CCB00051462046FAF7B0FD0546B44202D0204660
:10CCC000FCF727F82846CAE70A0A02704170704745
:10CCD0000A0E02700A0C42700A0A8270C170704714
:10CCE0002DE9F04115461E4607460724E200284676
:10CCF0003146F3F77CFAC4F10701641E7854F5D588
:10CD0000BDE8F0812DE9FF5F0024884605460DF15E
:10CD10000C0BD7B2160A4FF019094FF0020A8DF822
:10CD20000C708DF80D60CDF800B0CDE901A928791F
:10CD30004246410001232868F4F7E0FF50B1022089
:10CD4000F4F7BCF8641CE4B2032CE8D3002004B070
:10CD5000BDE8F09F0120FAE700010001000000019A
:10CD60000100000000C2010040420F00000000006E
:10CD700000000000000000000000060200000000AB
:10CD8000000000000000000000000405060708097C
:10CD900000000000000D0102030405060708090A4F
:10CDA0000B0C0D0E0F10000000000000000001022F
:10CDB0000304060708090000000001020304000044
:10CDC0002000040038200020C8000020A400040037
:10CDD000B8200020CC0000201C00080048230020C0
:10CDE000D00000201000100028240020D4000020D3
:10CDF0001000040028250020D8000020100010009A
:10CE000068250020DC0000200406080068260020B9
:10CE1000E0000020C0CD0008CCCD0008D8CD00082F
:10CE2000E4CD0008F0CD0008FCCD000808CE0008D5
:10CE3000FA00000029C10008E8030000097000089A
:10CE400060EA0000FD4F0008F4010000995200085C
:10CE500003060C183060780070D4000898D40008DD
:10CE6000B8D4000878D4000864D400084CD4000872
:10CE700058D40008ACD4000884D400088CD400082E
:10CE8000A0D40008010203040506070707070707E7
:10CE900007000000140100201001002018010020EC
:10CEA0001C01002000000000FFFFFFFFFFFFFFFF4D
:10CEB000FFFF0000000000005B465245515D20422C
:10CEC0004D31333636207461726765743D257520A7
:10CED0004D487A2C2061637475616C3D252E326655
:10CEE000204D487A2C2048434E20737061636520A2
:10CEF000706172746974696F6E656420666F722008
:10CF0000257520636869702873290D0A00000000E8
:10CF10005B434849505D20545820424541434F4EA1
:10CF2000206F6E2050413920666F7220256C75206D
:10CF300073202D2D20747261636520746865206EE6
:10CF4000657420776974682061204443206D65749E
:10CF5000657220287E312E36352056206578706522
:10CF60006374656420617420616E79206C697665F4
:10CF700020706F696E74290D0A0000005B434849F8
:10CF8000505D204543484F2D50524F424520256467
:10CF90003A20434F55504C494E47202864757269DA
:10CFA0006E6720627974652025642C202B256C75B2
:10CFB000207573292C206C6174653D25750D0A0060
:10CFC0005B4C5749505D204448435020626F756E5A
:10CFD000643A2049502025642E25642E25642E2590
:10CFE000642047572025642E25642E25642E256451
:10CFF000204E4D2025642E25642E25642E25640D9B
:10D000000A0000005B5048595D20414E41523D30BE
:10D010007825303458202031303046443D25642076
:10D0200031303048443D256420313046443D25644C
:10D0300020313048443D2564202070617573653D82
:10D0400025640D0A000000005B5048595D20414EE8
:10D050004C5041523D30782530345820203130300A
:10D0600046443D25642031303048443D256420311C
:10D070003046443D256420313048443D256420201D
:10D0800070617573653D25640D0A00005B50485959
:10D090005D204243523D307825303458202072655F
:10D0A0007365743D257320206175746F6E65673DEF
:10D0B0002573202073706565643D25732020647599
:10D0C000706C65783D2573202069736F3D25732052
:10D0D0002070643D25730D0A000000005B444D4143
:10D0E0005D2052585F444553433D307825303858D1
:10D0F0002052585F4255463D3078253038582054EC
:10D10000585F444553433D307825303858205458B3
:10D110005F4255463D3078253038580D0A000000F2
:10D120005B434C4B5D204D434F5B32373A32345DAD
:10D130003D3078255820283078443D504C4C3343BE
:10D140004C4B2035304D487A2920204346475232F7
:10D150003D30782530386C58202850524544495687
:10D16000325B373A345D3D3078256C5820657870F5
:10D1700065637420343D646976352C20504C4C3303
:10D180004D554C5B31353A31325D3D3078256C5828
:10D190002065787065637420383D783130290D0A38
:10D1A000000000005B50485950524F42455D2042FC
:10D1B00043523D307825303458204253523D307828
:10D1C000253034582049443D3078253034583A30A1
:10D1D0007825303458202865787020307832303007
:10D1E000303A307835433930290D0A005B524157C7
:10D1F0004652414D455D2025303258202530325869
:10D200002025303258202530325820253032582001
:10D2100025303258202530325820253032582025EC
:10D220003032582025303258202530325820286698
:10D230006C61673D307825303258290D0A000000B6
:10D240005B50485950524F42455D206C696E6B3DB2
:10D25000257320202849443D3078464646462F30E5
:10D260007830303030202D3E20504859206E6F7479
:10D2700020726573706F6E64696E673B20636865CA
:10D28000636B2032354D487A207874616C2C204DC8
:10D2900044494F20776972696E672C2050485920A5
:10D2A00061646472290D0A005B465245515D206835
:10D2B0006F73742072657175657374202575204DC8
:10D2C000487A202D3E2049474E4F52454420286C35
:10D2D0006F636B6564206174202575204D487A204A
:10D2E000666F722073746162696C697479290D0AC2
:10D2F000000000005B4E4F4E43455D206A6F625F49
:10D3000069643D2564206E6F6E63653D307825301D
:10D31000385820287261773D3078253038582920D8
:10D32000636F72653D256420736D616C6C3D25648F
:10D3300020617369633D256420726F6C6C65645F66
:10D340007665723D3078253038580D0A00000000AF
:10D350005B4A4F425D2069643D2564206D696473BA
:10D3600074617465733D25642076657273696F6EB0
:10D370003D307825303858206E626974733D3078BE
:10D3800025303858206E74696D653D307825303809
:10D3900058206E6F6E63655F73746172743D307890
:10D3A000253038580D0A00000D0A5B53544154557E
:10D3B000535D2075703D256C7573202069703D2587
:10D3C000752E25752E25752E257520206574683DD2
:10D3D00025732020626D313336363D25732020635E
:10D3E000686970733D256420206C696E6B3D257300
:10D3F0000D0A2020202020202020204554483A20BB
:10D4000072783D256C752074783D256C75207C20E4
:10D4100055415254313A2072785F746F74616C3D9B
:10D42000256C75206261645F7072653D256C7520A6
:10D430006261645F6372633D256C752046453D25DE
:10D4400075204F52453D25750D0A000046494E5F37
:10D45000574149545F31000046494E5F5741495496
:10D460005F32000045535441424C49534845440003
:10D47000434C4F534544000053594E5F524356446A
:10D4800000000000434C4F53494E47004C41535459
:10D490005F41434B000000004C495354454E00008F
:10D4A00054494D455F57414954000000434C4F5388
:10D4B000455F57414954000053594E5F53454E5400
:10D4C000000000005B5458445D2061726D65643D4E
:10D4D0002564206F776E5F6E6F773D256428303D41
:10D4E00073656E7429207370696E733D256C7520A9
:10D4F000444D4153523D30782530386C58205450BB
:10D50000533D256C75205442555328626974322965
:10D510003D256C750D0A000038D50008000000207C
:10D5200084010000900A000870D5000884010020E2
:10D53000FC7900003035000801120338C201031ADB
:10D54000FF0154E0FF1F05310A0801030911020819
:10D55000DCABCDEF701742019210033F127A32C05C
:10D56000033C6E19C2C0041D01031C4203021008D3
:04000005080001519D
:00000001FF
