:020000040800F2
:10000000707B0020690100080F2B000815250008EF
:100010000D2B00087B080008EF2D000800000000F1
:10002000000000000000000000000000392B000864
:100030007D08000800000000112B00083D2B00087F
:100040008301000883010008830100088301000880
:100050008301000883010008830100088301000870
:100060008301000883010008830100088301000860
:100070008301000883010008830100088301000850
:100080008301000883010008830100088301000840
:100090008301000883010008830100088301000830
:1000A0008301000883010008830100088301000820
:1000B0008301000883010008830100088301000810
:1000C0008301000883010008830100088301000800
:1000D00083010008EB2D000883010008830100085C
:1000E000830100088301000883010008000000006C
:1000F0000000000000000000000000000000000000
:1001000000000000000000008301000883010008D7
:1001100083010008830100088301000883010008AF
:10012000830100088301000883010008830100089F
:10013000830100088301000883010008830100088F
:10014000830100088301000883010008830100087F
:10015000DFF810D000F062FB00480047316F000864
:10016000AFF30080707B00200648804706480047B8
:10017000FEE7FEE7FEE7FEE7FEE7FEE7FEE7FEE757
:10018000FEE7FEE7452C0008510100082DE9F05F6D
:100190000546002092469B468846064681464024F6
:1001A0001BE0284641464746224600F020F85346C9
:1001B0005A46C01A914110D311461846224600F003
:1001C00089FA2D1A67EB01084F46224601200021CB
:1001D00000F080FA17EB00094E41201EA4F1010443
:1001E000DFDC484631462A464346BDE8F09F202AD8
:1001F00004DB203A21FA02F00021704721FA02F3D1
:10020000D040C2F12002914008431946704710B512
:10021000431A934209D28318881803E010F8011D8D
:1002200003F8011D521EF9D210BD40EA01039B07DD
:1002300003D009E008C9121F08C0042AFAD203E05B
:1002400011F8013B00F8013B521EF9D210BDD2B2A9
:1002500001E000F8012B491EFBD270470022F6E7AF
:1002600010B513460A4604461946FFF7F0FF20462C
:1002700010BD421C10F8011B0029FBD1801A7047E9
:1002800030B504460020034600E05B1C934203D2D5
:10029000E05CCD5C401BF8D030BDF0B480EA0102D8
:1002A000D40F4200B2EB410F02D20246084611467B
:1002B0004A0042D0C30DDDB2C1F3C752AD1A202DA2
:1002C00035DAC1F3160141F4000204B15242C5F11E
:1002D000200602FA06F12A411044B3EBD05F23D086
:1002E000C4B1012DA0EBC35009DCF0BC4FF00042BB
:1002F00002EAC352DBB200F5000000F003BA40008E
:1003000000F1807000EBC350A0F1807040EAD17022
:10031000490009E0490841EAC071A0EBC35000F56B
:100320000000400800EBC350F0BC00F0E2B96142AD
:10033000012202EB4101001BF6E7F0BC704781F09F
:100340000041AAE780F00040A7E780EA010210B56B
:1003500002F00043400022D04A001FD0010E01EB02
:100360001261C0F35600C2F3560240F4000042F49A
:100370000002A0FB022000047F39140400D0401CBE
:1003800050EA124001D44000491EC2B20C0604EBF0
:10039000D010401C4008802A02D003E0002010BD8D
:1003A00020F00100002900DA0020184310BD30B40D
:1003B00080EA010202F0004530F0004221F00040E6
:1003C00013D090B1C30DD40DC2F31601C0F31600C3
:1003D000E41A41F4000140F400027D34914201D35B
:1003E000641C00E04900002C02DA30BC0020704799
:1003F0004FF400000023914201D3891A03434008BF
:100400004FEA4101F7D151B1914202D14FF0004181
:1004100005E002D24FF0010101E06FF0010103EBB2
:10042000C450284430BC00F064B92DE9FE4F81EA85
:10043000030404F0004421F0004100944FF0000B4D
:1004400023F0004350EA01045ED052EA03045BD07B
:10045000C3F30A54C1F30A552C44A4F2F3340194B3
:10046000A0FB0254C1F3130141F48011C3F3130341
:1004700043F4801301FB024400FB034E840A970AF5
:1004800044EA815447EA8357A4FB076802958D0A22
:1004900005FB07854FEA932C04FB0C542705029DAE
:1004A0004FEA065847EA1637B5EB08056EEB070C1E
:1004B000870E920E47EA811742EA8312A7FB0201D8
:1004C000B6EB0B0164EB00042B0D43EA0C335E1812
:1004D00044EB1C50DA465146E7FB0201C5F3130416
:1004E0004FEA0B3343EA14534FEA0432019C43EAC8
:1004F0000603A4F10C040294009CCDE900B400F0C2
:100500003EF903B0BDE8F08F00200146F9E72DE980
:10051000F04D81EA030404F0004B21F0004514463D
:100520004FF0000A23F0004150EA050220D054EABF
:1005300001021DD0C5F30A570246C5F31303C1F3E8
:100540001300C1F30A5640F4801543F48013A7EB5F
:100550000608101BD64608F2FD3873EB050002D3DF
:1005600008F1010801E092185B41B8F1000F03DACD
:1005700000200146BDE8F08D00204FF480110646B2
:1005800084460EE0171B73EB050705D3121B63EBC4
:10059000050306434CEA010C49084FEA3000921863
:1005A0005B4150EA0107EDD152EA030012D082EA22
:1005B000040083EA0501084305D0101BAB4106D2B5
:1005C0000122002306E000224FF0004302E06FF01A
:1005D000010253101AEB06004CEB085110EB0A0015
:1005E00041EB0B01BDE8F04D00F0BAB870B521F059
:1005F000004303430CD0C1F30A550024D5EB040596
:1006000064EB0403D617AD1AB34102DB00200146A8
:1006100070BD201841EB025170BD96230022114697
:1006200000F070B80EB540F2334102910021CDE9DF
:1006300000110A460B4600F0A2F803B000BD20F0FE
:100640000040C10DC0F3160040F400007F2901DA1C
:1006500000207047962903DCC1F19601C84070471D
:10066000963988407047C1F30A5210B5C1F313019F
:1006700040F2FF3341F480119A4201DA002010BDAC
:1006800040F233439A42A2F2334203DC5242FFF774
:10069000AEFD10BD904010BD00F0004230F00040B3
:1006A0000AD0C10D01F56071C0F3160042EA015194
:1006B000C208400711437047002001467047000000
:1006C000002801DBC0F10040002901DBC1F100413D
:1006D00081427047202A04DB203A00FA02F1002010
:1006E00070479140C2F1200320FA03F31943904070
:1006F00070470029A8BF7047401C490008BF20F080
:100700000100704710B4B0FA80FC00FA0CF050EA17
:10071000010404BF10BC704749B1CCF1200421FA98
:1007200004F411FA0CF118BF012121430843A3EB93
:100730000C01CB1D4FEA00614FEA102042BF0020A0
:1007400010BC704700EBC35010440029A4BF10BC7C
:100750007047401C490008BF20F0010010BC7047E2
:1007600010B5141E73F1000408DA401C41F10001B9
:1007700092185B411A4301D120F0010010BD2DE910
:10078000F04D92469B4611B1B1FA81F202E0B0FA07
:1007900080F220329046FFF79DFF04460F4640EA64
:1007A0000A0041EA0B0153465A46084313D011464A
:1007B00053EA010019D0C8F140025046FFF717FD77
:1007C00005460E46504659464246FFF783FF08430A
:1007D00005D0012004E020463946BDE8F08D002018
:1007E000054346EAE0762C4337430A986305E40A5A
:1007F000A0EB08000022FD0A44EA47540A3002D563
:1008000000200146E9E7010510196941DDE90845C5
:1008100000196941BDE8F04DA2E70000064C074D04
:1008200006E0E06840F0010394E8070098471034C0
:10083000AC42F6D3FFF790FCB0C00008D0C000086F
:1008400030B58C1810F8012B12F00F0301D110F8FD
:10085000013B120906D110F8012B03E010F8015BEF
:1008600001F8015B5B1EF9D101E001F8013B521E6A
:10087000FBD1A142E6D3002030BDFEE77047000067
:1008800003484FF4E00141610021416070470000DE
:10089000009002402DE9FF4F81B006463148DDE966
:1008A0000F58DDF8389001681F46144641F00101E9
:1008B00001600168C907FCD12B4982464161416949
:1008C0002AA002F095FA3B46CDF800903146354813
:1008D000029A02F08DFA0021C8F30D004FF0004B90
:1008E00040F48043621E13E006EB4110C0F800B0F4
:1008F0004360DDF808C001FB08CCC0F808C0914295
:1009000004D200F1200CC0F80CC000E0C660491C05
:10091000A142E9D3002084464FF480186A1E11E0FA
:1009200007EB4011C1F80080C1F804C0119C00FB26
:1009300004938B60904203D201F12003CB6000E06E
:10094000CF60401CA842EBD31749CAF80010CAF880
:100950000C60CAF810701549CAF8181005B0BDE847
:10096000F08F000000900240048401005B444D4180
:100970005D20444D4153525F41465445525F434CC4
:100980004541523D307825303858202865787065CB
:1009900063742030783030303030303030290D0AF8
:1009A00000000000ACBD0008802041020620300499
:1009B0000168002905DB0168C90502D50168090441
:1009C00001D5002070470068C0F30D4070471079D2
:1009D000537940EA032301F1804000F5203003649D
:1009E0001178D37841EA0361937852781B0443EA83
:1009F0000222114341647047F0B5ADB004460029AE
:100A000004D04FF40060E060C000A06000251095A5
:100A100011951295139514951595E06900287CD0D1
:100A200016954FF400701790189519951A951B9507
:100A30001C9540271D971E951F9520952195229561
:100A400023952495259580202690279528952995EE
:100A50002A952B952C9520680168464A1140E36839
:100A6000A2681A43169B1A4342F4007211430160B4
:100A700020680668012000F0F9F820680660206808
:100A8000476020684668012000F0F0F82068466062
:100A9000206885602068C560206881694FF64172D2
:100AA000114041F08001816120688669012000F0D9
:100AB000DDF8206886612068C5612068C66901206C
:100AC00000F0D4F82068C6610195F80402900395FF
:100AD0000111049105950695079508950421099142
:100AE0000A9040120B9080010C9040120D900E95D0
:100AF0000F95206800F5805081691F4A114041F030
:100B0000040141F008718161206800F58050856919
:100B1000012000F0ABF8206800E016E000F58050FE
:100B200085612168154801F580510860206800F54D
:100B300080500568012000F099F8206800F5805089
:100B40000560A069012804D00CE04FF48060169085
:100B500067E7206800F58050C16941F0400141F429
:100B60008031C16162692DB02046BDE8F0400021AE
:100B7000FFF72DBF0F8120FF233FDEF80020C102C9
:100B80004288018852BA03791204407942EA03226A
:100B90000243074849BA41F00041016442640549F3
:100BA0000160054941604FF4815181617047000047
:100BB000008002400C0C01000004008030B5124A95
:100BC000104B14694FF6FF7524F01C0424F478448C
:100BD00024F4F86444F0100405EAC02020434FF4E4
:100BE000F86404EA8111014321F0020040F00100A1
:100BF000106101E05B1E02D01069C007FAD1506994
:100C000080B230BDA086010000800240C3F30D0118
:100C100041F4804141604FF00041016070470000A5
:100C200030B5114B0F4C5A611A694FF6FF7522F01F
:100C30001C0222F4784222F4F86242F0100205EA23
:100C4000C02010434FF4F86202EA8111014341F0E1
:100C50000300186101E0641E02D01869C007FAD1D0
:100C600030BD0000A08601000080024070B504463F
:100C700000F03CFB0546B4F1FF3F02D00448007889
:100C8000044400F033FB401BA042FAD370BD0000C7
:100C9000A80000202DE9F843044600270097B84635
:100CA000002C03D094F8440018B107E00120BDE8FF
:100CB000F88384F84570204600F0F6F875484168DE
:100CC00021F4000141604168226A114341602068BB
:100CD00000F58050016841F00101016000F006FB61
:100CE0000546206800F58050006810F0010F13D011
:100CF00000F0FCFA401BB0F5FA7F06D9032084F817
:100D0000440084F84570BDE8F883206800F5805001
:100D1000006810F0010FEBD12068006920F01C057D
:100D200000F0C8FF5C495D4A0144914202D245F09F
:100D3000080506E05A4908445A49884201D245F05C
:100D40000C05206805614FF400420021204600F0A8
:100D500077F94FF0010940B101212046FFF74CFE21
:100D600084F844900120BDE8F883FF20FFF77EFF60
:100D7000606800286AD000F0B9FA064641F288356A
:100D80006A460121204600F015F900F0AFFA801BF9
:100D9000A8420AD901212046FFF72EFE84F844908C
:100DA00084F845700320BDE8F883009810F0040F24
:100DB000E6D04FF480520021204600F041F940B1C6
:100DC00001212046FFF718FE84F844900120BDE879
:100DD000F88300F08BFA06466A460121204600F0AF
:100DE000E9F800F083FA801BA8420AD901212046C5
:100DF000FFF702FE84F8449084F845700320BDE8B4
:100E0000F883009810F0200FE6D06A4610212046A3
:100E100000F0D0F840B101212046FFF7EDFD84F845
:100E200044900120BDE8F883009810F0040F03D02F
:100E30004FF40061E16000E0E76010F0020F01D0C4
:100E4000A7601DE04FF48040A06019E0E068A16851
:100E5000C0F3CF00C1F34F0140EA01020021204658
:100E600000F0EEF840B101212046FFF7C5FD84F8FF
:100E700044900120BDE8F88340F6FF70FFF7F6FECE
:100E800041462046FFF7B8FD84F844900020BDE8B5
:100E9000F88300000000014000D3CEFEC0E1E40072
:100EA00040F1E9FD40787D012DE9F04186B0002454
:100EB00000940194029403940068394988426CD1EB
:100EC0003848416941F480414161416901F4804100
:100ED0000491416941F400414161416901F40041DB
:100EE0000491416941F480314161416901F48031EB
:100EF0000491816941F010018161816901F0100163
:100F00000491816941F004018161816901F004016A
:100F10000491816941F008018161816901F0080152
:100F20000491816941F0200181618069022500F00E
:100F30002000009503260195CDE90360DFF8688065
:100F40006946404600F0BEF8CDE90054174F6946A7
:100F50003846029400F0B6F80420CDE90005694651
:100F60000396384600F0AEF84FF46050CDE9000526
:100F7000694603960E4800F0A5F88020CDE90004EC
:100F800069463846029400F09DF83020CDE900040F
:100F900069464046029400F095F806B0BDE8F0813D
:100FA0000080024000100240001001400008014093
:100FB000000C01402DE9F0410446174694F8440026
:100FC00082282CD0822084F844002068026902F034
:100FD0001C02238A4FF4784C0CEAC3231A434FF4C3
:100FE000F86303EA8111114321F0020141F0010687
:100FF000066100F07BF9054616F0010F4FF001067F
:1010000015D000F073F9401BB0F5803F0AD384F887
:101010004460002084F845000320BDE8F0810220F0
:10102000BDE8F0812068006910F0010FE9D1206867
:10103000406980B2386084F844600020BDE8F081E7
:1010400070B5044694F84400422830D0422084F819
:1010500044002068036903F01C03B4F810C04FF487
:10106000784505EACC2C4CEA03034FF4F86C0CEA03
:101070008111194341F0020141F0010691B2416131
:101080002068066100F032F9054616F0010F4FF0B6
:10109000010613D000F02AF9401BB0F5803F08D3B9
:1010A00084F84460002084F84500032070BD0220CD
:1010B00070BD2068006910F0010FEBD184F8446026
:1010C000002070BD2DE9F84F4FF0000C00230A6896
:1010D000002A7DD0DFF8DC810F27A8F1040A08F18F
:1010E0000409AAF1040B012202FA0CF60A68324044
:1010F000B2426ED1DFF8C0E14C68A4EB0E05744536
:101100002BD00DDC032C34D005DC34B3012C19D0EA
:10111000022C2FD11BE0112C16D0122C2AD119E051
:10112000B5F5881F19D006DCB5F5803F15D0B5F5AB
:10113000801F1FD111E0B5F5001F0ED0B5F5041FBB
:1011400018D10AE0CB6815E0CB681B1D12E0CB6814
:1011500008330FE0CB680C330CE08B6823B1012B14
:1011600004D00823466105E0042303E00823066158
:1011700000E00023B2F5807F01D2054601E000F1D6
:10118000040502D24FEA8C0403E0ACF108044FEAF4
:1011900084042E6807FA04FE26EA0E0603FA04F415
:1011A00046EA04042C604C6814F0805F79D0434C0C
:1011B000A56945F00105A561A46904F00104009446
:1011C0002CF0030404F1804404F58034A66801E0A7
:1011D0006EE066E04FEA8C754FEA157507FA05FE7A
:1011E00026EA0E0EA0F18046B6F584361ED0A0F198
:1011F0008046B6F586361BD0A0F18046B6F5883617
:1012000018D0A0F18046B6F58A3615D0042606FA25
:1012100005F545EA0E05A5604C6814F4801F0DD055
:10122000D8F800401443C8F800400CE00026EEE770
:101230000126ECE70226EAE70326E8E7D8F80040B3
:101240009443C8F800404C6814F4001F05D0D9F846
:1012500000401443C9F8004004E0D9F8004094432A
:10126000C9F800404C6814F4003F05D0DAF800409B
:101270001443CAF8004004E0DAF800409443CAF886
:1012800000404C6814F4803F05D0DBF80040224356
:10129000CBF8002005E0DBF8004024EA0202CBF89E
:1012A00000200CF1010C0A6832FA0CF27FF41BAF3B
:1012B000BDE8F88F08040140000011100010024042
:1012C0008068084201D00120704700207047C26842
:1012D00021EA0203114043EA014101617047002AFB
:1012E00001D00161704709040161704701488068BD
:1012F00070470000A800002070B50446002C04D000
:1013000094F83D00002510B106E0012070BD84F87E
:101310003C50204600F020FB242084F83D0020684B
:10132000016821F0010101602068016841F4004179
:1013300001602068016821F40041016000F0C0FCF8
:10134000544B6168994203D85349884203D304E05F
:101350005249884201D2012070BD5149B0FBF1F1E0
:101360002268D2F804C02CF03F0C4CEA010CC2F801
:1013700004C062689A4201D84A1C07E04FF4967292
:1013800051434FF47A72B1FBF2F14A1C2168D1F853
:1013900020C02CF03F0C42EA0C020A6261689942BC
:1013A00010D84900401EB0FBF1F2521CC2F30B02F0
:1013B000042A01D2042026E0B0FBF1F0401CC0F367
:1013C0000B0020E0A268002A50D001EBC10303EB20
:1013D0000113A0F1010CBCFBF3F35B1C43F480434D
:1013E0001B051B0D4AD0002A4AD001EBC10202EBBB
:1013F0000111401EB0FBF1F0401CC0F30B0040F4A3
:10140000804040F400402168CA6922F0FF0222F4C3
:101410004F421043C861216AE069014320680268B5
:1014200022F0C00211430160E16820690143206895
:10143000826822F0FF0222F4034211438160A16915
:10144000606901432068C26822F0FF021143C16055
:101450002068016841F0010101602564202084F8C2
:101460003D00256384F83E50002070BD01EB410330
:10147000A0F1010CBCFBF3F35B1CB1E70120C2E758
:1014800001EB4101401EB0FBF1F0401CC0F30B002A
:10149000B7E70000A086010080841E0000093D001F
:1014A00040420F002DE9F84F0446884692461E46FA
:1014B000FFF71CFF0546002794F83D00202802D0C6
:1014C0000220BDE8F88F19230122564920460095D5
:1014D00001F0E4F810B10220BDE8F88F94F83C0068
:1014E000012808D0012084F83C002068016811F030
:1014F000010F03D006E00220BDE8F88F016841F03B
:10150000010101602068016821F40061016024206C
:1015100084F83D00002020644348E06208F0FE09A2
:101520004FF0A0084FF0200B2068016841F4807153
:101530000160334600224FF001112046009501F072
:10154000ADF850B12068006810F4807F02D04FF4ED
:10155000007020640320BDE8F88F2068C0F8109068
:10156000FFF7C4FE054620684169C1F340014069A8
:10157000C0F380200EE0FFF7B9FE401BB04200D858
:101580000EB984F83D8020684169C1F3400140698B
:10159000C0F3802094F83D20A02A02D009B9002889
:1015A000E9D084F83DB02068416911F0020F1BD0EA
:1015B0002168096841F400710160002620684169D2
:1015C000806900901923012216492046009501F0F8
:1015D00065F810B10120BDE8F88F84F83DB084F8BB
:1015E0003C600020BDE8F88F016841F400710160A3
:1015F00021686FF48060486119230122094920465F
:10160000009501F04BF810B10120BDE8F88F7F1C68
:10161000574589D384F83DB0002084F83C00012070
:10162000BDE8F88F020010000000FFFF2DE9FF4F1A
:1016300083B00446DDF84490DDF84080129E8A466F
:10164000934600270297FFF751FE054694F83D00A8
:10165000202803D007B00220BDE8F08F1923012213
:10166000B9492046009501F019F818B107B00220D9
:10167000BDE8F08F94F83C00012808D0012084F8E0
:101680003C002068016811F0010F04D007E007B0AA
:101690000220BDE8F08F016841F00101016020687F
:1016A000016821F400610160222084F83D0040209F
:1016B00084F83E002764C4F82480A4F82A90608D42
:1016C0002085A248E062019500965A465146204680
:1016D000069B00F039FF18B107B00120BDE8F08F7C
:1016E000208D68B3012834D0022842D020680168D8
:1016F00041F4806101602068416980690190208D1A
:101700004FF02008002800F01481DFF844B2DFF821
:10171000449246F2A81A208D032800F2D6800128B0
:1017200037D002284DD03346002259462046009536
:1017300000F0B4FF002872D007B00120BDE8F08FA0
:101740002068416981690191016841F4007101607B
:10175000D5E72068016821F48061016072B62068D5
:10176000416981690191016841F40071016062B6CB
:10177000C5E72068016841F40061016072B6206825
:10178000416981690191016821F48061016062B65B
:10179000B5E72A463146204601F06BF818B107B08C
:1017A0000120BDE8F08F20680069616A0870606AF6
:1017B000401C6062208D401E2085608D401E60852B
:1017C000B3E03346002259462046009500F066FFFC
:1017D00018B107B00120BDE8F08F72B6206801682B
:1017E00041F40071016020680069616A0870606AF4
:1017F000401C6062218D491E2185618D491E6185D5
:1018000062B6216809690170606A401C6062208DBF
:10181000401E2085608D401E608586E0FFE72068C1
:10182000016821F48061016072B620680069616A14
:101830000870606A401C6062208D401E2085608DAB
:10184000401E6085D9F80000B0FBFAF0C0EBC00084
:1018500000EB800002900298401E0290029820B394
:101860002068406910F0040FF5D02068016841F449
:101870000071016020680069616A0870606A401C3C
:101880006062218D491E2185618D491E618562B688
:10189000216809690170606A401C6062208D401EE9
:1018A0002085608D401E60853FE0276384F83D8081
:1018B00084F83E70206C40F02000206462B684F80A
:1018C0003C7007B00120BDE8F08F2A463146204623
:1018D00000F0CFFF18B107B00120BDE8F08F2068FD
:1018E0000069616A0870606A401C6062208D401E59
:1018F00081B22185608D401E60852068426912F0AA
:10190000040F12D0032903D1016821F48061016022
:1019100020680069616A0870606A401C6062208DFE
:10192000401E2085608D401E6085208D00287FF43C
:10193000F2AE84F83D8084F83E7084F83C7007B0C5
:101940000020BDE8F08F0000020010000000FFFF43
:1019500004000100B400002010B586B00021009101
:1019600001910291039100680F4988421AD10F4CEE
:10197000A06940F00800A061A069694600F0080075
:101980000490C0200090122001900320039008488A
:10199000FFF798FBE06940F40010E061E06900F4B3
:1019A0000010049006B010BD00540040001002402A
:1019B000000C014002488168027811448160704740
:1019C000A800002010B50748016841F0100101602F
:1019D000032000F09DF80F2000F006F800F026F834
:1019E000002010BD0020024070B504460D4D4FF49C
:1019F0007A712878B1FBF0F00B490968B1FBF0F07F
:101A000000F07AFC08B1012070BD102C07D2002232
:101A10002146501E00F048F86C60002070BD012087
:101A200070BD0000A8000020B40000200C4808B5DC
:101A3000816941F001018161816901F00101009139
:101A4000C16941F08051C161C06900F080500090CF
:101A50000448416821F0E06141F00071416008BD37
:101A6000001002400000014000280EDB00F01F01C2
:101A7000012202FA01F14009800000F1E020C0F8E3
:101A80008011BFF34F8FBFF36F8F704700280ADBC1
:101A900000F01F01012202FA01F14009800000F16B
:101AA000E020C0F80011704710B4184B1B68C3F356
:101AB0000223C3F1070CBCF1040F01D94FF0040C51
:101AC0001C1D072C01D2002300E0DB1E012404FAB8
:101AD0000CFCACF1010C0CEA0101994004FA03F38F
:101AE0005B1E1A401143002806DB00F1E0200901CB
:101AF00080F8001410BC704700F00F0000F1E020E7
:101B0000090180F8141D10BC704700000CED00E0C6
:101B100000F00700064A11684FF6FF03194041EA3A
:101B2000002040F0FD7040F08060106070470000C1
:101B30000CED00E02DE9F04704460D46002C17D0CF
:101B4000DFF85C81D8F8000000F00700A84212D24C
:101B5000D8F8000020F007002843C8F80000D8F8A3
:101B6000000000F00700A84205D00120BDE8F08782
:101B70000120BDE8F08720684A4E10F0020F14D013
:101B800010F0040F03D0706840F4E06070602078BB
:101B900010F0080F03D0706840F4605070607068F7
:101BA00020F0F001A06808437060207810F0010F69
:101BB0003AD06068012806D002280BD0316811F0B5
:101BC000020F27D00AE0316811F4003F06D101204E
:101BD000BDE8F087316811F0007F18D0716821F0FE
:101BE000030108437060FFF781FB07467068616876
:101BF00000F00C00B0EB810F16D041F28839FFF7EE
:101C000075FBC01B484508D90320BDE8F0870120BB
:101C1000BDE8F0870120BDE8F0877068616800F0DA
:101C20000C00B0EB810FEAD1D8F8000000F00700FB
:101C3000A8420FD9D8F8000020F007002843C8F8C0
:101C40000000D8F8000000F00700A84202D00120F0
:101C5000BDE8F087207810F0040F05D07068E168C7
:101C600020F4E06008437060207810F0080F06D080
:101C70007068216920F4605040EAC100706000F093
:101C80003FF87168084AC1F30311515CC840074925
:101C9000086007480068FFF7A7FE0020BDE8F0874E
:101CA000002002400010024036BB0008B4000020B3
:101CB000AC0000200148006870470000B40000201C
:101CC00000B5FFF7F7FF04494968044AC1F3022150
:101CD000515CC84000BD00000010024046BB000837
:101CE00000B5FFF7E7FF04494968044AC1F3C22180
:101CF000515CC84000BD00000010024046BB000817
:101D00002DE9F041214B586800F00C01042904D062
:101D1000082905D01E48BDE8F0811E48BDE8F081C5
:101D20001D49C0F383428C5C10F4803F29D0D86AEF
:101D30000E3100F00F00085CD96A11F4803F17D013
:101D4000D96AC1F303114A1CD96AC1F30321891C62
:101D5000A2FB0023A1FB0415DFF838C00026A1FB7D
:101D60000C0705FB0C7C01FB06C1FEF70FFA03E034
:101D700008496143B1FBF0F00D2CCFD14008BDE81C
:101D8000F08106486043BDE8F08100000010024089
:101D900000127A0040787D0118BB000800093D0060
:101DA00030B587B00D460020049002200390032038
:101DB00005904FF480700290094CA06940F0040037
:101DC000A061A06900F00400019002A90548FFF796
:101DD00079F9606820F070602843606007B030BD1A
:101DE00000100240000801402DE9F84F0446002C85
:101DF0000FD02078FE4D10F0010F6CD0686800F015
:101E00000C0004280CD0686800F00C00082803D0EF
:101E100010E00120BDE8F88F686810F4803F09D019
:101E2000286810F4003F56D0A068002853D1012044
:101E3000BDE8F88FA068B0F5803F15D0C8B1B0F507
:101E4000A02F1FD0286820F480302860286820F454
:101E500080202860A06858B3FFF748FA0646286833
:101E600010F4003F17D036E0286840F48030286036
:101E7000F0E7286820F480302860286820F480206B
:101E80002860E7E7286840F480202860286840F44C
:101E900080302860DEE7FFF729FA801B642802D92A
:101EA0000320BDE8F88F286810F4003FF3D012E05B
:101EB000FFF71CFA0646286810F4003F0BD0FFF726
:101EC00015FA801B642802D90320BDE8F88F286822
:101ED00010F4003FF3D12078C64F10F0020F4FF0FE
:101EE00001094FF0000854D0686810F00C0F14D0AE
:101EF000686800F00C00082803D1686810F4803F7F
:101F00000BD0606978B3C7F80090FFF7EFF9064689
:101F1000286810F0020F12D01DE0286810F0020FA0
:101F200005D06069012802D00120BDE8F88F28683B
:101F3000A16920F0F80040EAC100286029E0FFF71D
:101F4000D5F9801B022802D90320BDE8F88F286844
:101F500010F0020FF3D02868A16920F0F80040EAE1
:101F6000C100286015E0FFE7C7F80080FFF7BEF961
:101F70000646286810F0020F0BD0FFF7B7F9801B58
:101F8000022802D90320BDE8F88F286810F0020F5C
:101F9000F3D1207810F0080F30D09748E169C1B133
:101FA000C0F80090FFF7A2F90646686A10F0020F29
:101FB0000BD1FFF79BF9801B022802D90320BDE853
:101FC000F88F686A10F0020FF3D0012000F0A2FD34
:101FD00014E0C0F80080FFF789F90646686A10F03F
:101FE000020F0BD0FFF782F9801B022802D90320D1
:101FF000BDE8F88F686A10F0020FF3D1207810F076
:10200000040F6FD00026E86910F0805F08D1E869FE
:1020100040F08050E861E86900F0805000900126AF
:10202000DFF8D8B1DBF8000010F4807F1BD1DBF8BB
:10203000000040F48070CBF80000FFF757F98246AB
:10204000DBF8000010F4807F0DD1FFF74FF9A0EB13
:102050000A00642802D90320BDE8F88FDBF80000ED
:1020600010F4807FF1D02069012816D0D0B1052866
:1020700021D0286A20F001002862286A20F004009C
:102080002862206941F2883B68B3FFF72FF9824646
:10209000286A10F0020F17D03AE0286A40F00100D9
:1020A0002862EEE7286A20F001002862286A20F002
:1020B00004002862E5E7286A40F004002862286AE4
:1020C00040F001002862DCE7FFF710F9A0EB0A00FE
:1020D000584502D90320BDE8F88F286A10F0020F96
:1020E000F2D015E01AE0FFE7FFF700F98246286A10
:1020F00010F0020F0CD0FFF7F9F8A0EB0A005845DA
:1021000002D90320BDE8F88F286A10F0020FF2D13F
:10211000012E03D1E86920F08050E861E06A98B3AD
:10212000696811F4803F0BD0696801F00C0108293F
:1021300006D1E96A11F4803F02D00120BDE8F88F92
:10214000022814D0E86A20F48030E862C7F868807A
:10215000FFF7CCF80646286810F0006F59D0FFF75B
:10216000C5F8801B642850D90320BDE8F88F286883
:1021700010F0805F09D0E86A616B00F0F0008842DF
:1021800003D00120BDE8F88F43E0C7F86880FFF76F
:10219000ADF80646286810F0006F0BD0FFF7A6F8E0
:1021A000801B642802D90320BDE8F88F286810F04E
:1021B000006FF3D1E86A616B20F0F0000843E86239
:1021C000E86A216B20F470600843E862C7F8689001
:1021D000FFF78CF80646286810F0006F19D1FFF75A
:1021E00085F8801B64280BD90320BDE8F88F000018
:1021F0000010024000004242800442420070004051
:10220000286810F0006FEAD003E0286810F0006F33
:10221000A5D1206AE8B3696801F00C01082957D0FC
:1022200002280FD0C7F86080FFF760F804462868DE
:1022300010F0007F5DD0FFF759F8001B022842D94B
:102240000320D2E7C7F86080FFF750F806462868F9
:1022500010F0007F0AD0FFF749F8801B022801D94F
:102260000320C2E7286810F0007FF4D1606AB0F55F
:10227000803F09D1E86A61680843E862E86AE1687A
:1022800020F00F000843E862A16A606A08436968A9
:1022900000E02EE021F4741108436860C7F86090F4
:1022A000FFF724F80446286810F0007F21D1FFF7DB
:1022B0001DF8001B022801D9032096E7286810F0BA
:1022C000007FF4D015E0286810F0007FB3D110E053
:1022D00001280CD06868626A00F48031914204D110
:1022E000A16A00F47010884203D001207DE701202C
:1022F0007BE7002079E70000401EB0F1807F01D32A
:10230000012070474FF0E0214861044AF02010702E
:1023100000208861072008610020704723ED00E05D
:1023200070B50446002C04D094F84100002510B18B
:1023300006E0012070BD84F84050204600F024F8EB
:10234000242084F841002068C16821F40051C16054
:10235000204600F09FFC2068016921F49041016152
:102360002068416921F02A0141612068C16841F477
:102370000051C1606564202084F8410084F8420067
:102380006563002070BD000030B585B00024009466
:102390000194029403942B4D03682B4802210322DD
:1023A000AB4222D1836943F480438361836903F4A0
:1023B00080430493836943F0040383618069234D60
:1023C00000F0040004900802CDE900010392694680
:1023D0002846FEF777FE2815CDE900046946284611
:1023E0000294FEF76FFE05B030BD194DAB42FAD135
:1023F000C36943F40033C361C36903F40033049336
:10240000836943F0200383618069124D00F020004E
:1024100004902020CDE90001039269462846FEF78A
:1024200051FE4020CDE90004694628460294FEF79B
:1024300049FE0948416841F0E06141F0080141600E
:10244000D1E70000003801400010024000080140C0
:102450000044004000140140000001402DE9F84311
:1024600004460E4615461F4694F84100202802D027
:102470000220BDE8F8837EB175B1002060642120A0
:1024800084F84100FEF732FF8146A584E584A06808
:10249000B0F5805F03D004E00120BDE8F883206937
:1024A00090B135460026E08C4FF02008C8B14B466D
:1024B000002280212046009700F050FC30B184F8C3
:1024C00041800320BDE8F8830025ECE7B5B1216821
:1024D000287848606D1CE08C401EE084E08C002869
:1024E000E5D14B46002240212046009700F036FC03
:1024F00058B184F841800320BDE8F8833088216812
:10250000C0F308004860B61CE5E784F8418000206D
:10251000BDE8F883FEE701684A6912F4806F11D0C4
:102520006FF480624A6100210163202280F83D201F
:1025300080F83E10026C42F00402026480F83C1005
:1025400001207047002070472DE9F84F0446DDF860
:1025500028A00B9D0F4690461E462068016841F456
:10256000806101602068016841F480710160534618
:1025700000224FF001112046009500F08FF84FF433
:10258000007948B12068006810F4807F01D0C4F859
:1025900040900320BDE8F88F216807F0FE00086135
:1025A000DFF8F4B02B4652465946204600F0EBF8CF
:1025B00010B10120BDE8F88F206841698069009062
:1025C0002A465146204600F097F950B1206C042865
:1025D00004D12068016841F4007101600120BDE868
:1025E000F88F304608F0FF0601280DD021684FEA29
:1025F000182008612A465146204600F07DF970B146
:10260000206C042803D007E02068066109E02068F8
:10261000016841F4007101600120BDE8F88F206875
:1026200006612A465146204600F066F950B1206CFA
:10263000042804D12068016841F400710160012080
:10264000BDE8F88F2068016841F48071016053464D
:1026500000224FF001112046009500F01FF848B10C
:102660002068006810F4807F01D0C4F840900320F7
:10267000BDE8F88F2168F8B240F0010008612B46F0
:1026800052465946204600F07EF810B10120BDE8C0
:10269000F88F0020BDE8F88F020001002DE9F04717
:1026A0000446DDF820900D4617461E46C5F3074840
:1026B0002068B8F1010F13D0806925EA00000004FA
:1026C000000C17D00020B8424DD1B6F1FF3F3DD0ED
:1026D000FEF70CFEA0EB0900B0420DD866B135E064
:1026E000406925EA00000004000C01D00020EAE760
:1026F0000120E8E70120E6E7B8F1010F19D02068D2
:10270000806925EA00000004000C1DD00020B842BA
:102710001CD100202063202184F83D1084F83E0065
:10272000216C41F02001216484F83C000120BDE8C7
:10273000F0872068406925EA00000004000C01D001
:102740000020E4E70120E2E70120E0E7B8F1010F13
:102750000CD02068806925EA00000004000C10D02D
:102760000020B842B1D00020BDE8F0872068406961
:1027700025EA00000004000C01D00020F1E7012050
:10278000EFE70120EDE72DE9F04704460D46164638
:102790009846C5F307472068012F26D0806925EAAF
:1027A00000000004000C59D04FF000094FF0200A3F
:1027B0002068406910F4806F1ED02068016841F4E1
:1027C0000071016021686FF480604861C4F8309046
:1027D00084F83DA084F83E90206C40F00400206412
:1027E00084F83C900120BDE8F087406925EA0000AC
:1027F0000004000C32D0D7E7B6F1FF3F25D0FEF73A
:1028000075FDA0EB0800B04200D8F6B9012F15D035
:102810002068806925EA00000004000C15D0C4F887
:10282000309084F83DA084F83E90206C40F0200069
:10283000206484F83C900120BDE8F087206840695E
:1028400025EA00000004000CE9D1012F09D020681E
:10285000806925EA00000004000CA9D10020BDE831
:10286000F0872068406925EA00000004000C9FD131
:10287000F4E72DE9F04104460D461646206840690C
:1028800010F0400F27D100274FF020082068406942
:1028900010F0100F0FD020686FF010014161276316
:1028A00084F83D8084F83E70206C206484F83C708D
:1028B0000120BDE8F081FEF719FD801BA84200D879
:1028C00025B92068406910F0400F07D020684069A2
:1028D00010F0400FDAD00020BDE8F081276384F8C3
:1028E0003D8084F83E70206C40F02000206484F825
:1028F0003C700120BDE8F08170B504460D461646D7
:102900002068406910F0800F18D12046FFF703FEC1
:1029100008B1012070BDB5F1FF3F0AD0FEF7E6FC1B
:10292000801BA84200D825B92068406910F0800FAC
:1029300006D02068406910F0800FE6D0002070BDFE
:1029400000202063202184F83D1084F83E00216C93
:1029500041F02001216484F83C00012070BD00009A
:10296000114810B50F49016001218A03C0E9011225
:10297000CA02C26001820D49002280230A704B7096
:10298000E1238B70CA700A714A71C0E905124FF4D5
:102990000001C0E90721FEF77DF9002801D072B6D9
:1029A000FEE710BD008002401016002084000020C9
:1029B0002DE9F04385B00024294800940194029445
:1029C0000394816941F010018161816901F0100176
:1029D0000491816941F004018161816901F0040180
:1029E0000491816941F008018161816901F0080168
:1029F0000491816941F0200181618069DFF8648080
:102A000000F020000490002201214046FEF767FC00
:102A1000DFF854904FF20407002239464846FEF78B
:102A20005EFC0125022603960095CDE90154694616
:102A30004046FEF747FB00970396CDE901546946EF
:102A40004846FEF73FFB2802CDE90006032003902D
:102A500069460648FEF736FB05B0BDE8F083000086
:102A600000100240000C0140001401400008014029
:102A70002DE9FF414FF480700225CDE900050024C7
:102A80000320CDE902401E4F69463846FEF71AFB87
:102A90000126CDE90064694638460294FEF712FB30
:102AA0002F03DFF86080CDE9007669464046CDE926
:102AB0000245FEF707FB012239464046FEF70FFCB0
:102AC000CDE90056DFF8408069464046CDE9024531
:102AD000FEF7F8FA002202214046FEF700FC6F03E1
:102AE000CDE9007669464046CDE90245FEF7EAFAAF
:102AF000002239464046FEF7F2FBBDE8FF810000A8
:102B00000008014000100140000C0140FEE7FEE714
:102B10007047000081B007494FF4FA520968B1FBD1
:102B2000F2F14843009000BF0098411E0091FAD294
:102B300001B07047B40000207047000010B5FEF7E8
:102B400039FFFEF7D3FB0149086010BD44000020A7
:102B500030B593B038216846FDF780FB14210EA8EC
:102B6000FDF77CFB012528040421CDE902010224A4
:102B7000CDE908400095019005954FF4E010CDE9AE
:102B80000A044FF4C0600C9040200D906846FFF797
:102B90002BF908B172B6FEE70F20CDE90E04002034
:102BA0004FF48061CDE91001129002210EA8FEF7CA
:102BB000C1FF08B172B6FEE700224FF03061104647
:102BC000FFF7EEF80E48C16A21F0F00141F0400134
:102BD000C162C16A21F4704141F40041C1620949F6
:102BE0000D674FF6FF710268920002D4491EFAD1B8
:102BF00001E0002902D104A000F0FAF813B030BDC2
:102C000000100240000042425B434C4B5D204552A5
:102C1000524F523A20504C4C3320646964206E6FFE
:102C200074206C6F636B3B204D434F2077696C6C55
:102C3000206E6F74206F75747075742035304D4838
:102C40007A0D0A00704701680C3151E8002F22F418
:102C5000907241E80023002BF5D10168143151E84E
:102C6000002F22F0010241E80023002BF5D1016B77
:102C7000012909D101680C3151E8002F22F010021E
:102C800041E80023002BF5D1202180F842100021DB
:102C90000163704770B5044620680169E26821F459
:102CA0004051114301612169A068084361690143F2
:102CB0002068C26822F4037222F4A0521143C1605A
:102CC00020684169A26921F4407111434161206883
:102CD000A0F18041B1F59C313AD0FEF7F1FF00EB55
:102CE000C00101EB001061681B4A8900B0FBF1F3E1
:102CF000A2FB0353B0FBF1FC5B096FF018056B43BB
:102D00000CEB83034FF0320C0CEB0313A2FB0353C9
:102D10005B0903F0F005B0FBF1F3A2FB03635B0971
:102D200005EB0313B0FBF1F5B0FBF1F0A2FB0010D3
:102D300040096FF01801484305EB80000CEB0010D0
:102D4000A2FB00102168C0F343101844886070BDD6
:102D5000FEF7C6FFC3E700001F85EB512DE9F843DE
:102D60000446089E0D46174698462068006835EAD6
:102D7000000028D00020B84232D1B6F1FF3F27D062
:102D8000FEF7B4FAA0EB0800B0421ED8EEB12068FE
:102D9000C16811F0040F1BD0802D19D0402D17D021
:102DA000016811F0080F13D00025216809684068F8
:102DB00000902046FFF747FF0820606484F84050E9
:102DC0000120BDE8F8830120D5E70320BDE8F883A2
:102DD0002068006835EA000005D00020B842CCD059
:102DE0000020BDE8F8830120F8E701F0C7B8FEE74E
:102DF0000FB4054B10B503A9044A029800F032F84D
:102E000010BC5DF814FB0000B165000868010020EB
:102E10000FB47CB50C0009AD01D0611E00E00021AB
:102E2000CDE90001064B6A462946089800F01AF8D9
:102E3000002C02D0009A002111707CBC5DF814FBBC
:102E40002F33000802E008C8121F08C1002AFAD177
:102E500070477047002001E001C1121F002AFBD11A
:102E6000704700002DE9FF4F8DB00F460546002644
:102E700006E025280BD0DDE90F1290476D1C761C6B
:102E800028780028F5D111B03046BDE8F08F002435
:102E9000A246A1460122E94900E0044315F8013F9A
:102EA000203B02FA03F00842F7D128782A2810D0F4
:102EB0006FF02F022878A0F13001092914D80AEB0D
:102EC0008A0102EB410144F0020400EB010A6D1C8F
:102ED000F0E701CF5FEA000A03D544F40054CAF1D9
:102EE000000A44F002046D1C28782E2817D115F82A
:102EF000010F44F004042A280ED06FF02F02287826
:102F0000A0F1300109290AD809EB890102EB41013E
:102F100000EB01096D1CF2E757F8049B6D1C287843
:102F20006C280FD006DC4C2817D068280DD06A28F2
:102F300014D104E0742810D07A280FD10DE044F4A5
:102F400000140AE044F4801401E044F44014697869
:102F5000814202D104F580146D1C6D1C28786E2806
:102F60001ED00CDC632830D004DC00288BD058281D
:102F700011D19FE0642867D069280CD164E07328E0
:102F80002DD004DC6F2872D0702804D194E075280D
:102F90006ED078286DD0DDE90F129047761C4BE19A
:102FA000C4F30250022806D0032809D0042801CF18
:102FB00009D0066040E101CFF117C0E900613BE1B3
:102FC00001CF068038E1067036E117F8040B8DF862
:102FD000000000208DF80100EB46012003E057F8C7
:102FE00004BB4FF0FF3061074FF0000102D40DE049
:102FF00008F10101884649450FDA8045F8DB1BF8E6
:1030000008100029F4D108E008F101018846814246
:10301000FADB1BF808100029F6D1DDE90F23AAEB33
:1030200008008146214600F031F9304400EB0806E3
:1030300004E0DDE90F121BF8010B9047B8F101081D
:10304000F7D221464846F2E00A21C4F302524FF07B
:10305000000B0891022A04D001CFC117032A09D01E
:103060000AE0FF1D27F00707F7E8020108E02CE05F
:103070001EE01FE000B2C117042A01D140B2C117FF
:10308000021E71F1000206DA0023D0EB030063EBAD
:1030900001012D2202E0220504D52B228DF82420E7
:1030A000012203E0E20701D02022F7E7904653E037
:1030B0000A210BE0102109E010214FF0000B44F031
:1030C00004044FF00809089103E008214FF0000BB9
:1030D0000891C4F30252022A04D001CF0021032A2E
:1030E00006D006E0FF1D27F00707F7E8020103E01E
:1030F00080B2042A00D1C0B24FF0000822072BD5BD
:103100002A78702A07D0DDF820C08CF0100C5CEA19
:103110000B0C05D00EE040228DF82420012208E09F
:1031200050EA010306D030238DF824308DF8252095
:1031300002229046089B83F0080353EA0B030BD14D
:1031400050EA010201D1620706D530228DF8242011
:103150004FF00108A9F101092A78582A04D038A2B1
:103160000B9208AA0A920BE03AA2F9E75B46089A8A
:10317000FDF70CF80B9B9B5C0A9A521E0A92137087
:1031800050EA0102F2D10A98ADEB000000F1200BE9
:10319000600702D524F4803401E04FF00109D945DD
:1031A00002DDA9EB0B0000E0002000EB0B01414425
:1031B0000890AAEB010AE00306D4DDE90F232146BB
:1031C000504600F063F806444FF0000908E009A9F2
:1031D00011F80900DDE90F12904709F10109761C89
:1031E000C145F4DBE0030CD5DDE90F232146504651
:1031F00000F04CF8064404E0DDE90F12302090475F
:10320000761C0899481E08900029F5DC08E00A9809
:103210000A990078491C0A91DDE90F129047761C43
:10322000BBF10001ABF1010BF1DC21465046DDE9B9
:103230000F2300F019F806446D1C21E6092801004F
:10324000303132333435363738396162636465661C
:1032500000000000303132333435363738394142DE
:1032600043444546000000002DE9F0410446002596
:103270001E461746880404D405E039462020B0478E
:103280006D1C641EF9D52846BDE8F0812DE9F0419A
:10329000044600251E469046C80301D5302700E0AD
:1032A0002027880404D505E041463846B0476D1C08
:1032B000641EF9D52846BDE8F081F0B51E1EC1B0E8
:1032C00014460B4602D004F1060101E004F10501A9
:1032D000CFB24FF055018DF800104FF0AA018DF8D4
:1032E00001108DF8020001D0201D00E0E01C8DF8D7
:1032F0000300224619466D4601A8FCF788FF3000FE
:103300000DEB040607D0A11CA81C00F063F9010A0C
:103310003171707105E0A41CE1B2A81C00F078F9CD
:1033200030713946684600F0E7FE41B0F0BD4A68AA
:10333000002A06D00A68531C0B6010704868401EB3
:103340004860704730B5154C054685B0A06868B137
:10335000284600F055F80246294611A0FFF748FD1F
:10336000A06938B1194800F0A9FC03E0294618A06B
:10337000FFF73EFD00F07AF9ADF8100000F064F9B7
:10338000ADF81200694604A804F075FF010002D0F0
:10339000684602F06DFD05B030BD00004000002021
:1033A0005B465245515D2072657175657374656445
:1033B000202575204D487A202D3E2061637475616B
:1033C0006C202575204D487A0D0A00003C1700201E
:1033D0005B465245515D2072657175657374202599
:1033E00075204D487A2069676E6F72656420286E7B
:1033F0006F2041534943207265616479290D0A00A9
:10340000F8B50446322801D2322404E04FF4167095
:10341000844200D904462046FDF7FFF800F0CEFCB8
:10342000094D06464FF07C51AC80FCF736FFFDF7A6
:1034300006F9E880702000902B783246002003497E
:1034400000F0F6FCE888F8BD000000200000F03F26
:103450002DE9F14FADF6280D41F288374FF0000805
:10346000FDF744FF002506462C460DF6080BDFF855
:1034700000A10DF108094BE0684608F0E5F8E8B353
:10348000FF2C0BD89DF8001009F83410FDF72EFF23
:10349000811B09EBC400641CA4B24160202D06D23C
:1034A0009DF800100BF805106D1CADB20DE000206A
:1034B00059460A1852780A54401C80B2421C202AED
:1034C000F7D39DF800008DF827080B2D20D30BEBC8
:1034D000050010F80B1DAA291AD14178552917D1DA
:1034E000418849BAA1F59852663A11D10921801C48
:1034F00000F08EF838B1DAF8141000E008E0491C4A
:10350000CAF8141004E008F101001FFA80F8002541
:10351000FDF7ECFE801BB84203D2DDF82818884581
:10352000AAD3214613A0FFF763FC00254E4609E00D
:1035300006EBC50016F83510426814A0FFF758FCDA
:103540006D1CADB2A542F3D3DAF81420BAF80E1010
:10355000CDE90012BAF80C30DAF8182041460EA076
:10356000FFF746FC0DF62C0D4046BDE8F08F00003D
:10357000000000205B434849505D2072656376205F
:1035800025752062797465733A0000002025303279
:103590005840256C750000000D0A5B434849505D9A
:1035A00020666F756E643D25752020746F74616CA4
:1035B0003D256C75202046452F4E453D2575204FF5
:1035C00052453D2575206261645F6372633D256CE1
:1035D000750D0A00F0B505464FF6FF74204600222F
:1035E00041F2210611E0AB5C80EA032000230704CE
:1035F00003D586EA400080B201E004EA40005B1C8B
:10360000DBB2082BF3D3521C92B28A42EBD3F0BD4B
:1036100070B506461F20002212E0B45C0023E509C5
:1036200085EA1015640645EA40005B1C240E80EA1A
:103630008500DBB200F01F00082BF0D3521CD2B281
:103640008A42EAD370BD00000148C088704700007C
:103650000000002001484078704700000000002072
:103660000148007870470000000000200148808871
:1036700070470000000000202DE9F0438046A44878
:10368000894691B0816941F0080181618069002714
:1036900000F0080000900120CDE90207019002200F
:1036A0009C4D049001A92846FDF70CFD00F098FC04
:1036B00099A000F063FA9CA0FFF79AFB0022012179
:1036C0002846FDF70CFE0A20FDF7D0FA00F0B8FC02
:1036D00008B1A2A100E0A9A1AFA0FFF789FB5A2081
:1036E000FDF7C4FA012211462846FDF7F8FDFA203D
:1036F000FDF7BCFAB0A000F041FA00F071FCB14E49
:103700000024304600F0E8FB641C032CF9DBAEA07B
:10371000D0E90010CDE90510072105A800F0FEFA58
:103720004046FFF795FE040026D1A9A0FFF760FBF5
:10373000002201212846FDF7D2FD6420FDF796FA0C
:10374000012211462846FDF7CAFDFA20FDF78EFA40
:10375000AFA000F013FA00F043FC304600F0BCFBD1
:10376000641C032CF9DB072105A800F0D7FA4046BA
:10377000FFF76EFE040020D0AA4DABA207AB2C7061
:1037800007CA83E807000B2107A800F0C7FAA9A21F
:1037900007AB07CA83E807000B2107A800F0BEFAB1
:1037A000022269465320009700F078FA4FF480789F
:1037B00098FBF4F06870002610E0002011B0BDE81E
:1037C000F0836978009706FB01F08DF80000022273
:1037D0006946402000F062FA761CF6B2A642F0DBA1
:1037E00097A207AB07CA83E807000B2107A800F0E0
:1037F00095FA96A207AB07CA83E807000B2107A832
:1038000000F08CFA404600F0B1FA93A207AB07CA69
:1038100083E807000B2107A800F080FA91A007AB0E
:1038200007C883E807000B2107A800F077FA90A2E9
:1038300007AB07CA83E807000B2107A800F06EFA60
:10384000002740E068788DA107FB00F6D1E9000170
:10385000CDE907018DF81C60062207A9412000F080
:103860001DFA88A10622D1E90001CDE909018DF8F0
:10387000246009A9412000F011FA84A10622D1E9AF
:103880000001CDE90B018DF82C600BA9412000F05F
:1038900005FA80A10622D1E90001CDE90D018DF8DC
:1038A00034600DA9412000F0F9F97CA10622D1E98C
:1038B0000001CDE90F018DF83C600FA9412000F017
:1038C000EDF97F1CFFB2A742BCDB484600F076FA58
:1038D00006464846FCF7B3FEA8804FF07C513046C0
:1038E000FCF7DBFCFCF7ABFEE88070200090A3B295
:1038F000324600206B4900F09BFA6BA207AB07CA67
:1039000083E807000B2107A800F008FA204655E7D6
:1039100000100240000C01406265666F7265207203
:1039200065736574000000005B434849505D207278
:10393000657365742070756C73652028525354202C
:103940006C6F77203130306D73202D3E20686967B1
:1039500068203235306D73290D0A000053484F52EC
:1039600054454420286C6F6F706261636B207061F6
:103970007468206578697374732900004F50454E50
:10398000202873657061726174652054582F5258F5
:10399000206E6574732900005B434849505D2052D6
:1039A000582F54582073686F727420746573743A7A
:1039B0002025730D0A00000061667465722072652F
:1039C0007365740000E0FF1F55AA520500000A004D
:1039D0005B434849505D20666972737420494420F6
:1039E000726561642074696D6564206F75743B2035
:1039F000726573657474696E6720616761696E20B2
:103A0000616E64207265747279696E670D0A0000D8
:103A1000726574727920616674657220726573656F
:103A2000740000000000002055AA510900A80007FA
:103A30000000030055AA51090018FF0FC100000043
:103A400055AA5109003C800085400C0055AA510937
:103A5000003C80008020190055AA51090054000044
:103A600000031D0055AA510900580211111106004A
:103A700055AA4109002C007C0003030000A80007A0
:103A800001F000000018F000C1000000003C8000C0
:103A900085400000003C800080200000003C800049
:103AA00082AA00000000F03F55AA510900A490002E
:103AB000FFFF1C002DE9FF5F4FF0000A2D4E9346DB
:103AC00050E000BF4FF0010801243CE0012538E040
:103AD0002846FCF7A2FD81462046FCF79EFD0746DE
:103AE0004046FCF79AFD3946FCF72FFC4946FCF7A7
:103AF0002CFC07465846FCF790FD1F49FCF725FCB7
:103B00003946FCF754FC814630460199FCF717FC16
:103B100020F0004748460199FCF711FC20F00040D6
:103B20003946FCF7CDFD0AD250466BF3070068F327
:103B30000F2064F3174065F31F6082464E466D1CEC
:103B4000EDB2A542C4D3641CE4B2072CBED908F17F
:103B5000010000F0FF08B8F1020FB5D90BF1010028
:103B600000F0FF0B03998B45ACD90098C0E900A683
:103B7000BDE8FF9F286B6E4E0000C841F8B50C4CA5
:103B800005464FF400712046FDF79AFB06462115C5
:103B90002046FDF795FB044601210648FDF790FB02
:103BA00002462346294604A00096FFF721F9F8BDF6
:103BB00000080140000C01405B434849505D20254E
:103BC00073204750494F3A205253542850423029CD
:103BD0003D25642052582850413130293D2564202C
:103BE000545828504139293D25640D0A0000000031
:103BF0002DE9F84388460746FDF778FB254D264C0E
:103C00000646684607F020FD0028A07815D0F0B1E0
:103C1000012822D09DF800102954401CC0B2A07089
:103C20000B28EED10020A0700921A81CFFF7F0FCA2
:103C300028B36069401C6061E3E7002805D0FDF708
:103C400055FB811B4145DCD30020BDE8F8839DF87E
:103C50000000AA28D5D128700FE09DF80000552853
:103C600007D028702169491C2161AA2805D00020AD
:103C700001E068700220A070C3E70120FBE728681C
:103C800038606868786028893881A87AB87201201D
:103C9000DBE7000074010020000000200023FFF794
:103CA0000CBB000008B504A0022200680090694621
:103CB0005220FFF7F3FF08BD008C000030B504462A
:103CC00095B000788DF8000001208DF80100D4F83F
:103CD000D000CDF80200D4F8CC00CDF80600D4F81E
:103CE000C800CDF80A0004F18005202204F1A801E3
:103CF0000DF10E00FCF78BFA202204F188010DF182
:103D00002E00FCF784FA6868CDF84E005222012399
:103D100069462120FFF7D1FA15B030BD70B50646CF
:103D20000D460BA0FFF764F8002405E0315D0CA000
:103D3000FFF75EF8641CE4B2AC42F7D30AA0FFF7C9
:103D400057F829463046BDE8704000F0D5B900006C
:103D50005B434849505D2054582025753A000000C7
:103D600020253032580000000D0A00007CB56C465A
:103D7000002101E04008491C0128FBD80020012552
:103D800020708D40142060706D1E280E04F0EAFC37
:103D9000A070C5F3074004F0E5FCE070C5F3072010
:103DA00004F0E0FC2071E8B204F0DCFC6071062253
:103DB00069465120FFF772FF7CBD00007FB50146C8
:103DC000EB23902202A8FFF775FE9DF808209DF8CE
:103DD000091002EBC20404EB0214B4FBF1F49DF8E9
:103DE0000A309DF80B00B4F5166F01D3502400E0A3
:103DF00040245B1E03F00F03401E0BA563F31F104E
:103E0000D5E90035CDE900358DF804108DF8024074
:103E10008DF803208DF80500062269465120FFF732
:103E20003DFF039804B070BD0008000000000000D2
:103E30002DE9FC4106461C4617468846089803F0C3
:103E400007FF0546204603F003FFFCF7E6FB0446A8
:103E50002846FCF7E2FB01464FF09F40FCF7A7FA2B
:103E60002146FCF7A4FA05463846FCF715FC074640
:103E70000C462846FCF710FC0022144BFCF7D5FA40
:103E80003A462346FCF743FB6FF00502FCF7AEFB16
:103E900032464346FCF7C9FAFCF7E5FB0CA2D2E92F
:103EA0000012CDE90012010E8DF80210010C8DF800
:103EB0000310010A8DF804108DF8050006226946EA
:103EC0005120FFF7EBFEBDE8FC8100000000394007
:103ED00000100000000000001CB508A2400BD2E951
:103EE0000012CDE90012010A8DF804108DF80500CA
:103EF000062269465120FFF7D1FE1CBD00A49000A8
:103F0000000000000C4800B5816985B041F0040153
:103F100081618069694600F0040004904FF480607C
:103F2000009000200190012002900320039003489C
:103F3000FDF7C8F805B000BD0010024000080140C0
:103F400010B5FFF7DFFF00F04BF80A480368094897
:103F50000C3002680748001D01680748FEF748FF5B
:103F6000002201212520FDF79FFDBDE810402520FE
:103F7000FDF78CBD0838014048BC0008154810B555
:103F8000016800F1040214488B061BD5126811F079
:103F9000060FD2B202D083895B1C8381090702D548
:103FA000C189491CC1818169491C81610189438999
:103FB000491CC1F30901994203D0084B04891A55E1
:103FC000018110BD0907FCD51168C189491CC18157
:103FD00010BD000000380140000000207F010020DB
:103FE0007CB5144D2868C16821F02001C1602868A3
:103FF00000240168416801910168416801910168EC
:1040000040680D490190081F00E00A6802689206A6
:10401000FBD4684607F018FB0028FAD107488481D2
:10402000C4810461446184612868C16841F0200151
:10403000C1607CBDAC1600200438014000000020A7
:104040002DE9FF472520FDF70FFD294C2068C168A9
:1040500021F40051C1604FF400754FF00008DFF803
:1040600094A0CDE900580126032769465046CDE9C2
:104070000267FDF727F84FF48069CDF800900397A9
:10408000CDE9016869465046FDF71CF80022494613
:104090005046FDF724F90120FCF7E8FD294650467B
:1040A000FDF70EF90646012249465046FDF717F97D
:1040B0000120FCF7DBFD29465046FDF701F90EB95A
:1040C000012813D000250A48FEF75EF9FFF71AFF12
:1040D0002068C16841F40051C160FFF781FF2520CD
:1040E000FDF7D4FC04B02846BDE8F0870125EAE7D7
:1040F000AC1600200008014030B5084B00221C1D02
:1041000006E01D682D06FCD5855C2560521C92B228
:104110008A42F6D318684006FCD530BD003801400D
:104120002DE9F0410F46064614461D46511C18461F
:1041300007F0CAFC2E7124B122463946681DFCF7EF
:1041400066F8641DA0B2BDE8F08100002DE9F043DF
:104150004C4C97B0A06800287ED0FDF7C7F8A16B43
:1041600041F28832411A914202D3A063FFF79AFDCF
:104170007DE000BF9DF80E00000636D500200490BB
:104180000690BDF80C00DDF8065046BA9DF80B000D
:10419000059500F0F8018DF8101000F007008DF87B
:1041A0001300680E8DF81200FFF754FAC5F347416B
:1041B000B1FBF0F08DF811009DF810003249C0F30A
:1041C000C30051F8200000B9206940EA463006904B
:1041D00007A80090D4E9142304A804F09FF8010074
:1041E00045D007A801F044FE41E09DF80B008C2863
:1041F0003DD1BDF806009DF8081040BA000440EA21
:1042000001269DF809000643FDF770F80546206C6D
:1042100058B3854229D9E16B281A771AB0F57A7F0D
:1042200023D3FCF7FFF90022184BFCF7FEF8804679
:1042300089463846FCF7F6F92022FCF7D7F94246C2
:104240004B46FCF764F90022114BFCF7EEF8FCF743
:104250000AFA04A9009000E010E0684604F01EF895
:10426000010002D004A801F003FEC4E90F6500219B
:1042700001A8FFF7BDFC00283FF77CAF17B0BDE8F1
:10428000F083000040000020D015002080842E41E3
:1042900000408F402DE9FC41050055D02C6A002CD0
:1042A00052D000266682A16A4FF03C024B1C4FF4AC
:1042B00080374FF6FF7009D01E31B1FBF2F1B942E1
:1042C00001D3014601E001B90121A182E16A4B1C41
:1042D0000AD01E31B1FBF2F3BB4201D3034601E029
:1042E00003B901236381E381216B4B1C0AD01E318A
:1042F000B1FBF2F2BA4201D3024601E002B9012257
:10430000A28122826289A1898A4201D301B1668198
:10431000E179C90701D0206A08E0217F7F2901D80F
:10432000FF2003E0C02901D36FF07F400090606A56
:1043300001900A21204600F05BFE01AB6A4604F1C1
:104340001C01284603F020FCBDE8FC8170B529481B
:1043500004684CE0206AA0B3417991B3818A69B1C5
:10436000418A491C89B24182828A914206D1204603
:1043700000F0C0FC204600F043FE37E0018A19B18E
:104380004A1E0282012906D0C189D1B14A1EC281CA
:10439000012917D02AE0256A20466979012905D02C
:1043A0000A2903D0052901D004291FD100F028FBD8
:1043B000A88A698A401A022818DB00EBD0704008EE
:1043C000288213E0256A20466979012903D00A2949
:1043D00001D005290AD100F0EFFCA889698A401AAA
:1043E000022803DB00EBD0704008E8812468002C31
:1043F000B0D170BDD80000202DE9F047994616468F
:104400000D4607000ED06DB14FF49A7A4FF420722A
:104410005146382003F050FCB0F1000803D0032EC1
:1044200006D102E00020BDE8F087687903280BD1AF
:10443000A879254C08B1606805E0FCF757FF2349CF
:104440000968484060602860D8F80440514620461A
:10445000FBF704FF01202070607097F83000A07017
:10446000286802F025FD6060082E0AD0042E08D0CE
:10447000072E06D0032E06D16879052801D004281E
:1044800001D17868E060002039182218401C91F8AA
:104490002A1080B211770628F6D30D48C4F8EC0034
:1044A00004F1F001012335220C46002000F04EF902
:1044B0003246214600F051F9B9F1000F01D0A9F8B8
:1044C00000004046AFE7000040010020E8F7FF1F72
:1044D0006382536310B5064C2078401E10F0FF0035
:1044E000207004D1A06807F043FA0020A06010BD3E
:1044F000400100202DE9FE4F046A07464FF00009F5
:1045000006212046C4F81C9000F072FD02AB012287
:1045100021463846FFF770FF060041D0716802233C
:10452000F0318A4639225546BDF8080000F00EF9F0
:10453000ADF808003A8D294600F047F9ADF80800BB
:104540003A46294600F00DF9ADF80800032337225A
:10455000294600F0FBF8DFF88480ADF8080000255C
:10456000514618F80520BDF8080000F0F6F86D1C5B
:10457000EDB2ADF80800032DF2D33246514680B2B9
:1045800000F02BF916484323CDE900701348154A73
:10459000401E3146806807F023FA304603F0D3FC12
:1045A000A079FF2801D2401CA071C1B2062902D215
:1045B0000120884000E03C2000EB4001C1EBC0102E
:1045C0004FF6FF7101EAC0004FF4FA7100F2F310E8
:1045D000B0FBF1F020814846BDE8FE8F410100208C
:1045E00034BC000838BC00081B4810B504682FE034
:1045F000206AF8B10189012903D9A1F101010181E2
:1046000025E024D14FF000010181216A48790C286E
:1046100006D0062804D0012806D0032811D016E0C1
:104620002046FFF767FF12E088790528204602D868
:1046300000F032FC0BE000F05DFB204600F0E0FCF7
:1046400005E088790228EBD2204600F04BFA246876
:10465000002CCDD110BD0000D800002070B5046A38
:104660000020184D20626062E878174E08B1F068AB
:10467000A062287908B1306901E0A06A4008E062D0
:10468000687908B1706903E0A06AC0EBC000C00897
:1046900020630869E061A87938B1B06902F008FCCC
:1046A0002062E07940F0010002E0E07920F00100B2
:1046B000E071E879002803D0F06902F0F9FB60624C
:1046C00070BD00004C0100200057002010B5104CB8
:1046D0002078A8B907F03AF9A060B0B1417A442235
:1046E00041F0200141720B4906F0C4FF4322094901
:1046F000A06807F01BF800220749A06807F033F90B
:104700002078401C2070002010BD4FF0FF3010BDFD
:104710004001002034BC0008F14B0008016A002968
:1047200013D04B790022042B0CD004DC002B0CD0CE
:10473000032B04D106E0052B04D00A2B02D08A718A
:10474000FFF7D8BE8A7100F0CDB970470A54401CFB
:1047500080B20B54401C80B270470A54401C80B297
:1047600070472DE9F0410546506A14460E46C8B11F
:10477000FBF77FFDB0B1646AC5F14101884200D307
:1047800008460746C3B20C2231462846FFF7DEFF33
:1047900005E014F8012B31462846FFF7DEFF0546F9
:1047A0007F1EF6D22846BDE8F081130E0B54401C44
:1047B00080B2130C0B54401C80B2130A0B54401CE3
:1047C00080B20A54401C80B27047130A0B54401C3C
:1047D00080B20A54401C80B27047FF230B54401C27
:1047E00080B2002302E00B54401C80B24428FAD36C
:1047F000F03081B2104603F003BC00002DE9F04F09
:1048000087B08246002004907B480021C16001618E
:10481000BAF80A002C2814D3774FF024BAF808000D
:104820006FF005090C375646059404E0621A401AE9
:10483000366894B280B226B17189A142F6D902904D
:10484000B1E06FF0010007B0BDE8F08FA01C80B2AE
:104850004FF0FF380190A042F3D37389621C93425A
:1048600003D903982044407803E0306808B14068D9
:1048700000783429054624D007DC89B1012912D0FB
:10488000032914D0332908D117E035292ED0362931
:1048900030D03A2932D03B2935D0002591B317E0EA
:1048A00000200546FAE704287ED1062303E004250C
:1048B00004287DD307239846F0E7042878D1032302
:1048C000F9E7012874D10599F02971D14FF000085A
:1048D0002044801CB0F5803FB3D284B2F5B30020F1
:1048E000CDF8000017F8080098B14FE001285FD11B
:1048F0000123E0E704285BD10223DCE7042857D139
:104900000423D8E703E0042852D10523D3E794B267
:104910003CE0042D01D2284600E0042083460246F4
:1049200069463046019B03F083FA584589D1042D2E
:1049300019D9A8073CD1012007F80800009802F017
:10494000B7FA2E4A2D1FEDB242F8280001980199BE
:10495000001D80B28842FFF474AF00E016E008F159
:1049600001080190BEE7042D02D0012D20D103E003
:10497000009802F09DFA01E09DF8000000900120EF
:104980001E4907F80800009A41F828207089A042C3
:1049900010D8211A8CB20299081A80B2029084426F
:1049A0009AD2366806B100E002E07068039002E037
:1049B000484648E73EB10298844204D20398015D1C
:1049C000FF297FF443AF387848B10C4800210068D4
:1049D000397001280DD0022804D0032807D004988C
:1049E0000028E6D000202C2404906C201BE7012036
:1049F00004906C24EC2016E74001002000570020B2
:104A00002DE9FC47046A07460421204600F0F0FA2D
:104A100001AB032221463846FFF7EEFC060041D0E9
:104A200071680223F031894639224D46BDF80400F1
:104A3000FFF78CFEADF804003A8D2946FFF7C5FE5E
:104A4000ADF80400032337222946FFF77FFEDFF885
:104A50008C80ADF804000025494618F80520BDF803
:104A60000400FFF77AFE6D1CEDB2ADF80400032DD3
:104A7000F2D33A46494680B2FFF773FEADF8040020
:104A800032464946FFF7A9FE14480097401E4323CB
:104A9000134A3146806806F085FF0546304603F02C
:104AA00052FA01E04FF0FF35A079FF2801D2401CF7
:104AB000A071C0B20A2803D24FF47A71484301E0D2
:104AC00042F2107080B24FF4FA7100F2F310B0FBB2
:104AD000F1F020812846BDE8FC870000410100205C
:104AE00038BC00082DE9FC47046A0746032120462C
:104AF00000F07EFA01AB032221463846FFF77CFC2A
:104B0000060055D071680223F031894639224D469E
:104B1000BDF80400FFF71AFEADF804004FF4107260
:104B20002946FFF752FEADF804000423322229463D
:104B3000FFF70CFEADF80400E06902F0B9F9024697
:104B40002946BDF80400FFF730FEADF8040003234A
:104B500037222946FFF7FAFDDFF88C80ADF8040014
:104B6000002500BF18F805204946BDF80400FFF7EE
:104B7000F4FD6D1CEDB2ADF80400032DF2D33A46FE
:104B8000494680B2FFF7EDFDADF8040032464946D4
:104B9000FFF723FE14480097401E4323134A314673
:104BA000806806F0FFFE0546304603F0CCF901E0D0
:104BB0004FF0FF35A079FF2801D2401CA071C0B290
:104BC0000A2803D24FF47A71484301E042F2107090
:104BD00080B24FF4FA7100F2F310B0FBF1F02081D3
:104BE0002846BDE8FC8700004101002038BC0008D1
:104BF0002DE9F0413B48516816464468256A002D6E
:104C00006BD02879002868D070892C2865D3087863
:104C1000022862D1002094F8302008E023180F18F1
:104C200093F82A303F7FBB4257D1401CC0B282422A
:104C300001D90628F2D3486802F03AF92968884277
:104C40004BD129463046FFF7D9FD98BB2649487815
:104C500080B3264A77681079052804D0062813D037
:104C6000022828D039E06879012805D0032803D02C
:104C7000042801D0052830D139462046FFF7EEFC44
:104C80002046FFF707FB28E06879032805D00128B4
:104C900003D0042801D005281FD10C21206A00F080
:104CA000A7F9134B20461A46114602F06DFF204625
:104CB000FFF720FC11E0687906280ED12546246A0A
:104CC000887850B100202081906802F0F1F8A0614E
:104CD0003869E061284600F0DFF83046BDE8F04171
:104CE00003F031B9885600204C0100200057002005
:104CF00034BC00082DE9FE43046A0746002C55D059
:104D00006079002852D0A06902900025A561E56174
:104D1000256265622563E562A562A58265822582BA
:104D2000E581384600F0A6F900282946204635D00E
:104D300000F05EF901AB072221463846FFF75CFB25
:104D4000060024D071680423F03136228846BDF86D
:104D50000400FFF7FBFCADF80400029802F0A8F88D
:104D600002464146BDF80400FFF71FFDADF8040000
:104D700032464146FFF731FD0D480097432302AA12
:104D80003146806806F00EFE304603F0DCF8094B31
:104D900038461A46114602F0F7FE01E000F028F905
:104DA0002079002802D0FFF795FB2571BDE8FE832E
:104DB0004001002034BC00082DE9FC47046A074686
:104DC0000521204600F014F901AB032221463846A4
:104DD000FFF712FB060042D071680223F0318946CA
:104DE00039224D46BDF80400FFF7B0FCADF80400D1
:104DF0003A8D2946FFF7E9FCADF80400032337227A
:104E00002946FFF7A3FCDFF88C80ADF804000025ED
:104E1000494618F80520BDF80400FFF79EFC6D1CFC
:104E2000EDB2ADF80400032DF2D33A46494680B204
:104E3000FFF797FCADF8040032464946FFF7CDFC7A
:104E400014480097401E432304F11802314680683D
:104E500006F0A8FD0546304603F075F801E04FF076
:104E6000FF35A079FF2801D2401CA071C0B20A28EA
:104E700003D24FF4FA61484301E044F6206080B267
:104E80004FF4FA7100F2F310B0FBF1F020812846E4
:104E9000BDE8FC87410100202DE9FE4306007AD0E1
:104EA000346A002C7BD00121204600F0A1F802AB2F
:104EB000032221463046FFF79FFA070072D0796837
:104EC0000223F031894639224D46BDF80800FFF72C
:104ED0003DFCADF80800328D2946FFF776FCADF8B1
:104EE0000800042332222946FFF730FCADF8080001
:104EF000E06901F0DDFF02462946BDF80800FFF732
:104F000054FCADF80800042336222946FFF71EFCA6
:104F1000ADF80800A06901F0CBFF02462946BDF8B4
:104F20000800FFF742FCADF80800032337222946AA
:104F3000FFF70CFCDFF8AC80ADF80800002500BFDF
:104F400018F805204946BDF80800FFF706FC6D1C5F
:104F5000EDB2ADF80800032DF2D33246494680B2D7
:104F6000FFF7FFFBADF808003A464946FFF735FC6E
:104F70001D484323CDE900601A481C4A401E3946AB
:104F8000806806F02DFD0546384602F0DCFF0BE098
:104F900001E004E006E06FF00F00BDE8FE836FF073
:104FA0000500FAE74FF0FF35A079FF2801D2401C39
:104FB000A071C0B2062802D20121814000E03C214C
:104FC00001EB4100C0EBC1104FF6FF7101EAC000D8
:104FD0004FF4FA7100F2F310B0FBF1F02081284693
:104FE000DBE700004101002034BC000838BC0008A9
:104FF00042798A4203D04171002181710181704759
:1050000070B505006FF00F0017D095F83110C90783
:1050100013D0288D2C6A4FF0FF36B0F5107F0BD3DC
:1050200064B1207908B1FFF755FA34212046FBF727
:1050300015F9FFF74BFB40B1304670BD342002F04C
:10504000A0FC0400F8D02C62EFE70120207195F855
:105050003100400705D402212046FFF7C9FF002098
:1050600070BD2846FFF746FA0028F9D02846FFF71A
:1050700041FEE1E740B1006A30B140790A2805D02D
:10508000052803D0042801D0002070470120704774
:1050900070B505460C4603F0E9FBA9680968216074
:1050A000A9680C60BDE8704003F0E2BB10B504468F
:1050B00003F0DCFBA1680C682CB122680A6003F0E5
:1050C000D7FB204610BD03F0D3FB002010BD00002D
:1050D0002DE9FC412A4C05460F46A06810B101207D
:1050E000BDE8FC81E068002848D105F06BFD288808
:1050F00041BA0A04A97846BA42EA0123EA7836049A
:10510000134346EA01261B06B6B243EA062346BA13
:1051100040BA000440EA01201949F6B243EA0623E6
:105120001043203143EA10600860278004F0DFFB61
:10513000E06050B10022134903F01AFD002640B18F
:10514000E06803F077FCE66018E00FA0FDF750FE82
:1051500014E0E878CDE90007AB786A7829780EA0EA
:10516000FDF746FE0649154B3A462031E06803F04C
:1051700009FF0028E4D1FCF7B9F820610020AFE76F
:105180001C00002034BC00085B5443505D204E6F6F
:10519000205043420D0A00005B5443505D20436F92
:1051A0006E6E6563742025642E25642E25642E257D
:1051B000643A25642E2E2E0D0A000000058C00088E
:1051C000F0B589B001265BA0FDF712FE002401AD09
:1051D00004F1110081B23046FBF7F0FC25F8140011
:1051E000641C0F2CF4DB5EA0FDF702FE5FF00004F0
:1051F00063A035F81410FDF7FBFD641C0F2CF7DBE2
:1052000061A0FDF7F5FD18213046FBF7D7FC0446F9
:1052100019213046FBF7D2FC024621465BA0FDF780
:10522000E7FDBDF8041066A0FDF7E2FD032130465E
:10523000FBF7C4FC044603213046FBF7BFFC0546E0
:1052400003213046FBF7BAFC0746AC4203D1BD420E
:1052500001D163A000E064A000903B462A462146AD
:1052600064A0FDF7C5FDAC4212D1BD4210D1A4F53A
:105270002040B0382BD0A4F5B840903825D002217A
:105280003046FBF79BFC0146224667A0FDF7B0FDC8
:1052900071A0FDF7ADFD40F6B830FBF7E7FC01214A
:1052A0003046FBF78BFC044605213046FBF786FCB5
:1052B000074600213046FBF781FC054672A0FDF74A
:1052C00097FDE80508D577A007E078A100E078A170
:1052D00078A0FDF78DFDDBE780A00090A80401D544
:1052E00080A300E081A3E80401D581A200E081A2AF
:1052F000294681A0FDF77CFDA00601D58CA300E026
:105300008DA3600701D58EA200E08FA2214690A058
:10531000FDF76EFD0FB19BA200E09CA239469DA057
:10532000FDF766FD600702D5A4A0FDF761FD09B099
:10533000F0BD00005B5048594442475D203D3D3D73
:10534000204450383338343844534B2032354D489C
:105350007A20524D4949203F3F203D3D3D0D0A00F6
:105360005B5048594442475D204578742072656718
:105370007320307831312D307831463A000000000A
:1053800020253034580000000D0A00005B504859B9
:105390004442475D205354524150283078313829D7
:1053A0003D30782530345820205354524150283015
:1053B000783139293D3078253034580D0A00000005
:1053C0005B5048594442475D205048594352283069
:1053D000783131293D3078253034580D0A000000ED
:1053E000737461626C650000554E535441424C45E4
:1053F000210000005B5048594442475D2050485905
:10540000494452322072656164733A203078253005
:1054100034582030782530345820307825303458AE
:10542000202025730D0A00005B5048594442475D17
:1054300020556E7265636F676E697A6564205048A7
:10544000592049443D3078253034583A3078253059
:1054500034580D0A000000005B5048594442475D33
:105460002057616974696E6720337320666F7220FC
:105470006175746F6E656720746F20736574746CEA
:10548000652E2E2E0D0A00005B5048594442475DA0
:10549000203D3D3D203F3F3F3F3F3F203D3D3D0DB7
:1054A0000A00000046554C4C000000004B535100D0
:1054B000432F49005B5048594442475D20504859AA
:1054C000203D204450383338343820257320286359
:1054D0006F6E6669726D6564290D0A0048414C461D
:1054E000000000003130304D0000000031304D0030
:1054F000454E0000444953005B5048594442475DC3
:10550000204243523D307825303458202061757454
:105510006F6E65673D2573202073706565643D255A
:105520007320206475706C65783D25730D0A00004A
:10553000444F4E450000000050454E44494E470040
:105540005550212121000000444F574E000000001B
:105550005B5048594442475D20424D53523D30789C
:105560002530345820206C696E6B3D2573202061F6
:1055700075746F6E65675F646F6E653D25730D0AA8
:105580000000000050524553454E540041425345DF
:105590004E5400005B5048594442475D20414E4CF8
:1055A0005041523D3078253034582020706172745B
:1055B0006E65723D25730D0A000000005B5048596E
:1055C0004442475D202A2A2A203F3F3F3F3F3F3F3A
:1055D0003F3F3F3F3F3F202A2A2A0D0A000000009C
:1055E00004490A7902704A7942708A798270C979CD
:1055F000C17070479805002002484068002800D01C
:10560000012070479805002030B5404D044687B012
:10561000002204212846FBF762FE3220FBF726FB1E
:10562000012204212846FBF75AFE4FF49670FBF73F
:105630001DFB612204210120FBF7F2FA4FF4905286
:1056400000210120FBF7ECFA4FF4FA60FBF70EFBA8
:105650002FA0FDF7CDFB00F069FF2046FBF790FA85
:10566000354883690268416934A0FDF7C1FB4048B1
:10567000426801683FA0FDF7BBFB4748416847A06F
:10568000FDF7B6FB01F018FC0020039004904E4A91
:105690004E4905908DE8070004AB05AA03A94C48C4
:1056A00002F0B6F900282BD0494802F09DFA48488C
:1056B00002F0C0FA0121464800F075FF4448216815
:1056C0001838434D40F8421FA1888180062085F894
:1056D000300061792079CDE90001E3783DA21821FD
:1056E000A5F11800FDF794FBA5F1180068621830C9
:1056F000FFF786FC3DA0FDF77BFB012007B030BD26
:1057000046A0FDF775FB0020F8E7000000140140FB
:105710005B5048595D20466F726365642031304D9F
:1057200020284554485F464F5243455F31304D3D38
:1057300031290D0A00000000009002405B444D41F9
:105740005D20444D4153523D30782530385820205B
:10575000444D41424D523D30782530385820204448
:105760004D414F4D523D3078253038580D0A0000DC
:10577000008002405B444D415D204D414343523D1A
:1057800030782530385820204D41434646523D3030
:1057900078253038580D0A00000001405B444D4127
:1057A0005D204146494F5F4D4150523D3078253094
:1057B000385820202862697432343D4554485F527D
:1057C0004D4949290D0A00003D640008596500084B
:1057D000980500204254434D696E65722D25303284
:1057E0005825303258253032580000005B4C57495C
:1057F000505D204448435020737461727465642086
:105800002877616974696E6720666F72206C6561C4
:105810007365292E2E2E0D0A000000005B4C57499F
:10582000505D206E657469665F61646420666169BD
:105830006C65640D0A000000014880687047000034
:105840001C00002010B501210846FBF7B7F9C0F392
:10585000800010BD0148006870470000540100201E
:1058600001484068704700005401002002480021B0
:10587000016041607047000054010020F0B589B01C
:10588000304800F081FEFBF731FD2F4C0546606982
:10589000281AFA2802D9656102F0ECFFA069F0B974
:1058A00028494868D8B10120A061084602460DF198
:1058B000140CD77A967A537A127A8CE8CC00C37B90
:1058C000827B467B007BCDE90106CDE90323C879C5
:1058D00000908B794A7909791C48FDF789FAE069CB
:1058E0000026281AB0F5FA6F11D9E561FFF7AAFF73
:1058F00008B1012108E0A06828B115A0FDF778FAE9
:10590000A66005F05FF900210E4800F04CFEA0688B
:10591000002814D1E068002811D0206941F28831B4
:10592000281A88420BD90FA0FDF762FAE06803F04D
:1059300081F8E66009B0BDE8F04005F043B909B070
:10594000F0BD0000980500201C00002090BC00085D
:105950005B4554485D204C696E6B206C6F737421FD
:105960000D0A00005B5443505D2054696D656F75EE
:10597000742C2072657472790D0A00002DE9FF41C4
:10598000FFF71EFC7C4E002531467CA0FDF730FA67
:10599000346980A02146FDF72BFAC4F30043C4F319
:1059A000C422C4F38411C4F380008DE80F0004F016
:1059B0000101C4F3C003C4F3001284A0FDF718FA78
:1059C000346902210120FBF7F9F8326903462146C8
:1059D0008CA0FDF70DFA9BA0FDF70AFA00244FF604
:1059E000FF77A0B20221FBF7E9F80646A0B2032137
:1059F000FBF7E4F803463EB1BE4205D032462146ED
:105A00009AA0FDF7F5F90125641C202CE9DBC5B14E
:105A1000012402212046FBF7D1F807460321204646
:105A2000FBF7CCF8064601212046FBF7C7F80546F0
:105A30003246394697A0FDF7DBF9A80615D5A2A096
:105A400014E0A3A0FDF7D4F902210120FBF7B6F87A
:105A5000044601210846FBF7B1F804B02146BDE831
:105A6000F0410246A5A0FDF7C3B9AFA00090E8043D
:105A700001D5AFA300E0AFA3680701D5AEA200E057
:105A8000AFA22946B0A0FDF7B3F910212046FBF7DD
:105A900095F80146800601D5BAA000E0BAA00090B2
:105AA000480701D5BAA300E0BBA3880701D5BCA273
:105AB00000E0BCA2BDA0FDF79BF900212046FBF74A
:105AC0007DF80146000501D5C6A000E0C6A04A0544
:105AD00001D5C6A200E0C6A2CB0501D5ACA300E06B
:105AE000ADA38D0401D5AFA500E0ADA5CDE90220A1
:105AF000CDE90053C80401D5BEA300E0BEA308044D
:105B000001D58BA200E0BDA2BE48FDF771F90421CA
:105B10002046FBF753F8054605212046FBF74EF8D3
:105B20000446C5F38022C5F34011C5F380108DE80B
:105B30000700C5F3C013C5F300222946B248FDF79C
:105B400057F9C4F38022C4F34011C4F380108DE8E8
:105B50000700C4F3C013C4F300222146AB48FDF78D
:105B600047F90CB1AAA100E0ABA104B0ACA0BDE81C
:105B7000F041FDF73DB90000008002405B504859FC
:105B80005D204554485F424153453D3078253038CB
:105B9000580D0A005B5048595D204D41434D49491D
:105BA00041523D307825303858202028657870657E
:105BB0006374204D423D626974303D302C20435265
:105BC0003D62697473343A32290D0A005B504859BA
:105BD0005D2020204D423D25642043523D25642E0A
:105BE00025642E2564204D523D30782530325820D2
:105BF00050413D307825303258204D573D25640DB9
:105C00000A0000005B5048595D20534D49207465DF
:105C100073743A206265666F72653D30782530385E
:105C200058202061667465723D30782530385820E0
:105C300020726573756C743D3078253034580D0AC8
:105C4000000000005B5048595D205363616E6E692F
:105C50006E67206164647265737365732030783099
:105C6000302D307831462E2E2E0D0A005B504859CB
:105C70005D202041646472203078253032583A200B
:105C800049443D3078253034583A253034580D0A8F
:105C9000000000005B5048595D20445038333834D0
:105CA000382049443D3078253034583A253034582E
:105CB0002028657870656374203078323030303A4F
:105CC00041304230290D0A00444F4E45000000008B
:105CD0005B5048595D20204E6F2050485920726516
:105CE00073706F6E64656420617420616E792061E9
:105CF000646472657373210D0A0000005B5048599B
:105D00005D202052656164203078303120726567F3
:105D1000323D30782530345820726567313D307817
:105D2000253034580D0A000050454E44494E470076
:105D30004F4E00004F464600555021200000000005
:105D4000444F574E000000005B5048595D20424DC3
:105D500053523D30782530345820206C696E6B3DAD
:105D6000257320206175746F6E65673D2573202053
:105D70006175746F6E65675F646F6E653D25730D49
:105D80000A0000004F4B000049444C450000000051
:105D900046554C4C0000000048414C4600000000B5
:105DA00031304D003130304D000000005B5048591B
:105DB0005D205048595354533D3078253034582095
:105DC0002073706565643D257320206475706C6573
:105DD000783D25732020706167655F72783D25737B
:105DE0000D0A0000504400007570000049534F0038
:105DF0006E6F0000454E000044495300646F6E65AD
:105E0000000000005CBD0008D4BC000818BD0008FC
:105E100050524553454E5400414253454E540000A4
:105E20005B5048595D206C696E6B5F706172746E77
:105E300065723D25730D0A00F0B50A4A054600203B
:105E40005488094E07E0F75C2F54401C5B1CC3F3D9
:105E50000B0380B29380884202D29388A342F2D18E
:105E6000F0BD00001C000020D005002004F0AABEF8
:105E700070B50A4C0E460146A0684FF0FF3530B1B0
:105E8000E06820B10123324605F080F908B12846C8
:105E900070BDE06803F0A0FD304670BD1C0000201E
:105EA0002DE9F74F0422054682B000208B46DFF82B
:105EB000DC9011461446164601908646CDF8000047
:105EC00000EB400A09EBCA03042C1F7D29D0C7B19F
:105ED00075B1D5F800C0D3F80480C44508D1DDF809
:105EE00010C0BCF1000F4ED0D3F80880E0454AD076
:105EF000012F1AD0022F04D35B8A734501D30146C8
:105F00009E46401C00B20428DADB5FEA8B734FF038
:105F1000FF3038D4042C18D025DB042919DA0C46BC
:105F20001EE0002FD4D10446EBE759F83A705B8AA3
:105F30002FB1019FBB42E4D306460193E1E7009FE6
:105F4000BB42DED302460093DBE75FEACB731AD095
:105F5000E3E7042A01DA144602E0042E13DA344699
:105F6000204600F015F82DB104EB440209EBC20005
:105F70002968416004EB440109EBC1000022428220
:105F800004998160204605B0BDE8F08FA05600203E
:105F900070B5074C00EB4005002654F8350018B1E9
:105FA00001F0D1FF44F8356004EBC500067570BD03
:105FB000A05600202DE9F04786B00D00804643D062
:105FC000D8F804404FF480792088484539D12079A9
:105FD000062836D16079042833D16088082830D16A
:105FE000D4F80E100491A269686818B1824204D1F5
:105FF000012603E00026374608E00026814201D151
:10600000012700E000270EB1012300E0022304F184
:106010000802924604A9284600F0CEF9E0884845D7
:106020000FD176B16FB9022204ABCDE90232291D3E
:10603000CDE9001A05F12A0319465246284600F018
:106040002FF9404601F07FFF06B0BDE8F087000061
:10605000FEB504460E4615462146106800F02FFC9A
:1060600008B1354B3FE02868C0F303110E2925D055
:10607000A168636800EA01020B409A4208D080B22E
:10608000A0F57E41A93903D0E068B0B304F10C0556
:106090002A4B2B481A7802EB420100EBC1010F7D1D
:1060A000022F2ED38F68A7422BD12F6849688F42C9
:1060B00027D13146204600F045F8FEBD01208DF87D
:1060C000040000208DF805005E208DF80600687839
:1060D00001AB00F07F008DF80700A8788DF808006C
:1060E000E8788DF809004FF40060009004F12A026E
:1060F0003146204600F0F4F9FEBDFFE76FF00300E3
:10610000FAE7002202EB420100EBC1010F7D022FF2
:1061100008D38F68A74205D12F6849688F4201D103
:106120001A70C6E7521CD2B2042AEBD33246294673
:10613000204600F037F8DFE73CBC00083E010020B5
:10614000A05600202DE9F84306468846144802EB85
:10615000420100EBC10404F10C05207D022813D19B
:10616000608A0327B0F58E7F04D9211D304600F0E8
:10617000DDF807E0B0F5877F06D32A46211D3046BB
:1061800000F0DAF800B927754FF4006000902B4654
:1061900006F12A024146304600F0A2F9BDE8F88334
:1061A000A05600202DE9FC5F83462A3001900F465F
:1061B000086814464FF0FF364FF0000A594600F0C9
:1061C0007EFB80B93868C0F303110E290BD057B19C
:1061D00048B15A4601213846FFF762FE002805DA29
:1061E00040B2BDE8FC9F6FF00F00FAE700F0FF0936
:1061F000294909EB490801EBC805287D08B134B1EC
:1062000014E04FF0010A85F814A0C5F808B039462B
:10621000584600F08BF8060007D1287D012804D1EC
:10622000BAF1000F01D1002068827CB3287D1A4F9B
:1062300002280ED319494FF4006005F10C0381F8D0
:106240000090009021465846019A00F049F9064610
:106250001FE001281DD12046017B490607D52246B3
:106260004FF42071102001F0CCFD044605E00068D9
:106270000028F1D1204601F0EAFE44B157F8380079
:1062800008B101F060FE47F83840002601E04FF009
:10629000FF363046A5E70000A05600203E01002052
:1062A0002DE9FF4F81B09346DDE90F981F46002688
:1062B0004FF420721C211020DDF838A001F0FCFC06
:1062C00005002FD06C68119800F0F4FDE08038686C
:1062D000A060B888A081D9F80010C4F81210B9F8ED
:1062E0000400E082DAF80000C4F80E00D8F80000DC
:1062F000A0614FF48070208008206080062020710B
:106300000420607140F606000090DDE901025B4662
:10631000294600F0E5F8284601F015FE304605B0A4
:10632000BDE8F08F4FF0FF30F9E70000014A00F0C0
:1063300003B800003CBC00087FB5064D031D0124D6
:10634000CDE90035CDE9021426331946FFF7A8FF41
:1063500004B070BD42BC000870B5164D002400BFEB
:1063600004EB440005EBC002117DF1B1508A401CE2
:1063700080B25082B0F5967F0AD2012906D0032957
:106380000AD004290AD001290BD00EE0052808D331
:106390002046FFF7FDFD08E0042000E00220107514
:1063A00003E0111D9068FFF7C1FF641C042CD7DBCC
:1063B00070BD0000A0560020F8B51F4616460D001F
:1063C000044613D0286888B1214600F078FA68B9ED
:1063D0002878C0F303100E2808D0224639462846F4
:1063E000FFF75EFD002804DA40B2F8BD6FF00F0041
:1063F000F8BD114900EB400201EBC2000223037516
:1064000084603368C360B38803820023438251F8F9
:10641000325075B141F832304FF40060009033468D
:1064200004F12A022946204600F05AF8284601F0D5
:106430008AFD0020F8BD0000A05600202DE9F041A3
:10644000044640890E270D460E283CD96068E17B42
:10645000868919B995F83410491CE1730178CA0787
:1064600014D0012905D006221C49F9F709FF48B1CB
:106470000CE0417851B980785E2807D1607B40F00C
:10648000100002E0607B40F008006073082E03D02B
:10649000B6F5C16F17D10DE095F83100000712D5A0
:1064A0003946204601F0E0FD68B92946204600F053
:1064B0001DFA10E095F83100000704D53946204652
:1064C00001F0D2FD18B1204601F03DFD03E0294660
:1064D0002046FFF76FFD0020BDE8F0813CBC0008BE
:1064E0002DE9F04180461E4617460D46069800F0FD
:1064F000E1FC04460E21284601F0B7FB18B16FF00D
:106500000100BDE8F0816868848131680160B1886C
:1065100081803968C0F80610B98841814046294613
:10652000D8F81820BDE8F041104700001FB5094A0F
:1065300000924FF4BE600121CDE90110A2F5BF53D6
:1065400003F1200103900422A1F1A000FAF7A2F9BF
:106550001FBD0000806F0020652180F832103021BF
:1065600080F83310064940F8141F0649416040F294
:10657000DC5181821A214177062101770020704782
:10658000516000085D6D000870B5044606E02269A0
:106590002146904710B1284601F0D5FC00F032FBAF
:1065A0000500F4D170BD09B101F02FBB01F022BB91
:1065B00013B54FF0FF33012269460248FBF74EFF47
:1065C00000981CBDF416002010B5002821D0114BF6
:1065D0000022001F196803E0814203D80A46496877
:1065E0000029F9D152B11368841A9C4204D1006881
:1065F00018441060104602E0506000E0186039B1A5
:1066000002680B1A934203D10B681A44026049686E
:10661000416010BD6C0100200A46032100F096B8CD
:106620002DE9FE4F8B46484904468E6830780007B6
:10663000850E142D47D3608904287FD360680078C5
:1066400000287BD0082879D1486901F11409C0F3EA
:1066500003120E2A72D08A46096800F030F9002829
:106660006CD12089082869D3204600F0B9F80028A9
:1066700064D105F110010F46204601F0F6FA40B34F
:106680002089411989B2884258D84FF420721020CD
:1066900001F012FB070051D0798905F10800814211
:1066A0000ED32A4631467868F9F7B1FD29463846B7
:1066B00001F0DAFC20B92146384601F0B1FB18B1EF
:1066C000384601F040FC39E0204601F03CFC3C46F5
:1066D00004E03946204601F0C7FC78BB2946204635
:1066E000D4F8048001F0C1FA40BB6668D9F8000014
:1066F0000027F060DAF81000306188F80070E77366
:10670000B8F802004FF6F771884201D9093000E06D
:106710000830A8F80200FF20307277812946304601
:1067200000F058F870810121CDE90071FF230022AB
:10673000CDF808B04946204600F0B6F92046BDE83D
:10674000FE4F01F000BC0000885600202DE9FF47F5
:10675000074600891C25924689461C2800D205461A
:1067600005F1080081B24FF42072242001F0A4FA50
:1067700006002DD07468D7F80480082384F80090B0
:1067800084F801A04FF00009C4F804902A46394665
:10679000304601F080FBD8F80C00039003A800F00D
:1067A000FBF9050011D0A4F802904F4671892046EC
:1067B00000F010F8608001200097CDE90105FF236B
:1067C00003AA0021304600F06FF9304601F0BBFB10
:1067D000BDE8FF8700B500F07FFBC04380B200BD7D
:1067E00070B500263446054612E06989686800F0F5
:1067F00073FB204481B201EB1044A87AC00706D095
:106800008EB10026E0B2C4F3072141EA00242D68CE
:10681000002DEAD126B1E0B2C4F3072141EA0024F9
:10682000E04380B270BD0126ECE730B41B68029DE6
:106830009CB204EB13442B689DB22C4404EB13432D
:106840009CB204EB13439CB204EB134330BCAFF394
:1068500000802DE9F0411C4690460F460026054673
:1068600012E06989686800F037FB204481B201EBCF
:106870001044A87AC00706D0FEB10026E0B2C4F3E7
:10688000072141EA00242D68002DEAD126B1E0B2AB
:10689000C4F3072141EA0024384600F00BFB04440E
:1068A000404600F007FB204481B201EB104000EBB2
:1068B0001040C04380B2BDE8F0810126DEE7421CF3
:1068C00012D088B191F8312092070BD54B688342E2
:1068D00008D0896800EA01020B409A4202D10143C4
:1068E000491C01D000207047012070472DE9F04776
:1068F000456880460E4628780421B1EB101F03D06E
:10690000404601F020FBB2E00007870E688800F0E7
:10691000D1FA0446B8F80800A04203D921464046FF
:1069200001F06EFBB8F80A00B842E9D3B8F80800E5
:10693000A042E5D3142FE3D339462846FFF74AFF98
:106940000028DDD12969DFF82C91C1F303100E284E
:10695000C9F81410EA68C9F8102005D0304600F0D4
:106960008DF850B1344616E096F83100C00702D0D9
:1069700070680028F6D1002412E099F81400002471
:106980007F280DD03C48046808E0B44205D020467A
:1069900000F074F808B11CB10AE02468002CF4D1AE
:1069A000687A112804D1E8194088B0F5884F30D0B2
:1069B000D9F810205AB131461046FFF780FF002861
:1069C0009ED199F81000C0F303100E2898D0002C27
:1069D00096D0E88830F0C00092D1C9F80850C9E9D3
:1069E0000046297840460907890EA9F80C10394657
:1069F00001F03AFB687A012817D0062810D0112838
:106A000009D04D462146D9F81400FFF758FF88B148
:106A10001DE03446DBE73146404604F0C1FE19E094
:106A20003146404602F06CFC14E031464046FFF728
:106A3000F7FD0FE0287DC0F303100E2807D039467C
:106A4000404601F0C5FA02214046FFF7E5FD404609
:106A500001F079FA0021C9F80010C9F80410C9F84A
:106A60000810A9F80C10C9F81010C9F8141000206B
:106A7000BDE8F08788560020D800002010B590F8B7
:106A80003110C9070CD0416851B1064A52698A4297
:106A900004D001461046FFF712FF08B1012010BDD7
:106AA000002010BD88560020FEB5DDE90954089E7F
:106AB0001AB109B10F6807B9211D0096CDE901543B
:106AC00000F002F8FEBD00002DE9F84F9946DDE91F
:106AD0000A87DDF830B016008A4605466FF00104DB
:106AE00044D0142101F0C1F8E0BB6C68390247EAD8
:106AF000092084F80890677241EA1021306820610B
:106B000082B2114401EB1040452121704FEA082266
:106B100048F48A4142EA112184F801800F1828893B
:106B200000F0C8F900EB07086080194F0020E080F2
:106B3000388800F0BFF9A08039884044491C39806A
:106B4000BAF1000F0FD0DAF80010E1608AB21044F9
:106B500000EB114081B201EB104000EB1040C0434C
:106B600060810DE005E00B490968EEE768891428AB
:106B700002D22046BDE8F88F68686E460069009032
:106B8000DBF814305846324629469847F2E70000B1
:106B90003C01002034BC000870B50146144813E0E5
:106BA00090F83120D3070FD053070DD543685BB160
:106BB00084680D68234005EA04069E4216D09207B9
:106BC00002D4C268954211D000680028E8D1094873
:106BD000006850B190F83120D30706D0520704D591
:106BE000426812B109787F2900D1002070BD0000F1
:106BF000D8000020DC00002038B5049C0094FFF78A
:106C000014FE38BD2DE9FF5F3C4E4FF4BE60DFF847
:106C1000F0B04FF0040A002406F1A009CDF80C00F2
:106C200006EB4415286800282FDBDBF8101000293C
:106C300016DD491ECBF8101028682968C0F30D40F6
:106C40002A68C1F3C031C2F300220092CDE90110DD
:106C500028682A68C0F3402321462AA0FCF7C8F818
:106C60002846F9F7A5FE80B25FEA000802D0039932
:106C7000884511D9C4EB441000EB841109EB0111D4
:106C800052462846039BF9F7C1FF641C5445C7DBF5
:106C9000002004B0BDE8F09F01464FF4C17200200F
:106CA00001F00AF8009020B30646C4EB441000EB54
:106CB0008410002709EB00197489E119414501D9B5
:106CC000A8EB070409EB070122467068F9F79FFA61
:106CD00036682744002EEFD1494652462846039B8A
:106CE000F9F794FFDBF80010491CCBF8001000986E
:106CF000CFE7414611A0FCF77BF8BBE72057002007
:106D0000540100205B5258445D20646573633D2547
:106D100064207374617475733D30782530386C5815
:106D20002046533D2564204C533D25642045533D6A
:106D3000256420464C3D256C750D0A005B45544882
:106D40005D204E6F207062756620666F722052580B
:106D50002025642062797465730D0A002DE9FE4FC9
:106D60002F4FDFF8B8802F48BA6808EB421501E0D2
:106D7000401E09D02B68002BFADBD5F808900026BE
:106D80000C464FF4BE6A19E0114627A0FCF730F814
:106D90006FF00200BDE8FE8F62899019504505D959
:106DA00029A0FCF725F86FF00100F3E709EB0600D6
:106DB0006168F9F72CFA608924680644002CEBD14D
:106DC000C6F30C006860274828600020B860F9F717
:106DD00057FD7868401C7860F86800281CDD401E6C
:106DE000F860214800232968002902DA5B1C8342ED
:106DF000F9D31E4840692968CA0F454501D00121D1
:106E000000E00021C0F30255CDE90005C0F3800485
:106E100002941748FBF7ECFF0020BBE7A0570020C7
:106E20005401002040420F005B4554485D205458F7
:106E3000206465736320256C7520737475636B2003
:106E4000284F574E290D0A005B4554485D20545881
:106E500020627566666572206F766572666C6F7704
:106E60000D0A0000000010F0A08601000090024012
:106E70005CC0000810B504464068804701F024FD5E
:106E8000094A216852688B181A1AB2F1004F03D3CD
:106E900008442246054902E0044922461846BDE856
:106EA000104001F021BD0000E4000020756E0008D4
:106EB00000BA704740BA704710B500F061FD00F0AD
:106EC00079FD00F04BFE04F059FC02F007FABDE832
:106ED000104001F031BD000018B50022ADF80020CF
:106EE00010F001030CD000290ADD10F8014B8DF8D9
:106EF0000140491E04E000BF30F8024B891E2244C5
:106F00000129F9DC002902DD00788DF80000BDF8C8
:106F10000000104481B201EB104081B201EB10403F
:106F200023B1C1B2C0F3072040EA012080B218BDEE
:106F30008EB0FAF747FDFBF70BFEEA4EB06940F062
:106F40001000B061B0694FF4005B00F010000490D5
:106F500001AA0027CDF800B001204FF0020982E815
:106F60008102E14D5C4669462846FAF7ABF80022FB
:106F700021462846FAF7B3F9C820F9F777FE01222F
:106F800021462846FAF7ABF9C820F9F76FFE002230
:106F900021462846FAF7A3F9C820F9F767FE01222F
:106FA00021462846FAF79BF9FBF702FDFBF760FD47
:106FB000CF48CE494FF4E13A0160C0E901A74FF054
:106FC0000C08C760C0E904788761C761FBF7A8F9BE
:106FD00008B172B6FEE7C64CC64D4834204625605F
:106FE000C4E901A7E760C4E90478A761E761FBF79A
:106FF00097F908B172B6FEE7BE485521001D016041
:1070000029684906FCD50D21016029684906FCD58F
:107010000A21016028684006FCD5B7A0FBF7E8FE0E
:10702000BF49C0A0FBF7E4FEC5480168C5A0FBF757
:10703000DFFEFAF745FE0146CAA0FBF7D9FEFAF7D4
:107040004FFE0146D0A0FBF7D3FE94F84110D7A025
:10705000FBF7CEFEE148E24C0168001F0268C4E97C
:107060001421E0A0FBF7C4FE04F1580A08218AF8B5
:1070700000908AF80110DC218AF80210616DE34863
:107080000A0E8AF803200A0C8AF80420090A8AF8F2
:1070900005103168890001D4401EFAD13068B0462D
:1070A0003446C0F3407170687368C0F3036532689A
:1070B000D7A0FBF79DFEE06AC0F303300090E06AC2
:1070C000E26AC0F303132946E148FBF791FE864DBF
:1070D00000245E46002231462846FAF700F9502087
:1070E000F9F7C4FD012231462846FAF7F8F8502096
:1070F000F9F7BCFD641C032CECDBD6A0FBF778FE93
:10710000D8F8141041F48041C8F81410D8F81410BD
:1071100001F480410091D8F8141041F40041C8F8FE
:107120001410D8F8141001F400410091D8F814108C
:1071300041F48031C8F81410D8F81400032400F486
:10714000803000900794CDE9059704A96648CDF8F2
:107150001090F9F7B7FF0420049004A9C648F9F786
:10716000B1FF00210120F9F729FD01210A9008460D
:10717000F9F724FD054602210120F9F71FFD0390D0
:1071800003210120F9F71AFD009010210120F9F7E1
:1071900015FD834618210120F9F710FD81461921BC
:1071A0000120F9F70BFD80462A46B448039B0A9953
:1071B000FBF71EFE43464A465946B1A0FBF718FEB0
:1071C000680701D5BEA100E0BEA1C048FBF710FED4
:1071D0004FF496784046F9F749FDBDA0FBF708FE4D
:1071E000FBF7BEFBC2A0FBF703FEC8A0FBF700FE47
:1071F0003F48CE4954384FF480420160CC49C0E941
:107200000117C0E9037247618761C761B946076228
:10721000FAF772F808B172B6FEE7C6A0FBF7E8FD10
:1072200033496F485439603004F0C4F900F034FF3A
:1072300001F0A6FAFAF75AF8694DA862E8629AF8DE
:1072400003109AF805309AF804208DE80E009AF899
:1072500002309AF801209AF80010BCA0FBF7C8FD94
:10726000C5A0FBF7C5FD41F268010320CDE900018F
:10727000012308220A21CAA0FBF7BAFDFAF736F863
:107280006860CFA0FBF7B4FDD9A0FBF7B1FD0822E1
:107290000221E0A0FBF7ACFDE2A0FBF7A9FDECA00A
:1072A000FBF7A6FD05F15800FEF7AEF9002818D04F
:1072B000ECA0FBF79DFDFEF761FBEEA0FBF798FD50
:1072C000FCF73EFE4FF4FA742046F9F7CFFCEF4985
:1072D0000220FCF7D1F9011E00DC00200222A86088
:1072E000D6E1EBE1001002400010014000380140FF
:1072F000AC160020004400400D0A3D3D3D3D3D20C0
:10730000555341525432204F4B202D204449414780
:10731000205354415254203D3D3D3D3D0D0A000057
:1073200040787D015B444941475D204853455F56A5
:10733000414C55453D256C7520487A0D0A000000EA
:10734000B40000205B444941475D20537973746564
:107350006D436F7265436C6F636B3D256C752048A0
:107360007A0D0A005B444941475D2050434C4B3144
:107370003D256C7520487A202855534152543220BF
:10738000636C6B290D0A00005B444941475D205046
:10739000434C4B323D256C7520487A20285553418B
:1073A00052543120636C6B290D0A00005B44494143
:1073B000475D206875617274322E6753746174651D
:1073C0003D256420286578706563742030783230FC
:1073D0003D5245414459290D0A000000ECF7FF1FBA
:1073E000400000205B444941475D20426F61726468
:1073F0002049442028554944293A203078253038FE
:107400006C582530386C580D0A000000400D030000
:107410005B434C4B5D20504C4C3328504C4C493214
:10742000532972656164793D256420205243435F8E
:1074300043523D30782530386C5820205243435F0A
:10744000434647523D30782530386C580D0A0000CD
:10745000F0BD00085B444941475D204D44494F2041
:1074600070726F6265206F662050485920403078F6
:1074700030312E2E2E0D0A000008014074BE000887
:107480005B50485950524F42455D20504859535423
:10749000532830783130293D307825303458205306
:1074A0005452415031383D307825303458205354AF
:1074B00052415031393D3078253034580D0A0000A2
:1074C00055500000444F574E00000000BCBE00085D
:1074D0005B444941475D2041626F757420746F20A1
:1074E000696E6974204554482E2E2E0D0A00000046
:1074F0005B444941475D204554482048414C206940
:107500006E697420646F6E650D0A00005B4449412A
:10751000475D2041626F757420746F20696E6974D5
:10752000204932432E2E2E0D0A0000000054004048
:10753000A08601005B444941475D204932432069F0
:107540006E697420646F6E650D0A00005B4E4554D1
:107550005D204D41433A20253032583A253032588B
:107560003A253032583A253032583A253032583A96
:10757000253032580D0A00005B4E45545D204950BD
:107580003A204448435020286163717569726564EC
:107590002061742072756E74696D65290D0A000092
:1075A0005B4E45545D205365727665723A202564C2
:1075B0002E25642E25642E25643A25640D0A0000CC
:1075C0000D0A3D3D3D3D3D3D3D3D3D3D3D3D3D3D4E
:1075D0003D3D3D3D3D3D3D3D3D3D3D3D3D3D3D3DDB
:1075E0003D3D3D3D3D3D3D3D3D3D0D0A0000000022
:1075F00020204254434D696E65724D532046313010
:107600003756435436202B20445038333834380D05
:107610000A00000020204657207625642E25640DA0
:107620000A0000003D3D3D3D3D3D3D3D3D3D3D3D74
:107630003D3D3D3D3D3D3D3D3D3D3D3D3D3D3D3D7A
:107640003D3D3D3D3D3D3D3D3D3D3D3D0D0A000047
:107650005B5359535D2045544820696E69742E2E42
:107660002E0D0A005B5359535D20455448204F4B63
:107670000D0A00005B5359535D20424D31333636BD
:1076800020696E69742E2E2E0D0A000000004843FA
:1076900065A0FBF7ADFB6EA16FA0FBF7A9FB42F263
:1076A00010784FF47A7AA346F9F720FE0446FEF7E5
:1076B000C3F80028E86814D038B135E06DA0FBF7B6
:1076C00097FB4046F9F7D2FAFBE70120E860A5F8FE
:1076D00002906FA0FBF78CFB01F092F801F0B6F876
:1076E00009E050B1C5F80C90A5F80290FEF7BEFB7A
:1076F0006BA0FBF77DFBE868B0B9FDF77DFF98B1A3
:10770000286A201A50450FD941F2680703212C62DC
:10771000CDE90017012308220A2169A0FBF768FBC5
:1077200039467148FDF7D4FCFEF7A8F800F07EFE5C
:10773000FCF70CFDA86A4746201AB84202D3AC6297
:1077400000F0AAFCE86A201AB0F5FA6F06D3EC62E2
:1077500001F016F8E86860B101F078F8E86840B127
:10776000686A44F62061201A884202D96C6201F0EE
:1077700047F8686B201AB84243D90DA86C63FDF72F
:107780002FFFFEF76DF80290FEF764F80190FEF708
:1077900059F810B1AFF2D82701E0AFF2D827A868A6
:1077A00008B1FBF75DFFB4FBFAF1504A5269DDE91D
:1077B000013CCDE907C2CDE90573AA680AB14CA323
:1077C00000E04CA3EA680AB14BA700E04CA79DF883
:1077D0003720CDE90330CDE901279DF83600009030
:1077E0009DF835309DF834204748FBF701FB47F200
:1077F0003050B4FBF0F100FB1140504501D2FEF7D0
:1078000035F8286B201A58457FF64EAF2C63E86890
:1078100028B1002231463D48F9F761FD44E7314681
:107820003A48F9F754FD3FE75B5359535D20424D09
:10783000313336363A2025642F2564206368697019
:107840002873292064657465637465640D0A0000FB
:10785000454E41424C4544005B5359535D204A6FAD
:10786000622064697370617463683A2025730D0A3D
:10787000000000005B4552525D2045544820696E6F
:107880006974204641494C4544210D0A000000001E
:107890005B4E45545D20544350204F4B0D0A000071
:1078A0005B4E45545D2054435020646F776E2C200E
:1078B00077696C6C2072657472790D0A00000000A3
:1078C0005B4E45545D20436F6E6E656374696E67F1
:1078D0002025642E25642E25642E25643A25642EE9
:1078E0002E2E0D0A000000005C00002000900240D7
:1078F0004F4B00004F464600434F4E4E00000000E5
:1079000057414954000000007CBF000800100140AE
:10791000F0B50B30154D20F007010024144A0FE09C
:1079200003688B420BD38B4205D95E1A4318476814
:10793000C3E9006700E04368136002C004E0021D71
:1079400010680028ECD12046002802D1286808B130
:107950000020F0BD064A07481060074A121A22F0BC
:107960000702C0E9002401202860D7E77001002049
:107970006C0100207475002070770020FEF724BE93
:10798000704710B5FFF7C4FF040003D100F06EFF8D
:1079900000F06EFF204610BD70470000072806D299
:1079A000002904D0024A52F82000FDF771BB70474D
:1079B000A4BB000830B5064D002400BF55F82400D4
:1079C00000F008F8641CA4B2072CF7D330BD000007
:1079D000A4BB00088268002111600022416807E012
:1079E0008368521C1B680B60836819600388194404
:1079F00043889342F4DC7047072801D30020704786
:107A0000024951F82000FDF751BB0000A4BB00085B
:107A10002DE9F0410400DDE90770069E1FD0F7B1A3
:107A200001B9224902B9214A03B9204B00256560FA
:107A3000A560DFF87CC0C4F814C0E560258584F833
:107A40003150C4E907651B4E96F800C084F834C075
:107A50002061204600F098F82046B84710B1002079
:107A6000BDE8F081D6F8042094F83400FF2801D155
:107A700084F83450104694F834100AE090F834300A
:107A80008B4205D1491C84F834100028ECD102E067
:107A900000680028F2D1C8B2FE2805D0401C307022
:107AA000226020467460DBE73570F9E734BC0008DB
:107AB000837B0008D400002070B50C46054601F019
:107AC000DFFE21462846BDE8704003F025BF0A6866
:107AD000C3689A4204D001B90022C26001207047F5
:107AE0000020704738B505460C460868696888422A
:107AF00012D0206800906868106069461046FFF751
:107B0000DBFF3CB1206868600121284600F027F8BF
:107B1000012038BD0020F6E7002038BD0A688368E0
:107B20009A4204D001B900228260012070470020EF
:107B30007047000001000CD00748406807E000BF14
:107B400090F83420521CD2B28A4203D00068002838
:107B5000F6D1002070470000D400002070470A468C
:107B600090F831104B070BD5CB0709D0D20707D0BF
:107B70004268002A04D0090702D5011DFEF7D6BBD2
:107B800070476FF00B0070472DE9F84F4FF0000978
:107B90001D4616460C008246C84600D1114C06B957
:107BA000104E05B90F4DACB1206898B100274A4678
:107BB00031465046FFF7B2FF424629465046FFF78E
:107BC00086FF002F04D16A4621465046FFF78AFF00
:107BD000BDE8F88F01276A4621465046FFF782FF2D
:107BE000E5E7000034BC00080149886070470000E8
:107BF000D4000020002807D090F831104A0703D5A0
:107C000001F0FB0180F83110704710B5040010D06E
:107C100094F8310041070CD440F0040084F831009E
:107C20002046FCF77BFD2046BDE810400321FFF70E
:107C300096BF10BD00280AD090F83110CA0706D1AF
:107C400041F0010180F831100321FFF788BF704730
:107C5000401E80B240EA500040EA900040EA101016
:107C600040EA1020401C80B270470022AFF3008031
:107C700030B5F0B1B1F5803F1BD279B104898BB238
:107C80001C44A4B29C4214D3057B2D0608D542683F
:107C9000511A00F1100291420BD304E0002030BDD4
:107CA0003AB14268511A41604189194441810481C5
:107CB000F4E7012030BD00002DE9FC5F0646904648
:107CC0000C461046012A0AD0412808D04FF0000B7C
:107CD000B0F5C17F09D0B2F5207F50D138E002461F
:107CE000002000F051F8054646E00025A9460F4661
:107CF0000620FFF781FE04001CD0A6F2F45040429B
:107D000080B2B84200D938468246CDE9008BA1192D
:107D100053463A462046103100F064F9B5B1C9F82F
:107D20000040A7EB0A000704A1463F0C4FF00006F5
:107D3000DED121E000F09AFD124A0121117000F01D
:107D400097FDE5B1284600F0FEF818E02546E8E783
:107D5000311901F11000A14211D3A0420FD3FFF756
:107D600010FE05000BD0CDE9008BA91923461A4659
:107D70002846103100F036F92846BDE8FC9F002067
:107D8000FBE70000E00000202DE9FC410746154616
:107D90000E460520FFF730FE04004FF0000008D02B
:107DA000CDE9005033461A463946204600F01AF90C
:107DB0002046BDE8FC8110B500280FD000290DD069
:107DC00004E003890C892344038110460268002AD9
:107DD000F7D102890B891A440281016010BD10B5E8
:107DE0000C46FFF7E8FF2046BDE8104000F02FB931
:107DF000002102E0491C006889B20028FAD1084637
:107E0000704770B514460A462189FFF755FF0500F3
:107E100004D0214600F004F8284670BD002070BD53
:107E200019B10A89002300F036B86FF00F007047CF
:107E30002DE9F047002716468946B846002805D0A8
:107E4000B9F1000F01D0044620E00020BDE8F08722
:107E50002BB16089984202D8181A83B215E0608964
:107E6000C01A85B2B54200D9354660682A46C118A5
:107E700009EB0700F8F7CBF908EB05001FFA80F8CB
:107E8000781987B2701B86B2002324680EB1002CCB
:107E9000DED14046DAE72DE9F05F90460C0005465A
:107EA0001E464FF000076FF00F0A35D0218941457B
:107EB00032D38DB3298906EB080081422CD36FF0B1
:107EC000050B6889811B6089C01B814200D208466E
:107ED0004146804500D20846814660684A46C1193D
:107EE00068683044F8F793F9A8EB09001FFA80F8A6
:107EF00060894F444E44B84205D82468002714B91D
:107F0000B8F1000F08D16889B04208D12D68002669
:107F10002DB9B8F1000F02D05046BDE8F09F2CB14A
:107F200060892189884201D1206830B93DB16889D2
:107F30002989884203D1286808B15846EDE75FEAED
:107F40000800BED1E9E770B504000AD0002500F0B2
:107F50008DFCA17B491ECEB2A67300F089FC16B140
:107F60001AE0002070BD207B266800F00F00022878
:107F700003D0012804D040B10AE02146062001E0E8
:107F800021460520FFF70AFD02E02046FFF7F6FC38
:107F90006D1CEDB23400DAD1284670BD10B500F08A
:107FA00065FC094A0021117000F062FC0748006876
:107FB00006E0416F19B1BDE8104001F071B9C06829
:107FC0000028F6D110BD0000E000002008010020CC
:107FD0000122AFF30080002902DA494200F044B8E0
:107FE000FFF746BE70B50024DDE90456C0E9004144
:107FF000028143810573467301218173C47370BD8F
:1080000070B502898A4221D9521A92B20D460446AD
:1080100005E0281A85B22089801A208124686089A9
:10802000A842F6D3207B000708D16089A84205D07A
:108030006068001B41192046FFF7AEFC6581258171
:10804000206808B1FFF77FFF0020206070BD10B5E9
:10805000040008D000F00AFCA17B491CA173BDE814
:10806000104000F005BC10BD10B538B1B1F5803F2F
:1080700004D229B143898AB2934203D2012010BDB0
:10808000002010BD446821444160991A4181018952
:10809000891A0181F4E7000010B50D4C207820B951
:1080A00004F1600003F08AFA20706178C0B2814266
:1080B0000CD030B106486030017906A0FAF798FE7E
:1080C00002E00DA0FAF794FE2078607010BD000069
:1080D000400000205B4932435D20544D5031303721
:1080E0003520403078253032583A20646574656315
:1080F0007465640D0A0000005B4932435D20544DF5
:1081000050313037352040307834382D307834468F
:108110003A206E6F742064657465637465640D0A3B
:10812000000000002DE9F0410F46054614460229E3
:1081300010D3D4211046F8F791F828782070687889
:108140000226411E6070042904D2522101EB401026
:10815000B84202D90020BDE8F08100270AE004EB14
:108160004710A9192022801CF8F751F820367F1CEF
:10817000B6B2FFB26078B842F1D8A81900F04CF955
:10818000361DB6B2C4F88400A919202204F1880073
:10819000F8F73DF82036B6B2A919202204F1A8005C
:1081A000F8F735F82036B6B2A81900F035F9361DC3
:1081B00044F8C80FB6B2A81900F02EF9361D606059
:1081C000B0B2284400F028F9A0600120C3E730B520
:1081D00010B10AB1082901D0002030BD00210B46A2
:1081E0000C461B02055D43EA1163641C45EA01214C
:1081F000082CF6DBC2E90013012030BD022901D2B0
:1082000000207047008840BA108001207047042980
:1082100001D200207047018849BA1180408840BAD5
:1082200050800120704710B51446042901D2002067
:1082300010BD00F0F1F82060012010BDF0B505463A
:10824000A1B016460F460846F8F713F884B2782C0A
:1082500000D978248DF80050224639460DF10100EE
:10826000F7F7D5FF641CA2B233466946FF20FBF73F
:1082700057FF21B0F0BD38B50D4604460188684669
:1082800003F01EFC61880DF1020003F019FC2B467F
:10829000042269460D20FBF743FF38BD38B50C4674
:1082A0000168684603F010FC2346042269460B204F
:1082B000FBF736FF38BD7FB504460D46D4E90023F1
:1082C000684603F009FC207A8DF8080061890DF1F9
:1082D000090003F0F5FB207B8DF80B00E18903A872
:1082E00003F0EEFB218A0DF10E0003F0E9FB2B46B3
:1082F000102269460420FBF713FF04B070BD1CB5C3
:10830000D0E900230C46684603F0E6FB234608222A
:1083100069460920FBF704FF1CBD000070B586B05C
:10832000044600780A9D8DF8000060788DF8010001
:108330006E46B01C616803F0C7FBB01DA16803F076
:10834000C3FB094800684FF47A71A0FB01230DF1CB
:108350000A0003F0C1FB2B46122269460220FBF7FC
:10836000DFFE06B070BD00004400002070B586B08E
:10837000044600788DF8000060788DF80100A07840
:108380008DF80200E0788DF803000E46A1886D4656
:1083900001A803F095FBA81DA16803F095FB0DF162
:1083A0000A00E16803F090FB218A0DF10E0003F052
:1083B00087FB618A04A803F083FBA18A0DF11200F8
:1083C00003F07EFB3346142269460720FBF7A8FE24
:1083D00006B070BD2DE9F0410746002010801D4613
:1083E00014460E461880042911D3384600F014F8BC
:1083F000411E40F2FC72914203D34FF6FF70208081
:1084000005E0001D208029802088B04202D900208C
:10841000BDE8F0813879FBE70188827849BA090420
:10842000C07841EA02210843704700002DE9F0437B
:10843000BBB0FDF701FA764C4FF0000888B16088B8
:10844000744EC0F5006189B23044FDF7F5FC002898
:1084500002DD6188084460806088002803D0002520
:10846000B9E0A4F802803BB0BDE8F083401B81B2C4
:108470007019074638AB39AAFFF7ACFF0146BDF8C3
:10848000E400A0F57F42FF3A0DD0002974D07F1D93
:10849000B946092978D008DC01290FD005293BD03D
:1084A000082906D16AE05CA0AEE00A2951D00C2967
:1084B00042D067A0FAF79CFC00277EE003AABDF833
:1084C000E0103846FFF72EFE002841DD5148D42247
:1084D00003A9D438F7F79BFE0120A06124982061FE
:1084E0009DF80C10624BC1F3C302249835AF43F8DA
:1084F000220097E80D00CDE9002002939DF80D20A1
:108500005C48249BFAF774FC03A8FBF7D7FBA06830
:1085100000285CD158A058E06A46BDF8E010384603
:10852000FFF775FE002852DDBDF80220BDF80010EF
:108530005CA0FAF75DFC07E06A46BDF8E01038463B
:10854000FFF75CFE002842DDBDF80000FAF7FAFEF6
:108550003DE06A46BDF8E0103846FFF764FE0028AB
:1085600035DD00986061A16809B1FBF7B5FC56A044
:108570006169FAF73DFC2AE032E005E06A465BA15A
:108580002120FFF75BFE0AE004AABDF8E0103846A0
:10859000FFF71DFED8B1694604A8FFF7B0FE010041
:1085A00015D06846FDF764FC11E000BF19F807100C
:1085B0005CA0FAF71DFC7F1CBFB2BDF8E0001028DC
:1085C00000D91020B842F1D820A0FAF711FCBDF86C
:1085D000E400284485B26088291D81427FF646AFB9
:1085E000608865B1401B0204120C62803FF43BAF0F
:1085F0003BB07119BDE8F0430648F7F708BEB0F587
:10860000006F7FF430AF49A0FAF7F2FB29E70000D2
:1086100040000020101800205B5443505D20496E3C
:1086200076616C6964206672616D65206C656E6749
:1086300074683B2064726F7070696E672062756643
:1086400066657265642073747265616D0D0A000061
:108650005B5443505D20556E6B6E6F776E2074795E
:108660007065203078253032582C206865783A00C3
:10867000D015002024BF00085B55415254312D54C1
:108680004553545D204A6F6220666F727761726451
:10869000656420776974686F757420415349430D90
:1086A0000A0000005B504152414D5D2066726571C9
:1086B0003D2564204D487A20766F6C746167653D76
:1086C0002564206D560D0A005B4D41534B5D2076AD
:1086D000657273696F6E206D61736B2073657420B2
:1086E000746F203078253038580D0A0054505335B7
:1086F0003436443234412072656D6F7665643B20B8
:1087000041534943207261696C2069732065787414
:1087100065726E616C6C7920636F6E74726F6C6CD5
:108720006564000020253032580000005B5443503F
:108730005D2052656365697665206672616D6520AE
:1087400065786365656473206275666665723B2053
:1087500064726F7070696E672073747265616D0DFD
:108760000A0000000246002001464006030E02F007
:10877000010018435208491C0829F6DB7047000025
:108780002DE9F8434FF00008ADF800801821194892
:10879000F7F764FD184E174C307838B3694606F188
:1087A000600002F023FF050006F1600703D0BDF86A
:1087B000000020820CE038791423410001220F4888
:1087C000F8F770FE20B186F8008087F804800DE08D
:1087D000307818B1217841F0020121701DB1217863
:1087E00041F00801217008B1387900E00020A07044
:1087F000BDE8F8831020002040000020581600201B
:1088000000B597B018220F4910A8F7F700FD0E48E1
:10881000D0E91412CDE91012007A8DF84800FAF769
:1088200025FFADF84E00FAF70FFFADF8500069468E
:1088300010A8FFF740FD010002D06846FDF718FBC5
:1088400017B000BD00BB00084000002000B589B093
:1088500069460548FFF78AFD010002D06846FDF72A
:1088600007FB09B000BD0000102000200020704769
:10887000704700002DE9F04700F026F8104E114C2B
:1088800005464FF00047307808B1FFF787FB2168B5
:10889000002912D048682A1ABA420ED20A68226009
:1088A000D1E9028960600420FFF778F8B8F100028E
:1088B000E9D0484611468847E5E7BDE8F087000063
:1088C000E0000020E4000020F8F710BD70B5154668
:1088D0000E460446FFF7F8FF20442A463146BDE81D
:1088E000704000F001B8000070B5044615460E4611
:1088F0000420FFF781F800280ED00021C5600D4A42
:1089000080E85200116831B14B68E51A4FF000431E
:108910009D420AD30160106070BD5568651B9D4281
:1089200002D30260086070BD11460A68002AF8D0C0
:10893000F3E70000E400002070B5074D012400BFFC
:1089400005EBC40255F834000449FFF7BFFF641C6F
:10895000042CF5D370BD0000C0BB0008756E000884
:108960002DE9FE4F040060D0207D0A283CD0002570
:10897000DFF8BC80D4F850B0D4F824A0D4F810901C
:10898000D4F890602F4670B30D46E78A214608F16F
:10899000180001F08EFA012188F80010206F08B14C
:1089A00002F03AF9E06E08B102F036F9606F08B1F2
:1089B00002F032F955B1208B211DCDE90017234675
:1089C000029052465946184602F0B4F8204600F08C
:1089D00033FC002E29D003B04846B446BDE8F04F22
:1089E0006FF00C01604709E0114821461C3001F08E
:1089F00060FA2046BDE8FE4F00F01EBCE08A002869
:108A0000CCD0D8F81000A0420AD1C068C8F8100035
:108A100008E0C168A14202D1E168C16002E00846F5
:108A20000028F6D10020E060B8E7BDE8FE8F000026
:108A3000F00000200121FFF793BF00002DE9F04175
:108A400006460120FEF7D8FF454D04005BD1A8691A
:108A500009E0418BC4680A0704D521F0080141836D
:108A600000F068FA20460028F3D100221146EC6895
:108A7000E86906E0036AE31A934201D31A46014605
:108A8000C0680028F6D111B10846FFF7D3FF0120D6
:108A9000FEF7B2FF040036D1092000F04FFE01209E
:108AA000FEF7AAFF04002ED1082000F047FE0120A7
:108AB000FEF7A2FF040026D17F2E01D97F2001E01E
:108AC00030001BD0401EC2B200231946EC68A869D2
:108AD0000EE0477D974206D309D1D0F820C0A4EB21
:108AE0000C0C9C4503D3016A3A46631A0146C068E0
:108AF0000028EED111B10846FFF79CFF0120FEF7D8
:108B00007BFF040029D0A421F7F7A8FB667541F28A
:108B1000D060A4F86400608520854021E1724FF4A4
:108B2000067161860621A4F84010E187C91F2186DD
:108B30000121A4F84810E9682162A978A177A4F876
:108B40004A000848C4F884000748C4F8940007485D
:108B5000C4F898000920C4F89C002046BDE8F081C4
:108B6000F000002067A9000800DD6D00F824010076
:108B70002DE9F0410D0004464FF0040300D11E4DD5
:108B80002CB1207D30B16FF00500BDE8F0816FF0B1
:108B90000F00FAE732B1194E002100BF56F821004C
:108BA000006817E000F0A6FE020018D1801EECE776
:108BB000C78A97420DD148B107683FB135B1D5F8A2
:108BC00000C0BCF1000F01D0674502D16FF0070073
:108BD000DBE7C0680028EBD1491C9942DEDB15B108
:108BE000286800B120600648E2820169E160046102
:108BF00002F04EFA0020C8E734BC000824BC00088C
:108C0000F00000207CB51F4D16000C460AD011461E
:108C10001DA0FAF7EDF80020A860E86001F0D2FF8F
:108C200030467CBD0120A860608B40F0400060832E
:108C300014482A882030C178CDE900128378427820
:108C4000017818A0FAF7D4F81F49204601F086FEF3
:108C50001E49204600F0B5FA02221D49204601F0C7
:108C600050F9607A40F00800607242F21070C4F867
:108C700094004FF4FA60C4F898000320C4F89C00F4
:108C8000CEE700001C0000205B5443505D20436F82
:108C90006E6E656374206661696C65643A20256454
:108CA0000D0A00005B5443505D20436F6E6E656398
:108CB00074656420746F2025642E25642E25642E2F
:108CC00025643A25640D0A00158D0008D58C00082E
:108CD000118D000810B505A0FAF78AF80B4800219D
:108CE0008160C160BDE8104001F06CBF5B5443502F
:108CF0005D204552522063616C6C6261636B3A2067
:108D00006572723D25640D0A000000001C00002001
:108D1000002070472DE9FF5F294C16464FF0000BED
:108D20004BB946B1B6F808A0A788DFF898C0154639
:108D300000206B6835E024A0FAF75AF85D46C4F8C5
:108D400008B001F03FFFE06838B1019800F05EF82C
:108D500010B10198FFF76EFEE560002004B0BDE899
:108D6000F09F628802F10109C9F30B01B94211D1E8
:108D70001CA0FAF73DF83046FFF7E5F8C4F808B054
:108D8000C4F80CB001F01EFF0198FFF753FE6FF01E
:108D90000C00E3E713F800800CF80280401C6180AF
:108DA00080B269898142DCD82D68002DC0D151463E
:108DB000019801F0EEFD3046FFF7C5F8CDE7000061
:108DC0001C000020D00500205B5443505D20436F01
:108DD0006E6E656374696F6E20636C6F7365640D8E
:108DE0000A0000005B5443505D2052582072696EA7
:108DF00067206F766572666C6F773B207265636F74
:108E00006E6E656374696E670D0A000048B1017D7E
:108E1000012903D0418B41F010014183012100F071
:108E200003B86FF00F007047FEB504460127007DC0
:108E30003D4D002681B3042801D0072831D1A16F10
:108E400021B9218DA1F5B052D03A2AD0228BE18AE6
:108E5000201D8DE8070023461846626A216D01F047
:108E600069FE204601F002F8A869A04209D1C06855
:108E7000A86108E0C168A14202D1E168C16002E0D6
:108E800008460028F6D12948E6602F700068A04205
:108E900003D102F05BF93DE003E0204600F0CCF99D
:108EA00038E040B101281AD0022835D02046BDE86C
:108EB000FE4000F03FB8E08A0028EED02869A042CA
:108EC00009D1C068286108E0C168A14202D1E16807
:108ED000C16002E008460028F6D1E660DDE7144BE9
:108EE000012100BF53F821002246006804E0C56F4D
:108EF000954200D1C667C0680028F8D1491C0429F2
:108F0000F0D309481146143000F0D3FF2146022067
:108F1000FEF744FD0020FEBD03482146183000F056
:108F2000C8FF2F70B9E70000F000002030010020DA
:108F300024BC000870B50546007D0526032804D032
:108F4000042802D0072816D106E0284601F090FE3A
:108F5000040006D12E7509E0284601F089FE0400C0
:108F600002D0601C09D004E009202875284600F0D2
:108F700033FD204670BD002070BD688B40F00800B6
:108F80006883F8E72DE9F04704001E466FF00F00F4
:108F900005D0002903D0207D18B16FF00900BDE88D
:108FA000F087086860602283207A10B1FEF7C2FD66
:108FB00002E0201DFDF7F0FD05006FF003010BD06E
:108FC000206818B9281D07D000682060B4F8168002
:108FD000B8F1000F02D005E00846E0E700F08AFC97
:108FE000E08238B3204600F0B5FC4FF00009C4F829
:108FF00024902065401E6064A065E06541F2D06069
:1090000060852085C4F82C90A4F860004FF40670A9
:109010006086221D294600F081F860860127A4F8A9
:10902000487002212046C4F8886000F086F80600E7
:1090300003D022E06FF00100B1E70220104D20754F
:10904000B8F1000F10D02869A04209D1C06828618A
:1090500008E0C168A14202D1E168C16002E00846AF
:109060000028F6D1C4F80C90A869E060AC6102F069
:109070000FF82F70204600F0AFFC30468FE700005D
:10908000F00000202DE9F0470746DDF820809A46E1
:1090900091460D465FEAC87001D0042600E0002624
:1090A0000320FEF7A9FC040013D084F80A804FF0D7
:1090B0000008C4E9008528891421801B20812846E6
:1090C000FEF7D3FD48B1204601F098FD0020BDE831
:1090D000F0872846FEF737FFF8E760684068E060F1
:1090E000F88AFDF7E7FEE1680880388BFDF7E2FEBD
:1090F000E16848805046FDF7DBFEE1684860B00853
:10910000000300F5A04040EA0900FDF7D3FEE16846
:109110008881E1682046A1F81280D8E700290BD0A9
:10912000098D002908D0282902D928398AB200E0FF
:109130000022904200D310467047F8B5044600273D
:109140000D46880700D50127F80701D0042100E06B
:1091500000214FF420723820FEF7AEFD01004FF0E1
:10916000FF360AD000972A462046E36DFFF78AFFB4
:10917000010002D0E06E30B108E0608B40F080006A
:1091800060833046F8BDE16604E010460268002ABC
:10919000FBD101600020A4F86800A80702D0E06DB0
:1091A000401CE065E80703D0608B40F0200060833E
:1091B0004868FEF71DFE34F8661F08442080002032
:1091C000F8BD002801D0C0F89010704770B5194D57
:1091D000A878401CA870AC6928E0A17FA8788142DB
:1091E00023D0A077608BC10709D040F002006083D4
:1091F000204600F0F1FB608B20F00300608380B21A
:10920000010705D520F0080060832046FFF792FE95
:10921000E668A06F38B100202870204601F038F8C9
:1092200028780028D7D1344600E0E468002CD4D157
:1092300070BD0000F000002001460120FEF7AEBB2B
:109240002DE9F0410C460746144E10E02546D5E9BD
:109250000040FEF7CDFDB7F86610081AA7F86600C3
:109260002889318908443081284601F0C7FC8CB137
:10927000E0684068FDF71CFE0546E0688089FDF760
:1092800019FE800700D00120218928440844B169D3
:10929000081ADBD52046BDE8F0810000100100204F
:1092A00010B50446406F002803D001F0B5FC002043
:1092B000606710BD0849C888421CCA800A6912B19B
:1092C0008B88984203D2C9681431085C7047C01A71
:1092D000C0B2105C704700001001002010B5F8F714
:1092E00005F80549096848400449C0F30D0000F538
:1092F0004040888010BD0000E8F7FF1FF00000200C
:109300002DE9FF5FEA4E05464068F0606889142841
:109310007ED3DFF8A093D9F80010D9F81400FDF738
:10932000CEFA002874D199F81400C0F303100E2867
:109330006ED009F1140003900090031F2A890621C2
:1093400028460193FDF758FC0028EBD1F06880898E
:10935000FDF7B0FD000B81001429D9D3288988427C
:10936000D6D3A1F1140080B270804FF0000AC6F885
:1093700010A06A898A4204D3B0802846FEF774FEA2
:1093800017E014212846FEF76FFE6989B1807088C6
:10939000401A84B22846FEF767FE28684189A14238
:1093A000B6D3416831612146FEF75EFE2889001B75
:1093B0002881F0680088FDF77DFD0146F068018096
:1093C0004088FDF777FD0146F06841804068FDF771
:1093D0006FFD0146F068416071618068FDF768FDCE
:1093E0000146F0688160B161C089FDF763FD014607
:1093F000F068C1818089FDF75DFD00F03F003070AD
:1094000029897181820706D04A1C92B2728100E0DC
:109410007DE091427BD8DFF8A082D9F810E0D9F83E
:1094200004B0D8F80030F168D9F8147000221C4656
:1094300000974BE0277A3FB19BF834C00CF1010C48
:109440000CF0FF0C67453FD1278BB1F800C0674592
:109450003AD1E78AB1F802C0674535D1D4F804C0E3
:10946000F44531D1D4F800C0009FBC452CD122B1C5
:10947000E768D760E360C8F800404CB3DFF83C927F
:1094800057460007C9F800A02B89A9F80830C9F889
:109490000450C9F80C10C6F81CA086F801A0A6F864
:1094A00008A003D5687B40F001006873A06F78B313
:1094B000204600F0EDFE0D3003D0A06F40B3708960
:1094C00030B3608DF0B3CAE02246E468002CB1D11D
:1094D0007B48D9E904280068D9F804401AE0037AE7
:1094E0002BB194F834707F1CFFB2BB4211D1038BB7
:1094F0000F88BB420DD1C38A4F88BB4209D1436854
:10950000934206D10368434503D101F0DBFDC8E077
:1095100031E0C0680028E2D16A4F0022B2463868C4
:10952000034618E0067A3EB194F834C00CF1010C01
:109530000CF0FF0C66450CD1C68AB1F802C0664536
:1095400007D100E013E00668464507D0002804D0A4
:109550002EB10246C0680028E4D18CE0F0B31AB105
:10956000C168D160C360386000F006F999E0204618
:1095700001F05BFB73E02046346200F0C9FC0D3063
:109580006DD07078354600070ED5D4F890201AB10A
:109590006FF00D01206990472146474800F089FC93
:1095A0002046FFF749FE5AE02A8942B1D4F88030BC
:1095B00023B12146206998470D3050D02F81204695
:1095C00000F082F8F0BBE86910B3A17EC90606D5A9
:1095D000FEF7B9FC2046FFF72DFA40E04BE0D4F847
:1095E00084C0BCF1000F07D0D4F8108002460023DD
:1095F00021464046E04705E0002302462146184642
:1096000001F0B1F910F10D0F29D008B1E869A06798
:10961000687880061BD5A06F20B1417B41F0200106
:10962000417314E0208DA0F5B051D03901D0401C19
:109630002085D4F884C0BCF1000F08D000231A465E
:10964000214600E00BE02069E0470D3007D02046BE
:109650002F6200F039F810B9204600F0BDF93762EA
:10966000F761D9F804004C46002802D0FEF76BFCE5
:109670006760BDE8FF9F54468889FDF71BFC4007E3
:109680000FD4E068039B018842880198CDE900026D
:109690000291618960694218D9F80400A16901F05A
:1096A0007AFA04B02846BDE8F05FFEF74CBC000033
:1096B0001001002088560020080100207856002064
:1096C0000C0100200401002010B504460C4840782D
:1096D000C00612D5A07EC00606D4D4F890201AB1D8
:1096E0006FF00E01206990472146064800F0E1FB2B
:1096F0002046FFF7A1FD012010BD002010BD000095
:10970000100100200801002070B50446006D0025FE
:10971000401EFDF7CDFB034600222946204600F0FF
:1097200057FA010006D02246231DBDE870401046BE
:1097300000F098BA4FF0FF3070BD000030B40D4B10
:10974000044600210846DD689A6909E0137DA342BA
:1097500005D1136AEB1A8B4201D319461046D26821
:10976000002AF3D1002803D030BC0021FFF7F8B85D
:1097700030BC7047F0000020FEB53D4D064628780D
:10978000410713D43B4FC10611D5E86807F1100219
:1097900007F11403018840880092CDE9010169892D
:1097A000686942187868A96901F0F5F9FEBD80077B
:1097B000FCD5707DFFF742F9040048D0786920603D
:1097C00038696060F08AE082E868008820830320BE
:1097D00020756869401C6062E062204600F0BAF8BB
:1097E000A06520656064E0656869401E6065306959
:1097F000E6672061707A00F00C006072307A2072A7
:109800001D480168E160046001F042FC1B49012031
:109810000870204600F0CAFAE868C089A4F8600021
:10982000A4F86200201DFDF7B7F90146608E221DE5
:10983000FFF774FC608612212046FFF77EFC88B19A
:1098400003B02046BDE8F0400021FFF789B8B369B6
:10985000002BABD0306903B04FF0FF32BDE8F040D1
:10986000002118472046BDE8FE4000F0B5B80000D2
:10987000100100208856002008010020F000002080
:1098800070B50D4604001DD0206800281AD00E4E79
:109890002046B16900F01AF82046316900F016F848
:1098A000002D0FD0286800280CD006F114000268A3
:1098B00006E010682168884201D128681060D268EB
:1098C000002AF6D170BD0000F000002070B50546FA
:1098D000084609E001682A68914204D1C468FFF78C
:1098E000A9F8204600E0C0680028F3D170BD4020F0
:1098F000FFF7A4B8F0B5154D154A00234FF6FF76D3
:109900004FF440474FF4804E9088401C80B29080C6
:10991000B04200D19780B2F80440002055F82010E2
:1099200009680AE0B1F816C0A44505D15B1C9BB2DA
:109930007345E9D30020F0BDC9680029F2D1401C6D
:10994000C0B20428EAD3A0B2F0BD000024BC0008D5
:10995000F00000200249D1E90202104488607047FB
:10996000F000002070B50546C0680C468089FDF700
:10997000A1FA184EC00715D0204601F04DF9002479
:1099800025E08089FDF796FAC00707D00120FDF792
:1099900091FA0146E8688289114381812046246852
:1099A00001F02CF99CB1E068228973694168114487
:1099B0002A891A44511AE4D52A8940681A44821A1D
:1099C00005D5C01A81B229816868FEF719FB2C60A1
:1099D00070BD0000100100202DE9F05F04467B48B7
:1099E0000068A04202D10020BDE8F09FB4F86010EA
:1099F000B4F84800814200D20846E56E81466DB158
:109A00002146221D084601F08DF85FEA000A6FF03A
:109A100003012ED054B1206840B10CE0A07E800735
:109A20007ED52046BDE8F05F01F0FFB81AF10400D2
:109A30001FD000682060E8684068FDF739FA616C63
:109A4000401A2989421800204A4514D9B4F86020E8
:109A50004A45E3D1216F0029E0D194F8A1100029F3
:109A6000DCD184F8A000012184F8A11084F8A200C0
:109A7000D4E70846B8E784F8A100266F83460EB9FC
:109A800090E0064630680028FBD18AE0E8688089CB
:109A9000FDF710FA206FA8B1618B11F0440F11D1BE
:109AA000E06E28B102686AB90089628E904209D2DC
:109AB000B4F8640030B1B4F86600102802D211F096
:109AC000A00F7AD0207D022807D01020FDF7F2F9F0
:109AD0000146E86882891143818152462146284621
:109AE00000F0FEF820B1618B41F0800161837BE7DB
:109AF0002868E066207D022803D0608B20F00300F8
:109B00006083E8684068FDF7D3F90746E868808914
:109B1000FDF7D0F9800700D001203844298900E002
:109B20004FE00844216D091A00D52065E868808956
:109B3000FDF7C0F9800700D001202989C8422CD048
:109B4000C5F800B0206F68B1E8684068FDF7B0F96B
:109B50000746F0684068FDF7ABF9381A1AD504F1EA
:109B6000700003E0256716E0D8F800008046006822
:109B700050B1C0684068FDF79BF90746E868406847
:109B8000FDF796F9381AEFD4D8F800002860C8F825
:109B9000005005E035602E4602E0284601F02EF820
:109BA000E56E55B1E8684068FDF782F9616C401ACE
:109BB0002989014449457FF669AFE06E08B9A4F8E8
:109BC00068B0608B20F0800060830CE730010020DB
:109BD0002DE9FF410446478D058BC08A10268DE88C
:109BE000E100606A00F009F8002803D0628D616A24
:109BF0001144E16204B0BDE8F0812DE9F05F8346D5
:109C000088180E46DDE90B98143081B21F464FF4D8
:109C100020722420DDF828A0FEF74EF805001ED0A3
:109C200050466C68FDF746F920804846FDF742F93A
:109C3000608067605846FDF73BF9A060B0080003FC
:109C400000F5A04080B240EA0800FDF733F9A0819A
:109C50000D98FDF72FF9E0810020208260822846D0
:109C6000BDE8F09FF8B515460E461C4607461A4655
:109C7000294600F057FF38B1009023462A46314666
:109C8000384600F007F8F8BD3046FEF75CF96FF093
:109C90000300F8BD2DE9FE434F68DDF828809146AA
:109CA00000930D461E4604460A894B460621284667
:109CB000FCF7A2FF388214B1E37AA07A01E04023D6
:109CC000002006228DE80501324649462846FCF769
:109CD000EBFE04462846FEF736F92046BDE8FE8333
:109CE000FEB516460C46054600F058F808B10020AF
:109CF000FEBD606AFDF7DCF8E9688860608DFDF7FD
:109D0000D9F8E968C881618D606A0844E062EF684B
:109D1000A87A1437C0070AD0221D314640F2B45049
:109D2000FFF7FCF940F00170FDF7C2F83860B4F9B4
:109D300030000027002800DA2786606B38B9164803
:109D400000686063E8684068FDF7B2F8A06369687E
:109D5000A88923468A88801A4A89121A4A81696822
:109D60000A89101A08816968E8684860E86806216D
:109D70000782201D009068680289FCF73DFFE968B2
:109D8000221D0882A07A06218DE84300E37A21464D
:109D90006868FCF789FEFEBDFC0000204068807BFF
:109DA000012801D001207047002070472DE9F041C3
:109DB0001A4C06466088002818D00020E08040F247
:109DC000B4550FE0FFF776FA00280FD0012809D02C
:109DD00002280DD0FFF76EFA022807D3E188084465
:109DE000801EE080E08861888842EBD3BDE8F08186
:109DF000FFF760FA0428F9D1E0886188801C884266
:109E0000F4D8FFF757FA0702FFF754FA3843A8428D
:109E100000D800B928467086E4E700001001002051
:109E20002DE9F0411D46DDE90637089E0C469142BA
:109E30000FD2BF0707D49F7E7F060AD41EB1DE6E05
:109E40000EB91B6F2BB104F2B4518A4200D21146F5
:109E500089B24FF42072FDF72FFF002804D041890A
:109E6000091B298004814481BDE8F08170B504009C
:109E70001ED0207D00281BD00A2819D0012817D019
:109E8000A06F002510B1FEF75EF8A567606F10B1F6
:109E90002046FFF705FA4FF0FF302086E06E00F015
:109EA000BBFE206F00F0B8FEE5662567A4F8685099
:109EB00070BD70B50C4601460068A04209D1C0686B
:109EC000086008E0C168A14202D1E168C16002E017
:109ED00008460028F6D100252046E560FFF7C6FFBA
:109EE000207D0A280AD0012808D0608BC10705D040
:109EF00040F0020060832046FFF76EFD2575E58285
:109F000070BD002802D0C0F88C1042777047000066
:109F10002DE9FE4FD84D04462878410721D5207DF4
:109F200002280ED0616A686981420ED0421A07D4B5
:109F3000228D1144081AFAD4608B40F0020060832D
:109F400097E1206DA9698842FAD1687840F008004D
:109F50006870608B20F0010060836FF00D00BDE839
:109F6000FE8F800704D5207D022801D00328E3D18D
:109F7000A07EC00602D4C148006820624FF0000AEB
:109F800084F8A3A084F8A2A02046FFF70FFF2A7848
:109F9000900704D5207D022801D00328D0D1B84BEA
:109FA00094F814C003F110000421DFF8D8B2B64FC2
:109FB000B64E1433ACF1020C4FF00109BCF1080F9E
:109FC000BED2DFE80CF00473CBCFF5CBF4F3D606AA
:109FD000B6D5920754D5626CAE69521CB2424FD1CD
:109FE0006869421C62626664E262EA68401ED28965
:109FF000A4F86020A4F8622060652175201DFCF79C
:10A00000CBFD0146608E221DFFF788F841F21C113E
:10A010006086B1EB400F01D2420000E00A46B2EB8D
:10A02000800F01D9810003E0B1EB400F00D2410065
:10A03000A4F84810B4F86600401EA4F86600206F2B
:10A04000B0B10168C4F8701000F0D8FD206F98B16D
:10A05000A4F830A084F842A0D4F88830002B3FF454
:10A060006BAF00222146206998470D3042D063E74C
:10A07000E06E0168E166E7E74FF0FF302086EBE72E
:10A08000E9680A8849888DE8070069896869421883
:10A090002046A96900F04EFD94F8420006288FD2B0
:10A0A000A4F830A0204600F0F5FCE2E0960708D5C1
:10A0B000606A6969401E884202D1204600F089FC2E
:10A0C000D7E0D20649D5626CAE69B21A012A38D4FB
:10A0D000226D921B35D42175E06F40B1836933B195
:10A0E000002221462069984738B10D3002D0204621
:10A0F000FEF7A0FC6FF00C0031E7204600F004F9F9
:10A10000288908B1401E2881618E41F21C10B0EBF5
:10A11000410F01D24A0000E00246B2EB810F01D9A3
:10A12000880003E0B0EB410F00D24800A4F84800DB
:10A130006878800611D5608B40F0020060830720AC
:10A140004AE0E9680A8849888DE8070069896869F2
:10A1500042183146204600F0EDFC8AE0204600F02F
:10A16000D3F8E5E7204600F0CFF868788006287835
:10A170004FEAC06027D5002805DA206DA96988421A
:10A1800001D1E06E28B1608B40F0020060830820AE
:10A1900022E0608B40F0020060832046FFF766FEFD
:10A1A0003068A0420CD1C068306048E051E02DE03A
:10A1B00014E0C168A14202D1E168C1603FE00846F5
:10A1C0000028F6D13BE0002853DA206DA9698842C7
:10A1D0004FD1E06EE0BB062020754AE0204600F03B
:10A1E00093F86878800644D5608B40F00200608365
:10A1F0002046FFF73BFE3068A042D4D003E0C168A0
:10A20000A142D9D008460028F9D118E0204600F034
:10A210007BF82878C0062CD5206DA969884228D102
:10A22000E06EA8B92046FFF721FE3068A042BAD000
:10A2300003E0C168A142BFD008460028F9D18BF8DD
:10A2400000900A2020753868E0603C6000F020FF34
:10A250000FE0204600F058F82878C00609D5206D98
:10A26000A969884205D1E06E18B9687840F01000FD
:10A270006870002073E6000010010020FC00002040
:10A2800088560020F00000200C010020080100206A
:10A290002DE9F04104000CD0A56F00206E7BA06773
:10A2A000D4F884704FB100232A4621462069B8476C
:10A2B00009E06FF00F00BDE8F08100232A46214637
:10A2C000184600F050FB6FF00C0728B10D3018D085
:10A2D0006FF00400A567EEE7B00610D5208DA0F55D
:10A2E000B051D03901D0401C2085D4F8845035B10C
:10A2F00000231A4621462069A8470D3001D00020CE
:10A30000D9E73846D7E700002DE9F047F74D044676
:10A310004FF000062878C0067ED52846B4F860C005
:10A32000A36D676D6A69C16880690CEB0309B7EBBF
:10A33000020808D4974201D11F1A04D483420DD1D8
:10A34000CB8963450AD9C989A4F86010B4F8623092
:10A350008B4201D2A4F86210C4E91520626C4FF65A
:10A36000FF71131A2CD46B89002B28D1B4F86070BC
:10A37000A36D1F444F4522D1B4F93030002B1EDBB2
:10A3800082421CD194F84300421CD2B2824201D9CD
:10A3900084F8432094F8430003280CD9B4F848000B
:10A3A000628E024492B2824202D3A4F8482003E0B3
:10A3B000A4F8481000E002D3204600F03DFB8AE0FC
:10A3C000821A012A76D4236D1B1A73D4678B7B07FC
:10A3D00008D527F004036383B4F84A30A4F8483062
:10A3E000A4F86A6084F84260E38FB4F93C7092B2DA
:10A3F00003EBE703A4F8403084F843606064207DF9
:10A40000042831D3B4F84800B4F84A30984217D23F
:10A41000638B1B0503D500E07DE0012300E00223F0
:10A42000678E5F43BBB2934200D81A46024492B291
:10A43000824202D3A4F8482016E0A4F8481013E0A2
:10A44000B4F86A301A4492B29A4202D3A4F86A204D
:10A4500001E0A4F86A10B4F86A20824204D3121A08
:10A46000A4F86A20628EE1E7D4E91B31A0A220465D
:10A47000FEF7E6FE206703469FA22046E16EFEF748
:10A48000DFFEE066216F19B12686267720B105E050
:10A490004FF0FF322286F8E7A4F86860B4F8642031
:10A4A0002B891A44A4F86420628B120513D511B1CC
:10A4B000C86802E00CE030B1C0684068FCF7F8FC06
:10A4C000E16C401A07D4608B20F40060608302E0E6
:10A4D000204600F0AAFB606BE8B1A16BAA69891A5B
:10A4E00019D587490988081AB4F93C10A0EBE10096
:10A4F00000B2014409B2A187002801DA404200B24B
:10A50000B4F93E20A0EBA2001044E08700EBE1008C
:10A51000A4F8400066636B89002B7DD0207D07285E
:10A520007AD2606A6A69774F811A01291ED413446E
:10A530001B1A012B1AD43A8989B27868521A3A81C7
:10A540000289521A92B204E002814681C91A006857
:10A5500089B243898B42F7D3FDF786FD606A686153
:10A56000F9684860616A401A07D5E2E1101A04D51B
:10A57000608B40F002006083DBE1208D616A0A1885
:10A580006869121A012AF0D4A846814273D1F8688A
:10A590008089FCF78FFC800701D0012100E00021B9
:10A5A0003889B946084480B2A8F80A00218D45468A
:10A5B000814230D2D9F80C004F468089FCF77AFCF2
:10A5C000C0070FD0F8688089FCF774FCC0F3440022
:10A5D0004000FCF76FFC0146F868828922F47C5247
:10A5E00011438181208D3881F8688089FCF762FCF5
:10A5F000800702D53889401E388139897868FDF78F
:10A60000FFFCF8688089FCF755FC800700D001202A
:10A6100039890844688100E090E1606F60B3D9F83F
:10A620000C008089FCF746FCC00704D107E00168F4
:10A63000616700F0E3FA606F0028F8D16BE0676FA4
:10A6400024E08089FCF736FCC0071BD0D9F80C0049
:10A650008089FCF72FFC800714D40120FCF72AFC2A
:10A66000D9F80C108A8910438881FCF723FC8007F5
:10A6700003D0012102E0BAE04DE00021B9F8080062
:10A680000844688138463F6800F0B8FA6FB3F8684C
:10A6900039896B89426811446A691A44511AD0D5C4
:10A6A000696940689AB20A44821A33D5411AA9F8F6
:10A6B0000810D9F80C00A8468089FCF7FBFB80073E
:10A6C00004D5B9F80810491EA9F80810B9F80810FF
:10A6D000D9F80400FDF794FCD9F80C008089FCF748
:10A6E000E9FB800710D001210FE013E010010020EA
:10A6F000756E61636B656400756E73656E740000E2
:10A70000FC000020785600200021B9F80800084419
:10A71000A8F80A0067676889696901446162218D48
:10A72000081A2085204600F019FDD9F80410484683
:10A730000A890AB1E9614660D9F80C008089FCF702
:10A74000B9FBC00741D0687840F0200068703CE059
:10A750006A618889FCF7AEFB800700D001203A8946
:10A76000616A114408446062F8688089FCF7A2FBC2
:10A77000F8688089FCF79EFB800700D001203989AA
:10A780000844218D081A2085204600F0E7FC7968EE
:10A79000088930B1E86910B1FDF70DFB00E0E9610F
:10A7A0007E60F8688089FCF785FBC00708D0687870
:10A7B00040F020006870207D042801D1072020751A
:10A7C00038686067384600F019FA676F27B1F96892
:10A7D000606A4A688242BBD0608BC10702D020F019
:10A7E0000100B6E040F001006083BDE8F087656FCE
:10A7F00095B10026E9684968814212D138892989D2
:10A8000088422FD9286868B3534800F0E3F948B369
:10A810007EB33060294623E04F4800F0DBF96067E3
:10A8200087E006B3F2685268821A012A23D40A1A12
:10A83000012A20D4484800F0CDF9070079D0F0680B
:10A84000416830890A18D8F81400821A05D5401AD0
:10A8500081B231817068FDF7D3FB294638463760F5
:10A86000FFF780F865E0421A05D53B4800F0B2F9E1
:10A87000E8B36067CEE72A682E46CABB091A55D5E9
:10A88000E8688089FCF716FBC00752D1324800F017
:10A89000A1F9286058B3E8682989464640684218FB
:10A8A000D8F814108A1A05D5081A81B22981686867
:10A8B000FDF7A6FB218D606A726908447189114415
:10A8C000401A36D52868C0688089FCF7F3FAC007BB
:10A8D00013D02868C0688089FCF7ECFAC0F3440004
:10A8E0004000FCF7E7FA2968C9688A8901E020E09E
:10A8F0001CE022F47C5210438881A08C218D0844F6
:10A90000B18A401A81B22868018128684068FDF741
:10A9100077FB2868C0688089FCF7CCFA800700D0F4
:10A920000120296809890844708102E015007FF43C
:10A9300061AF2046BDE8F04700F077B9616A686909
:10A94000421A05D4228D1144081A01287FF54DAF13
:10A95000608B40F0020047E778560020002801D0C5
:10A96000C0F88410704710B51446080007D04CB1E9
:10A97000218900F00EF82046FDF7E5FA03E06FF0BC
:10A980000F0010BD0BB1002010BDBDE81040FEF758
:10A990003DBA10B504001BD0228D501880B241F290
:10A9A000D061884201D8824201D9218500E020850A
:10A9B000204600F0D3FB40F2B451884208D3608BAC
:10A9C00040F0020060832046BDE81040FFF704B865
:10A9D00010BD2DE9F041056F04466FF005061DB16D
:10A9E0002846FFF7DBF910B13046BDE8F081286852
:10A9F00004F16C06206700E03668306850B1C0682A
:10AA00004068FCF755FA0746E8684068FCF750FADA
:10AA1000381AF1D43068286035602868002108B9F8
:10AA2000A4F8681094F84200FF2802D2401C84F871
:10AA3000420000206163D8E710B50446006F00288B
:10AA400027D0A07E400724D42046FFF7C2FF00286D
:10AA50001FD1B4F84810B4F86000814200D2084613
:10AA60004108A4F84A10608EB1EB400F05D24FF6B2
:10AA7000FF7101EA4001A4F84A1089B200EB4000DE
:10AA80000844A4F84800608B40F004006083002074
:10AA9000208610BD10B5044600F011F8002804D13E
:10AAA0002046BDE8104000F001B810BD90F84210FB
:10AAB000FF2902D2491C80F84210FEF78DBF2DE914
:10AAC000F041056F04466FF005065DB103E0FFF746
:10AAD00065F938B92D68286800282846F7D1FFF7AE
:10AAE0005DF910B13046BDE8F081E06E28600026C7
:10AAF000206FC4E91B06608B40F400606083E86847
:10AB00004068FCF7D5F90746E8688089FCF7D2F978
:10AB1000800700D001202989384408446663E06436
:10AB20000020E0E718B1007A08B1FDF703B810463D
:10AB3000FCF732B8FEB51D460646DDE90930089C33
:10AB40000094CDE901302B46304600F00BF80100AF
:10AB500007D003B023462A463046BDE8F040FFF751
:10AB600081B8FEBD2DE9FF411546DDE90B780846A9
:10AB700000244DF21606FCF79BF91421CDE90216CC
:10AB8000CDE900780346002221462846FFF735F834
:10AB900004B0BDE8F081FEB51E460400DDE90930D1
:10ABA000089D0ED00095CDE9013033460020FFF717
:10ABB000D9FF010005D02B46324600200094FFF754
:10ABC00069F8FEBD02480021418081807047000085
:10ABD0001C00002070B505460320FCF70DFF0400A3
:10ABE0000AD004CD95E80B0004C484E80B00241FB0
:10ABF000FDF72DFA204670BD002070BD10B5040091
:10AC000009D0606808B1FDF79EF92146BDE8104003
:10AC10000320FCF7C3BE10BD10B503E00468FFF7C6
:10AC2000EDFF20460028F9D110BD70B5044600257F
:10AC3000006DFCF73DF90346002229462046FEF749
:10AC4000C7FF010009D02246231D1046FFF70AF86E
:10AC5000618B48B141F0030108E0608B40F00300D4
:10AC600060836FF0010070BD21F00301618370BD4E
:10AC700070B5C46E05460CB909E00446206800288A
:10AC8000FBD1E0688089FCF715F9400705D028461C
:10AC9000BDE870400121FEF750BA0120FCF70AF927
:10ACA000E1688A8910438881688B40F020006883BE
:10ACB000002070BD2DE9FE4FAC4D47F6FF7B4FF4F1
:10ACC000FA78E8684FF00009401CE860A878401C5A
:10ACD000A8700027AC692BE1A17FA878814202D13E
:10ACE0002746E46824E1A0770026207DB2460228AA
:10ACF00005D194F84200062801D3012688E094F893
:10AD000042000C2806D294F8A10058B394F8A2107F
:10AD10000C2901D301266FE09549415C94F8A0000D
:10AD2000884202D2401C84F8A000C0B2884263D39B
:10AD3000B4F86010204619B100F01EF920B107E008
:10AD400000F0CCFBE8BB03E02046FEF745FEC0B3B5
:10AD500084F8A09094F8A10007284DD2401C84F8F4
:10AD6000A10049E0B4F93000584501D2401C2086CA
:10AD7000B4F93000B4F9401088423DDB2046FFF7BB
:10AD80009EFE18B1206FE0B9E06ED0B1207D0228A0
:10AD900013D094F842000C2800D30C20B4F93E10D4
:10ADA000B4F93C2001EBE201724A105C8140584644
:10ADB000814200DA0846A4F840004846A4F83090E2
:10ADC00000E019E0B4F84820B4F860108A4200D2DC
:10ADD00011464A08A4F84A20618E4FF6FF7303EA31
:10ADE00041039A4201D2A4F84A30A4F84810A4F8CA
:10ADF0006A002046FFF75AFE207D062808D1A07E73
:10AE0000C00605D5206AE968081A282800D9761CEA
:10AE1000607A000726D5207D042801D0072821D19B
:10AE2000D4E9250CD4F89C10226A01FB0C01B1FB7B
:10AE3000F8F1EB689A1A914203D24FF0010A761C9E
:10AE400010E094F8A31001FB0C00B0FBF8F0904266
:10AE500008D22046FEF758FC20B994F8A300401C05
:10AE600084F8A300606F60B1216AE868411AB4F900
:10AE7000400000EB4000B1EB400F02D32046FEF74C
:10AE80000FFA207D032802D0092807D00BE0206AA2
:10AE9000E968081A282806D9761C04E0206AE968BF
:10AEA000081AF028F8D84EB32046D4F89060FEF780
:10AEB000DDFFE0680FB1F86000E0A861BAF1000FB3
:10AEC0000AD0228BE18A201D8DE807002346184610
:10AED000626A216DFFF72EFE2046D4F810A0E468C8
:10AEE000FEF7AAF985F8009016B36FF00C015046F2
:10AEF000B047287800287FF4ECAE19E02746E468D4
:10AF0000387F401CC0B23877797F884210D387F8E9
:10AF10001C9085F80090D7F88C2032B139463869FA
:10AF2000904729780029E6D110B93846FEF754FD3C
:10AF3000002C7FF4D1AE0026EC6913E0206AE968AA
:10AF4000081AF02806D92046FEF790FFE06826B1DF
:10AF5000F06003E02646E46804E0E8612046E46827
:10AF6000FEF76AF9002CE9D1BDE8FE8FF000002061
:10AF7000DFBB000814BC00082DE9F84FC46E0F4673
:10AF80000546002C7DD04FB12089B84277D994F87E
:10AF90000AB05FEACB7105D0042604E06FF005002B
:10AFA000BDE8F88F0026C01B1FFA80F808EB0600EA
:10AFB00081B24FF420723820FCF77EFE5FEA000A6F
:10AFC00063D0606822890189891A39448BB2DAF822
:10AFD000041042463144FCF72BFF404552D1E06853
:10AFE0008089FBF767FF00F03F064FF0000930074C
:10AFF00003D526F008064FF00809F00703D026F025
:10B00000010649F00109E0684068FBF751FFC319E8
:10B010004A4651462846CDF800B0FEF733F80700FF
:10B0200033D06068FCF7E4FE35F8661F081A288004
:10B0300060680289A2EB080189B2FCF7E1FF21896F
:10B04000A1EB080020813046FBF734FFE1688A89D4
:10B05000104388816068FCF7CBFE2988084428806B
:10B060007868FCF7C5FE2988084425F86609206839
:10B0700038602760386810B90020A5F86800002003
:10B080008EE702E05046FCF75EFF4FF0FF3087E7A7
:10B090000848816800290CD10749084A09681268E4
:10B0A000114306D00121816000220549FA20FDF7F5
:10B0B0000DBC7047E4000020080100200C010020B6
:10B0C0007DB50008FEB516490B785A0717D40A4615
:10B0D0009C07528914D5446A4B691D1B15D4058DF4
:10B0E0002C44E41A11D4CC680E4E1A442588648886
:10B0F0000096CDE90145331D8969FFF71BFDFEBDB3
:10B10000D90702D0084909680162002AF7D0418BAB
:10B1100041F002014183BDE8FE40FEF75DBC000046
:10B120001001002098560020FC00002010B5FEF70A
:10B130004DF805484178491C4170C80703D0BDE867
:10B140001040FFF7B7BD10BDF00000200248417865
:10B1500041F01001417070471001002070B5048D5E
:10B16000456A428E2B1940F66836C16AB24200D950
:10B1700032460A449A1A02D44485581A70BD491BB3
:10B1800000D500214185002070BD00002DE9FF4F52
:10B190004FF0000B93B01746CDF838B004005D4671
:10B1A000CDF834B05E46CDF824B0CDF844B0ADF85B
:10B1B00028B0D846DA466FF00F021BD0608EB4F884
:10B1C0006210B0EB510F01D2014600E0490801B115
:10B1D00008460690149868B1207D04280CD00728F2
:10B1E0000AD0022808D0032806D06FF00A0017B052
:10B1F000BDE8F08F1046FAE767B1B4F86410B942C1
:10B2000003D3B4F86600102804D3608B40F08000AC
:10B21000608360E1B4F8669000200790E06E00283B
:10B2200077D0054600680028FBD1A87AC00700D077
:10B2300004202B8919180698401A82B2B4F86800C5
:10B24000ADF82800C8B10D95B84201D2014600E022
:10B250003946914201D9114604E0B84201D2014673
:10B2600000E039468846A0EB0800ADF8280006EB60
:10B270000801A2EB08008EB282B2BE4249D2002A77
:10B2800047D0002B45D0B81B904200DD104680B25D
:10B29000CDE90C051698C00715D001211698009429
:10B2A000CDE901010AAB00200C99FEF7B9FD5FEA78
:10B2B000000B7CD014980C9A8119DBF80400F4F789
:10B2C000A6FF58461EE0686800E0084601680029AD
:10B2D000FBD1017B890908D1416840890144149858
:10B2E000814202D1DDF830A011E0012200200C994A
:10B2F000FCF7E2FC5FEA000BDBD01498811958469A
:10B30000CBF80410FCF774FD48441FFA80F90C9840
:10B3100066E067E0B81B81B2DDE90620101A80B252
:10B32000814200D2084603901698C0071DD00998A4
:10B33000C8B1002116980094CDE90101039907983E
:10B340000AAB084481B23820FEF76AFD019000285C
:10B350002DD0149881190198426807981044039AD7
:10B36000F4F755FF18E00121E4E7012238200399A2
:10B37000FCF7A2FC0090002819D014984FF420721A
:10B3800081190098416038200799FCF795FC0190DD
:10B3900088B10099FCF70FFD0198FCF729FD48449E
:10B3A0001FFA80F9B9F1100F07D9019800E04BE0BE
:10B3B000FCF7C9FD82E00098F8E711980090E06D75
:10B3C0000022831920460199FDF75CFE0D90D8B349
:10B3D000099870B1DDE90D0108600D980E90039891
:10B3E000304486B2BE4295D3B8F1000F1CD06E68CF
:10B3F00014E00D980990F0E7318901EB08003081E5
:10B40000306850B971897068424608441499F4F75D
:10B41000FEFE718901EB080070813668002EEBD1C9
:10B42000298901EB08002881BDF82800A4F86800EC
:10B43000BBF1000F09D059466868FCF7BCFC2989AC
:10B44000BBF80800084418E038E0BAF1000F15D046
:10B45000686804E0038903EB0A0202810846016878
:10B460000029F7D1028902EB0A010181428902EB2E
:10B470000A014181298901EB0A0028810998DDB17F
:10B48000C5F8000054F85C0F384420602089C01BC8
:10B490002081A4F80A900D9860B1C06850B1169848
:10B4A000800707D40820FBF705FD0D99C9688A8934
:10B4B0001043888100209AE6E066E3E7608B40F065
:10B4C00080006083BBF1000001D0FCF73CFD0998CF
:10B4D00008B1FFF7A1FB4FF0FF3088E62DE9F041FE
:10B4E000C56E0446002635B394F8A200FF2802D2A8
:10B4F000401C84F8A200E8688089FBF7DBFCC007E9
:10B5000001D02889D0B100270122E868314643687C
:10B510002046FEF75DFB060013D0716888469FB198
:10B520001120FBF7C7FCB8F80C1021F47C5108433C
:10B53000A8F80C0011E00020BDE8F08101270022EE
:10B54000E3E74FF0FF30F7E768682B891431028991
:10B55000D21A93B20122FCF76BFCE8684068FBF753
:10B56000A7FC216D401C091A00D520652246231D29
:10B570003146BDE8F0411046FEF774BB10B5FFF749
:10B58000D5FD0848084900680968084306D000222C
:10B59000BDE810400549FA20FDF798B9044900209C
:10B5A000886010BD080100200C0100207DB5000856
:10B5B000E4000020016000210171704770B50500B2
:10B5C0000FD0286868B1482461001423012228683C
:10B5D000F5F768FF38B1641CE4B24F2CF4D90020B1
:10B5E0002871002070BD2C71012070BD7FB50C4604
:10B5F00080B1056875B1007960B15CB11423022295
:10B6000003A98DE80E004100012300222846F6F729
:10B610000DF810B1002004B070BDBDF80C0040BAA8
:10B620000009010501D5A0F5805040F27121484381
:10B630004FF0640101D4323000E0323890FBF1F079
:10B6400020800120E7E7000008490A894B899A42D7
:10B6500001D100207047064A4B89D25C02704889AC
:10B66000401CC0F309004881012070470000002001
:10B670007F0100202DE9F04F01B92A4920B12A4C61
:10B68000002663681D4608E06FF00F00BDE8F08FEC
:10B69000A84201D1012602E0ED68002DF8D16FF03B
:10B6A00007097ABB00254FF6FF784FF4404A4FF464
:10B6B000804B2288571C2780424501D1A4F800A066
:10B6C0001A4627880AE000BFB2F812C0BC4504D170
:10B6D0006D1CADB25D45ECD31CE0D268002AF3D1FD
:10B6E0003A04120C16D00FE098420AD05D8A9542B7
:10B6F00007D11F680D68AF420CD059B155B14BB19D
:10B7000047B1DB68002BEFD101B1096801604282CB
:10B7100016B104E04846B9E76168C1606060002086
:10B72000B4E7000034BC00083401002070B5040008
:10B7300016460D466FF00F0017D0002D15D0628A07
:10B740002AB921460846FFF795FF00280DD1286841
:10B750006060A682207C084A40F004002074506893
:10B76000014604E0844201D1002070BDC068002879
:10B77000F8D1E1605460F7E73401002010B5F5F727
:10B78000B5FD0549096848400449C0F30D0000F5BE
:10B790004040088010BD0000E8F7FF1F3401002082
:10B7A0002DE9F34F0646408983B008287ED3584DD3
:10B7B000776829686869FBF782F883463888FBF761
:10B7C00079FB01907888FBF775FBDFF848A181468B
:10B7D0000021DAF804200846144657E0B4F812C0F5
:10B7E000CC4551D1237A4BB1D5F804C09CF834C074
:10B7F0000CF1010C0CF0FF0C634545D1BBF1000FBF
:10B8000013D0CCB12368BBB1D5F814C0E046BCF16D
:10B81000FF3F11D0DDF810C0DCF808C003EA0C03CC
:10B8200008EA0C08434507D02EE02CB123681BB171
:10B83000D5F814C0634527D1237C5B0711D478B1B8
:10B84000BBF1000F0DD06B695B1C0AD1049BD0F8D3
:10B8500000C05B689C4504D0D4F800C09C4500D172
:10B860002046B4F814C0019B9C450DD163681BB100
:10B87000D5F810C0634507D121B1E368CB60E26021
:10B88000CAF8044024B10AE02146E468002CA5D19E
:10B89000040004D1049841686869814232D1F88873
:10B8A0001B4F103750B1381D009000E02AE032895C
:10B8B0003B4611213046FBF79FF918BB0821304663
:10B8C000FCF7D2FBF0B95CB1A569DDB1019800903D
:10B8D0003B4632462146E069A84705B0BDE8F08FF7
:10B8E000BBF1000F0ED1287DC0F303100E2809D044
:10B8F000A889083001B23046FCF76AFB03213046C4
:10B90000FAF78AFE05B03046BDE8F04FFCF71BBBE6
:10B91000885600203401002010B5002813D002689A
:10B92000002A10D000290ED00A68002A0BD0064A3F
:10B93000526806E013680468A34201D10B681360E3
:10B94000D268002AF6D110BD3401002010B50020C5
:10B95000FCF752F8040004D02021F4F77FFCFF200C
:10B96000E072204610BD002801D0C0E906127047E1
:10B97000002814D00A494A6882420AD1D2684A6033
:10B9800009E0D16821B1814202D1C168D16002E0F1
:10B990000A46002AF5D101460020FBF7FFBF704799
:10B9A000340100207CB56FF00F05069C70B169B1C1
:10B9B00062B15CB105685DB1C5F303160E2E07D008
:10B9C0006668B54206D06FF003007CBD28467CBD9A
:10B9D000251D00E00546CDE9004500F001F87CBDDD
:10B9E0002DE9FE4F0500DDE90C9A9B4690460E4678
:10B9F0006FF00F002FD0002E2DD0B8F1000F2AD0FD
:10BA00005FEA0A0127D05FEA090124D06A8A2AB9CD
:10BA100029460846FFF72EFE00281CD130894FF03A
:10BA2000FF3700F1080189B2814213D30821304663
:10BA3000FCF71BF988B14FF4207208212420FCF791
:10BA40003BF9040006D0308940B131462046FCF76E
:10BA5000C6F903E03846BDE8FE8F3446688A676859
:10BA6000FBF728FA38805846FBF724FA7880002044
:10BA7000F8802089FBF71EFAB880287CC0070BD11C
:10BA8000CDF800802289534611212046FBF7B4F8F7
:10BA900008B94FF6FF70F880EB7AAA7A1120CDE949
:10BAA0000020CDF80890424651462046FBF70CF89E
:10BAB0000546B44202D02046FCF745FA2846CAE7BC
:10BAC0000A0A0270417070470A0E02700A0C427036
:10BAD0000A0A8270C17070472DE9F04115461E4672
:10BAE00007460724E20028463146F4F780FBC4F1FC
:10BAF0000701641E7854F5D5BDE8F0810000000010
:10BB0000000000000000000000000802000000002B
:10BB100000000000000000000000040506070809FE
:10BB200000000000000D0102030405060708090AD1
:10BB30000B0C0D0E0F1000000000000000000102B1
:10BB400003040607080900000000010203040000C6
:10BB50002000040028200020B8000020A4000400D9
:10BB6000A8200020BC0000201C0008003823002072
:10BB7000C00000201000100018240020C400002085
:10BB80001000040018250020C8000020100010003C
:10BB900058250020CC00002004060800582600206C
:10BBA000D000002050BB00085CBB000868BB000848
:10BBB00074BB000880BB00088CBB000898BB000861
:10BBC000FA0000002DB10008E803000059630008E6
:10BBD00060EA00004D430008F4010000E945000858
:10BBE00003060C183060780008C0000830C0000858
:10BBF00050C0000810C00008FCBF0008E4BF0008E7
:10BC0000F0BF000844C000081CC0000824C00008A1
:10BC100038C00008010203040506070707070707E5
:10BC2000070000000401002000010020080100209E
:10BC30000C01002000000000FFFFFFFFFFFFFFFFDF
:10BC4000FFFF0000000000005B434849505D2055A5
:10BC50005341525431204352313D30782530386CB5
:10BC600058204352333D30782530386C58204252AA
:10BC7000523D30782530386C582028484453454C84
:10BC8000206D7573742062652030290D0A00000054
:10BC90005B4C5749505D204448435020626F756E9D
:10BCA000643A2049502025642E25642E25642E25D3
:10BCB000642047572025642E25642E25642E256494
:10BCC000204E4D2025642E25642E25642E25640DDE
:10BCD0000A0000005B5048595D20414E41523D3002
:10BCE0007825303458202031303046443D256420BA
:10BCF00031303048443D256420313046443D256490
:10BD000020313048443D2564202070617573653DC5
:10BD100025640D0A000000005B5048595D20414E2B
:10BD20004C5041523D30782530345820203130304D
:10BD300046443D25642031303048443D256420315F
:10BD40003046443D256420313048443D2564202060
:10BD500070617573653D25640D0A00005B5048599C
:10BD60005D204243523D30782530345820207265A2
:10BD70007365743D257320206175746F6E65673D32
:10BD80002573202073706565643D257320206475DC
:10BD9000706C65783D2573202069736F3D25732095
:10BDA0002070643D25730D0A000000005B444D4186
:10BDB0005D2052585F444553433D30782530385814
:10BDC0002052585F4255463D30782530385820542F
:10BDD000585F444553433D307825303858205458F7
:10BDE0005F4255463D3078253038580D0A00000036
:10BDF0005B434C4B5D204D434F5B32373A32345DF1
:10BE00003D3078255820283078443D504C4C334301
:10BE10004C4B2035304D487A29202043464752323A
:10BE20003D30782530386C582028505245444956CA
:10BE3000325B373A345D3D3078256C582065787038
:10BE400065637420343D646976352C20504C4C3346
:10BE50004D554C5B31353A31325D3D3078256C586B
:10BE60002065787065637420383D783130290D0A7B
:10BE7000000000005B50485950524F42455D20423F
:10BE800043523D307825303458204253523D30786B
:10BE9000253034582049443D3078253034583A30E4
:10BEA000782530345820286578702030783230304A
:10BEB000303A307835433930290D0A005B50485903
:10BEC00050524F42455D206C696E6B3D25732020BA
:10BED0002849443D3078464646462F307830303049
:10BEE00030202D3E20504859206E6F7420726573AB
:10BEF000706F6E64696E673B20636865636B2032A8
:10BF0000354D487A207874616C2C204D44494F207F
:10BF1000776972696E672C20504859206164647299
:10BF2000290D0A005B4A4F425D2069643D2564206B
:10BF30006D69647374617465733D25642076657200
:10BF400073696F6E3D307825303858206E626974A1
:10BF5000733D307825303858206E74696D653D30FA
:10BF60007825303858206E6F6E63655F7374617228
:10BF7000743D3078253038580D0A00000D0A5B53A7
:10BF800054415455535D2075703D256C75732020C8
:10BF900069703D25752E25752E25752E2575202059
:10BFA0006574683D25732020626D313336363D253A
:10BFB00073202063686970733D256420206C696E6E
:10BFC0006B3D2573202072783D256C752074783D7B
:10BFD000256C7520444D4153523D30782530386CE6
:10BFE000580D0A0046494E5F574149545F310000E1
:10BFF00046494E5F574149545F3200004553544112
:10C00000424C495348454400434C4F53454400007B
:10C0100053594E5F5243564400000000434C4F5367
:10C02000494E47004C4153545F41434B00000000D0
:10C030004C495354454E000054494D455F574149C2
:10C0400054000000434C4F53455F57414954000092
:10C0500053594E5F53454E54000000005B54584402
:10C060005D2061726D65643D2564206F776E5F6E43
:10C070006F773D256428303D73656E742920737099
:10C08000696E733D256C7520444D4153523D3078A7
:10C090002530386C58205450533D256C752054423F
:10C0A00055532862697432293D256C750D0A0000CC
:10C0B000D0C0000800000020740100004008000803
:10C0C00004C1000874010020FC790000542E00080F
:10C0D00001420214FF54E0FF1F05390A08010399C9
:10C0E0000208DCABCDEF701742019210033F127AC9
:10C0F00032C0033C6E19C2C0041D01031C4203027E
:04C100001008000023
:04000005080001519D
:00000001FF
