:020000040800F2
:10000000887B002069010008E32F00080128000810
:10001000E12F0008C3080008C332000800000000F8
:100020000000000000000000000000000D3000088B
:10003000C508000800000000E52F00081130000886
:100040008301000883010008830100088301000880
:100050008301000883010008830100088301000870
:100060008301000883010008830100088301000860
:100070008301000883010008830100088301000850
:100080008301000883010008830100088301000840
:100090008301000883010008830100088301000830
:1000A0008301000883010008830100088301000820
:1000B0008301000883010008830100088301000810
:1000C0008301000883010008830100088301000800
:1000D00083010008BF320008830100088301000883
:1000E000830100088301000883010008000000006C
:1000F0000000000000000000000000000000000000
:1001000000000000000000008301000883010008D7
:1001100083010008830100088301000883010008AF
:10012000830100088301000883010008830100089F
:10013000830100088301000883010008830100088F
:10014000830100088301000883010008830100087F
:10015000DFF810D000F086FB0048004781750008EA
:10016000AFF30080887B00200648804706480047A0
:10017000FEE7FEE7FEE7FEE7FEE7FEE7FEE7FEE757
:10018000FEE7FEE719310008510100082DE9F05F94
:100190000546002092469B468846064681464024F6
:1001A0001BE0284641464746224600F020F85346C9
:1001B0005A46C01A914110D311461846224600F003
:1001C000ADFA2D1A67EB01084F46224601200021A7
:1001D00000F0A4FA17EB00094E41201EA4F101041F
:1001E000DFDC484631462A464346BDE8F09F202AD8
:1001F00004DB203A21FA02F00021704721FA02F3D1
:10020000D040C2F12002914008431946704710B512
:10021000431A934209D28318881803E010F8011D8D
:1002200003F8011D521EF9D210BD40EA01039B07DD
:1002300003D009E008C9121F08C0042AFAD203E05B
:1002400011F8013B00F8013B521EF9D210BDD2B2A9
:1002500001E000F8012B491EFBD270470022F6E7AF
:1002600010B513460A4604461946FFF7F0FF20462C
:1002700010BD421C10F8011B0029FBD1801A7047E9
:1002800030B504460020034600E05B1C934203D2D5
:10029000E05CCD5C401BF8D030BDF0B480EA0102D8
:1002A000D40F4200B2EB410F02D20246084611467B
:1002B0004A0042D0C30DDDB2C1F3C752AD1A202DA2
:1002C00035DAC1F3160141F4000204B15242C5F11E
:1002D000200602FA06F12A411044B3EBD05F23D086
:1002E000C4B1012DA0EBC35009DCF0BC4FF00042BB
:1002F00002EAC352DBB200F5000000F027BA40006A
:1003000000F1807000EBC350A0F1807040EAD17022
:10031000490009E0490841EAC071A0EBC35000F56B
:100320000000400800EBC350F0BC00F006BA614288
:10033000012202EB4101001BF6E7F0BC704781F09F
:100340000041AAE780F00040A7E780EA010210B56B
:1003500002F00043400022D04A001FD0010E01EB02
:100360001261C0F35600C2F3560240F4000042F49A
:100370000002A0FB022000047F39140400D0401CBE
:1003800050EA124001D44000491EC2B20C0604EBF0
:10039000D010401C4008802A02D003E0002010BD8D
:1003A00020F00100002900DA0020184310BD30B40D
:1003B00080EA010202F0004530F0004221F00040E6
:1003C00013D090B1C30DD40DC2F31601C0F31600C3
:1003D000E41A41F4000140F400027D34914201D35B
:1003E000641C00E04900002C02DA30BC0020704799
:1003F0004FF400000023914201D3891A03434008BF
:100400004FEA4101F7D151B1914202D14FF0004181
:1004100005E002D24FF0010101E06FF0010103EBB2
:10042000C450284430BC00F088B9420005D0C0F365
:10043000C7525242914201DC0020704700EBC1508C
:1004400070472DE9FE4F81EA030404F0004421F0D7
:10045000004100944FF0000B23F0004350EA0104E8
:100460005ED052EA03045BD0C3F30A54C1F30A55C9
:100470002C44A4F2F3340194A0FB0254C1F3130101
:1004800041F48011C3F3130343F4801301FB0244CE
:1004900000FB034E840A970A44EA815447EA8357D3
:1004A000A4FB076802958D0A05FB07854FEA932C8C
:1004B00004FB0C542705029D4FEA065847EA1637FD
:1004C000B5EB08056EEB070C870E920E47EA811715
:1004D00042EA8312A7FB0201B6EB0B0164EB0004B6
:1004E0002B0D43EA0C335E1844EB1C50DA465146A0
:1004F000E7FB0201C5F313044FEA0B3343EA14533D
:100500004FEA0432019C43EA0603A4F10C0402946E
:10051000009CCDE900B400F056F903B0BDE8F08FBF
:1005200000200146F9E72DE9F04D81EA030404F0CB
:10053000004B21F0004514464FF0000A23F0004123
:1005400050EA050220D054EA01021DD0C5F30A5733
:100550000246C5F31303C1F31300C1F30A5640F476
:10056000801543F48013A7EB0608101BD64608F24B
:10057000FD3873EB050002D308F1010801E0921881
:100580005B41B8F1000F03DA00200146BDE8F08DB1
:1005900000204FF48011064684460EE0171B73EBD3
:1005A000050705D3121B63EB050306434CEA010C58
:1005B00049084FEA300092185B4150EA0107EDD13B
:1005C00052EA030012D082EA040083EA05010843DC
:1005D00005D0101BAB4106D20122002306E0002209
:1005E0004FF0004302E06FF0010253101AEB0600D7
:1005F0004CEB085110EB0A0041EB0B01BDE8F04D4C
:1006000000F0D2B870B521F0004303430CD0C1F321
:100610000A550024D5EB040564EB0403D617AD1A84
:10062000B34102DB0020014670BD201841EB0251AE
:1006300070BD96230022114600F088B80EB540F236
:10064000334102910021CDE900110A460B4600F02A
:10065000BAF803B000BD00F0004220F00040C10D28
:10066000C0F3160040F400007F2901DA0020704733
:10067000962903DCC1F19601C84001E09639884013
:10068000002AF4D04042704720F00040C10DC0F372
:10069000160040F400007F2901DA002070479629F7
:1006A00003DCC1F19601C840704796398840704715
:1006B000C1F30A5210B5C1F3130140F2FF3341F404
:1006C00080119A4201DA002010BD40F233439A4271
:1006D000A2F2334203DC5242FFF789FD10BD904085
:1006E00010BD00F0004230F000400AD0C10D01F50D
:1006F0006071C0F3160042EA0151C208400711437D
:100700007047002001467047002801DBC0F100401F
:10071000002901DBC1F1004181427047202A04DB3E
:10072000203A00FA02F1002070479140C2F1200304
:1007300020FA03F31943904070470029A8BF70477F
:10074000401C490008BF20F00100704710B4B0FA07
:1007500080FC00FA0CF050EA010404BF10BC7047A2
:1007600049B1CCF1200421FA04F411FA0CF118BFBC
:10077000012121430843A3EB0C01CB1D4FEA00618B
:100780004FEA102042BF002010BC704700EBC3505E
:1007900010440029A4BF10BC7047401C490008BF8A
:1007A00020F0010010BC704710B5141E73F1000456
:1007B00008DA401C41F1000192185B411A4301D153
:1007C00020F0010010BD2DE9F04D92469B4611B17D
:1007D000B1FA81F202E0B0FA80F220329046FFF7DF
:1007E0009DFF04460F4640EA0A0041EA0B015346CA
:1007F0005A46084313D0114653EA010019D0C8F1F4
:1008000040025046FFF7F3FC05460E465046594657
:100810004246FFF783FF084305D0012004E020464D
:100820003946BDE8F08D0020054346EAE0762C43CA
:1008300037430A986305E40AA0EB08000022FD0A8A
:1008400044EA47540A3002D500200146E9E7010591
:1008500010196941DDE9084500196941BDE8F04D0D
:10086000A2E70000064C074D06E0E06840F00103F7
:1008700094E8070098471034AC42F6D3FFF76CFCBD
:10088000FCD300081CD4000830B58C1810F8012BDC
:1008900012F00F0301D110F8013B120906D110F834
:1008A000012B03E010F8015B01F8015B5B1EF9D13D
:1008B00001E001F8013B521EFBD1A142E6D300202A
:1008C00030BDFEE77047000003484FF4E00141618E
:1008D0000021416070470000009002402DE9FF4F69
:1008E00081B006463148DDE90F58DDF838900168DF
:1008F0001F46144641F0010101600168C907FCD19F
:100900002B498246416141692AA002F0DBFC3B464B
:10091000CDF8009031463548029A02F0D3FC002110
:10092000C8F30D004FF0004B40F48043621E13E00B
:1009300006EB4110C0F800B04360DDF808C001FBD1
:1009400008CCC0F808C0914204D200F1200CC0F8D5
:100950000CC000E0C660491CA142E9D300208446D7
:100960004FF480186A1E11E007EB4011C1F80080B7
:10097000C1F804C0119C00FB04938B60904203D229
:1009800001F12003CB6000E0CF60401CA842EBD314
:100990001749CAF80010CAF80C60CAF81070154957
:1009A000CAF8181005B0BDE8F08F000000900240B2
:1009B000048401005B444D415D20444D4153525F2E
:1009C00041465445525F434C4541523D30782530B5
:1009D000385820286578706563742030783030305E
:1009E0003030303030290D0A0000000054D00008AB
:1009F00080204102062030040168002905DB0168DF
:100A0000C90502D50168090401D5002070470068B6
:100A1000C0F30D4070471079537940EA032301F188
:100A2000804000F5203003641178D37841EA0361F7
:100A3000937852781B0443EA0222114341647047C1
:100A4000F0B5ADB00446002904D04FF40060E0607A
:100A5000C000A0600025109511951295139514956E
:100A60001595E06900287CD016954FF4007017901A
:100A7000189519951A951B951C9540271D971E953D
:100A80001F952095219522952395249525958020C5
:100A900026902795289529952A952B952C952068A1
:100AA0000168464A1140E368A2681A43169B1A433C
:100AB00042F400721143016020680668012000F0D2
:100AC000F9F82068066020684760206846680120C1
:100AD00000F0F0F820684660206885602068C560F6
:100AE000206881694FF64172114041F080018161B7
:100AF00020688669012000F0DDF8206886612068A2
:100B0000C5612068C669012000F0D4F82068C6617C
:100B10000195F8040290039501110491059506953D
:100B200007950895042109910A9040120B908001C5
:100B30000C9040120D900E950F95206800F5805096
:100B400081691F4A114041F0040141F0087181613F
:100B5000206800F580508569012000F0ABF820681E
:100B600000E016E000F5805085612168154801F528
:100B700080510860206800F580500568012000F071
:100B800099F8206800F580500560A069012804D01C
:100B90000CE04FF48060169067E7206800F5805005
:100BA000C16941F0400141F48031C16162692DB0F9
:100BB0002046BDE8F0400021FFF72DBF0F8120FF48
:100BC000233FDEF80020C1024288018852BA03792F
:100BD0001204407942EA03220243074849BA41F02D
:100BE00000410164426405490160054941604FF4D8
:100BF0008151816170470000008002400C0C0100AF
:100C00000004008030B5124A104B14694FF6FF758E
:100C100024F01C0424F4784424F4F86444F0100410
:100C200005EAC02020434FF4F86404EA811101432F
:100C300021F0020040F00100106101E05B1E02D0D3
:100C40001069C007FAD1506980B230BDA08601009A
:100C500000800240C3F30D0141F4804141604FF038
:100C6000004101607047000030B5114B0F4C5A61D4
:100C70001A694FF6FF7522F01C0222F4784222F422
:100C8000F86242F0100205EAC02010434FF4F86207
:100C900002EA8111014341F00300186101E0641E82
:100CA00002D01869C007FAD130BD0000A08601004B
:100CB0000080024070B5044600F036FB0546B4F1F2
:100CC000FF3F02D004480078044400F02DFB401B95
:100CD000A042FAD370BD0000C00000202DE9F84307
:100CE000044600270097B846002C03D094F844002F
:100CF00018B107E00120BDE8F88384F8457020466C
:100D000000F0F6F87548416821F40001416041683F
:100D1000226A11434160206800F58050016841F06B
:100D20000101016000F000FB0546206800F58050DD
:100D3000006810F0010F13D000F0F6FA401BB0F578
:100D4000FA7F06D9032084F8440084F84570BDE892
:100D5000F883206800F58050006810F0010FEBD197
:100D60002068006920F01C0501F01AF95C495D4A11
:100D70000144914202D245F0080506E05A49084470
:100D80005A49884201D245F00C05206805614FF4AC
:100D900000420021204600F077F94FF0010940B1F0
:100DA00001212046FFF74CFE84F844900120BDE865
:100DB000F883FF20FFF77EFF606800286AD000F00C
:100DC000B3FA064641F288356A460121204600F012
:100DD00015F900F0A9FA801BA8420AD90121204682
:100DE000FFF72EFE84F8449084F845700320BDE898
:100DF000F883009810F0040FE6D04FF480520021E1
:100E0000204600F041F940B101212046FFF718FECD
:100E100084F844900120BDE8F88300F085FA064686
:100E20006A460121204600F0E9F800F07DFA801BB7
:100E3000A8420AD901212046FFF702FE84F8449017
:100E400084F845700320BDE8F883009810F0200F67
:100E5000E6D06A461021204600F0D0F840B10121CA
:100E60002046FFF7EDFD84F844900120BDE8F883AB
:100E7000009810F0040F03D04FF40061E16000E02F
:100E8000E76010F0020F01D0A7601DE04FF4804032
:100E9000A06019E0E068A168C0F3CF00C1F34F0182
:100EA00040EA01020021204600F0EEF840B10121A5
:100EB0002046FFF7C5FD84F844900120BDE8F88383
:100EC00040F6FF70FFF7F6FE41462046FFF7B8FDFB
:100ED00084F844900020BDE8F88300000000014041
:100EE00000D3CEFEC0E1E40040F1E9FD40787D0191
:100EF0002DE9F04186B000240094019402940394FB
:100F00000068394988426CD13848416941F48041D0
:100F10004161416901F480410491416941F400411A
:100F20004161416901F400410491416941F480311A
:100F30004161416901F480310491816941F01001FE
:100F40008161816901F010010491816941F004011E
:100F50008161816901F004010491816941F0080116
:100F60008161816901F008010491816941F02001EA
:100F700081618069022500F020000095032601951B
:100F8000CDE90360DFF868806946404600F0BEF8AE
:100F9000CDE90054174F69463846029400F0B6F880
:100FA0000420CDE9000569460396384600F0AEF806
:100FB0004FF46050CDE90005694603960E4800F0F5
:100FC000A5F88020CDE9000469463846029400F077
:100FD0009DF83020CDE9000469464046029400F0B7
:100FE00095F806B0BDE8F081008002400010024094
:100FF0000010014000080140000C01402DE9F041C3
:101000000446174694F8440082282CD0822084F8A5
:1010100044002068026902F01C02238A4FF4784CD5
:101020000CEAC3231A434FF4F86303EA8111114316
:1010300021F0020141F00106066100F075F9054654
:1010400016F0010F4FF0010615D000F06DF9401BAE
:10105000B0F5803F0AD384F84460002084F845004E
:101060000320BDE8F0810220BDE8F081206800691E
:1010700010F0010FE9D12068406980B2386084F82F
:1010800044600020BDE8F08170B5044694F8440047
:10109000422830D0422084F844002068036903F0DD
:1010A0001C03B4F810C04FF4784505EACC2C4CEA88
:1010B00003034FF4F86C0CEA8111194341F002016B
:1010C00041F0010691B241612068066100F02CF9FF
:1010D000054616F0010F4FF0010613D000F024F979
:1010E000401BB0F5803F08D384F84460002084F8AA
:1010F0004500032070BD022070BD2068006910F01B
:10110000010FEBD184F84460002070BD2DE9F84F49
:101110004FF0000C00230A68002A7DD0DFF8DC8144
:101120000F27A8F1040A08F10409AAF1040B01220F
:1011300002FA0CF60A683240B2426ED1DFF8C0E122
:101140004C68A4EB0E0574452BD00DDC032C34D079
:1011500005DC34B3012C19D0022C2FD11BE0112C4B
:1011600016D0122C2AD119E0B5F5881F19D006DC4B
:10117000B5F5803F15D0B5F5801F1FD111E0B5F54D
:10118000001F0ED0B5F5041F18D10AE0CB6815E09A
:10119000CB681B1D12E0CB6808330FE0CB680C3323
:1011A0000CE08B6823B1012B04D00823466105E0D5
:1011B000042303E00823066100E00023B2F5807FEA
:1011C00001D2054601E000F1040502D24FEA8C0489
:1011D00003E0ACF108044FEA84042E6807FA04FE29
:1011E00026EA0E0603FA04F446EA04042C604C686E
:1011F00014F0805F79D0434CA56945F00105A561E5
:10120000A46904F0010400942CF0030404F1804468
:1012100004F58034A66801E06EE066E04FEA8C7564
:101220004FEA157507FA05FE26EA0E0EA0F1804674
:10123000B6F584361ED0A0F18046B6F586361BD0B2
:10124000A0F18046B6F5883618D0A0F18046B6F5F4
:101250008A3615D0042606FA05F545EA0E05A5607E
:101260004C6814F4801F0DD0D8F800401443C8F81F
:1012700000400CE00026EEE70126ECE70226EAE754
:101280000326E8E7D8F800409443C8F800404C68CB
:1012900014F4001F05D0D9F800401443C9F80040E9
:1012A00004E0D9F800409443C9F800404C6814F4B5
:1012B000003F05D0DAF800401443CAF8004004E0CB
:1012C000DAF800409443CAF800404C6814F4803FB8
:1012D00005D0DBF800402243CBF8002005E0DBF826
:1012E000004024EA0202CBF800200CF1010C0A684D
:1012F00032FA0CF27FF41BAFBDE8F88F080401400E
:101300000000111000100240C26821EA02031140DF
:1013100043EA014101617047002A01D00161704731
:1013200009040161704700000148806870470000AF
:10133000C000002070B50446002C04D094F83D0095
:10134000002510B106E0012070BD84F83C50204615
:1013500000F08AFC242084F83D002068016821F018
:10136000010101602068016841F4004101602068CA
:10137000016821F40041016000F018FE544B6168DF
:10138000994203D85349884203D304E05249884222
:1013900001D2012070BD5149B0FBF1F12268D2F8B1
:1013A00004C02CF03F0C4CEA010CC2F804C0626887
:1013B0009A4201D84A1C07E04FF4967251434FF409
:1013C0007A72B1FBF2F14A1C2168D1F820C02CF0EE
:1013D0003F0C42EA0C020A626168994210D8490047
:1013E000401EB0FBF1F2521CC2F30B02042A01D2E0
:1013F000042026E0B0FBF1F0401CC0F30B0020E01D
:10140000A268002A50D001EBC10303EB0113A0F145
:10141000010CBCFBF3F35B1C43F480431B051B0D69
:101420004AD0002A4AD001EBC10202EB0111401E52
:10143000B0FBF1F0401CC0F30B0040F4804040F4DE
:1014400000402168CA6922F0FF0222F44F42104393
:10145000C861216AE06901432068026822F0C00285
:1014600011430160E168206901432068826822F02D
:10147000FF0222F4034211438160A16960690143C4
:101480002068C26822F0FF021143C1602068016831
:1014900041F0010101602564202084F83D002563AE
:1014A00084F83E50002070BD01EB4103A0F1010C17
:1014B000BCFBF3F35B1CB1E70120C2E701EB410188
:1014C000401EB0FBF1F0401CC0F30B00B7E700007A
:1014D000A086010080841E0000093D0040420F00EC
:1014E0002DE9F84F0446884692461E46FFF71CFF3A
:1014F0000546002794F83D00202802D00220BDE8D0
:10150000F88F1923012256492046009501F031FB3E
:1015100010B10220BDE8F88F94F83C00012808D0F3
:10152000012084F83C002068016811F0010F03D00D
:1015300006E00220BDE8F88F016841F0010101607A
:101540002068016821F400610160242084F83D00D6
:10155000002020644348E06208F0FE094FF0A00834
:101560004FF0200B2068016841F480710160334620
:1015700000224FF001112046009501F0FAFA50B117
:101580002068006810F4807F02D04FF4007020645F
:101590000320BDE8F88F2068C0F81090FFF7C4FE64
:1015A000054620684169C1F340014069C0F38020CD
:1015B0000EE0FFF7B9FE401BB04200D80EB984F828
:1015C0003D8020684169C1F340014069C0F380203B
:1015D00094F83D20A02A02D009B90028E9D084F867
:1015E0003DB02068416911F0020F1BD021680968E5
:1015F00041F4007101600026206841698069009013
:101600001923012216492046009501F0B2FA10B1C3
:101610000120BDE8F88F84F83DB084F83C600020DC
:10162000BDE8F88F016841F40071016021686FF432
:10163000806048611923012209492046009501F084
:1016400098FA10B10120BDE8F88F7F1C574589D367
:1016500084F83DB0002084F83C000120BDE8F88FFC
:10166000020010000000FFFF2DE9F84F04468A46F3
:10167000904699460A9FFFF757FE064694F83D00AC
:10168000202802D00220BDE8F88F192301224C49FE
:101690002046009601F06DFA10B10220BDE8F88FE7
:1016A00094F83C00012808D0012084F83C00206810
:1016B000016811F0010F03D006E00220BDE8F88FA9
:1016C000016841F0010101602068016821F40061B6
:1016D0000160212084F83D00102084F83E000025A0
:1016E0002564C4F82480A4F82A90608D20853548AC
:1016F000E06233463A465146204601F09BF810B16D
:101700000120BDE8F88F2068416980690090208D34
:10171000002846D032463946204601F058FB50B1E9
:10172000206C042804D12068016841F40071016034
:101730000120BDE8F88F606A216800780861606A5E
:1017400000F1010CC4F824C0608D401E6085208D1E
:10175000401E80B220852268516911F0040F0CD020
:1017600058B19CF800001061606A401C6062608D96
:10177000401E6085208D401E208532463946204619
:1017800001F0C4F950B1206C042804D1206801682C
:1017900041F4007101600120BDE8F88F208D002820
:1017A000B8D12068016841F400710160202084F8FC
:1017B0003D0084F83E5084F83C500020BDE8F88F8E
:1017C000020010000000FFFF2DE9FF4F83B0044628
:1017D000DDF84490DDF84080129E8A46934600274B
:1017E0000297FFF7A1FD054694F83D00202803D09D
:1017F00007B00220BDE8F08F19230122B949204625
:10180000009501F0B6F918B107B00220BDE8F08FDD
:1018100094F83C00012808D0012084F83C0020689E
:10182000016811F0010F04D007E007B00220BDE805
:10183000F08F016841F0010101602068016821F426
:1018400000610160222084F83D00402084F83E00C1
:101850002764C4F82480A4F82A90608D2085A248CB
:10186000E062019500965A4651462046069B01F0DB
:101870003BF818B107B00120BDE8F08F208D68B3A8
:10188000012834D0022842D02068016841F48061E8
:1018900001602068416980690190208D4FF0200827
:1018A000002800F01481DFF844B2DFF8449246F2D9
:1018B000A81A208D032800F2D680012837D00228EC
:1018C0004DD03346002259462046009501F051F98B
:1018D000002872D007B00120BDE8F08F2068416970
:1018E00081690191016841F400710160D5E72068C8
:1018F000016821F48061016072B6206841698169E4
:101900000191016841F40071016062B6C5E7206889
:10191000016841F40061016072B620684169816923
:101920000191016821F48061016062B6B5E72A4641
:101930003146204601F008FA18B107B00120BDE891
:10194000F08F20680069616A0870606A401C6062FC
:10195000208D401E2085608D401E6085B3E033469B
:10196000002259462046009501F003F918B107B04E
:101970000120BDE8F08F72B62068016841F4007163
:10198000016020680069616A0870606A401C6062DA
:10199000218D491E2185618D491E618562B62168B0
:1019A00009690170606A401C6062208D401E2085BC
:1019B000608D401E608586E0FFE72068016821F4A5
:1019C0008061016072B620680069616A0870606AAF
:1019D000401C6062208D401E2085608D401E608509
:1019E000D9F80000B0FBFAF0C0EBC00000EB8000BB
:1019F00002900298401E0290029820B3206840692D
:101A000010F0040FF5D02068016841F40071016006
:101A100020680069616A0870606A401C6062218DFC
:101A2000491E2185618D491E618562B6216809695B
:101A30000170606A401C6062208D401E2085608DB0
:101A4000401E60853FE0276384F83D8084F83E7047
:101A5000206C40F02000206462B684F83C7007B02F
:101A60000120BDE8F08F2A463146204601F06CF98E
:101A700018B107B00120BDE8F08F20680069616AE5
:101A80000870606A401C6062208D401E81B2218512
:101A9000608D401E60852068426912F0040F12D0EC
:101AA000032903D1016821F4806101602068006985
:101AB000616A0870606A401C6062208D401E20854B
:101AC000608D401E6085208D00287FF4F2AE84F882
:101AD0003D8084F83E7084F83C7007B00020BDE87B
:101AE000F08F0000020010000000FFFF0400010062
:101AF000CC0000202DE9FF4F83B004468A46934670
:101B0000DDF84490DDF84080129EFFF70DFC05469D
:101B100094F83D00202803D007B00220BDE8F08FE4
:101B2000192301224E492046009501F022F818B1F0
:101B300007B00220BDE8F08F94F83C00012808D0DF
:101B4000012084F83C002068016811F0010F04D0E6
:101B500007E007B00220BDE8F08F016841F0010105
:101B600001602068016821F400610160212084F88F
:101B70003D00402084F83E0000272764C4F82480FC
:101B8000A4F82A90608D20853648E0620195009681
:101B90005A4651462046069B00F050FF18B107B048
:101BA0000120BDE8F08F208D002836D02A4631462E
:101BB000204601F00CF958B1206C042804D12068AB
:101BC000016841F40071016007B00120BDE8F08FA9
:101BD000606A216800780861606A00F1010CC4F84D
:101BE00024C0208D401E80B22085618D491E6185F4
:101BF0002368596911F0040F0CD058B19CF800000B
:101C00001861606A401C6062208D401E2085608DD6
:101C1000401E6085208D0028C8D12A4631462046C6
:101C200000F074FF58B1206C042804D120680168CA
:101C300041F40071016007B00120BDE8F08F206819
:101C4000016841F400710160202084F83D0084F8AF
:101C50003E7084F83C7007B00020BDE8F08F0000B3
:101C6000020010000000FFFF10B586B000210091B7
:101C700001910291039100680F4988421AD10F4CDB
:101C8000A06940F00800A061A069694600F0080062
:101C90000490C02000901220019003200390084877
:101CA000FFF734FAE06940F40010E061E06900F405
:101CB0000010049006B010BD005400400010024017
:101CC000000C01400248816802781144816070472D
:101CD000C000002010B50748016841F01001016004
:101CE000032000F08BF80F2000F006F800F026F833
:101CF000002010BD0020024070B504460D4D4FF489
:101D00007A712878B1FBF0F00B490968B1FBF0F06B
:101D100000F068FC08B1012070BD102C07D2002231
:101D20002146501E00F036F86C60002070BD012086
:101D300070BD0000C0000020CC0000200C4808B599
:101D4000816941F001018161816901F00101009126
:101D5000C16941F08051C161C06900F080500090BC
:101D60000448416821F0E06141F00071416008BD24
:101D7000001002400000014000280ADB00F01F01B3
:101D8000012202FA01F14009800000F1E020C0F8D0
:101D90000011704710B4184B1B68C3F30223C3F142
:101DA000070CBCF1040F01D94FF0040C1C1D072CCB
:101DB00001D2002300E0DB1E012404FA0CFCACF18C
:101DC000010C0CEA0101994004FA03F35B1E1A406E
:101DD0001143002806DB00F1E020090180F800141F
:101DE00010BC704700F00F0000F1E020090180F8FE
:101DF000141D10BC704700000CED00E000F007005F
:101E0000064A11684FF6FF03194041EA002040F0EE
:101E1000FD7040F080601060704700000CED00E045
:101E20002DE9F04704460D46002C17D0DFF85C8101
:101E3000D8F8000000F00700A84212D2D8F800003D
:101E400020F007002843C8F80000D8F8000000F090
:101E50000700A84205D00120BDE8F0870120BDE8B9
:101E6000F08720684A4E10F0020F14D010F0040FD3
:101E700003D0706840F4E0607060207810F0080FC4
:101E800003D0706840F460507060706820F0F0011A
:101E9000A06808437060207810F0010F3AD06068A5
:101EA000012806D002280BD0316811F0020F27D08C
:101EB0000AE0316811F4003F06D10120BDE8F08747
:101EC000316811F0007F18D0716821F003010843D8
:101ED0007060FFF729FA07467068616800F00C002F
:101EE000B0EB810F16D041F28839FFF71DFAC01B05
:101EF000484508D90320BDE8F0870120BDE8F087F8
:101F00000120BDE8F0877068616800F00C00B0EB5C
:101F1000810FEAD1D8F8000000F00700A8420FD9DD
:101F2000D8F8000020F007002843C8F80000D8F8CF
:101F3000000000F00700A84202D00120BDE8F087B1
:101F4000207810F0040F05D07068E16820F4E0609C
:101F500008437060207810F0080F06D0706821697F
:101F600020F4605040EAC100706000F03FF87168F2
:101F7000084AC1F30311515CC8400749086007488B
:101F80000068FFF7B9FE0020BDE8F087002002409E
:101F90000010024076CD0008CC000020C4000020D4
:101FA0000148006870470000CC00002000B5FFF732
:101FB000F7FF04494968044AC1F30221515CC84053
:101FC00000BD00000010024086CD000800B5FFF7FC
:101FD000E7FF04494968044AC1F3C221515CC84083
:101FE00000BD00000010024086CD00082DE9F04140
:101FF000214B586800F00C01042904D0082905D0B1
:102000001E48BDE8F0811E48BDE8F0811D49C0F3BF
:1020100083428C5C10F4803F29D0D86A0E3100F0E6
:102020000F00085CD96A11F4803F17D0D96AC1F358
:1020300003114A1CD96AC1F30321891CA2FB0023A6
:10204000A1FB0415DFF838C00026A1FB0C0705FB37
:102050000C7C01FB06C1FEF799F803E008496143D7
:10206000B1FBF0F00D2CCFD14008BDE8F08106485F
:102070006043BDE8F08100000010024000127A00C9
:1020800040787D0158CD000800093D0030B587B08B
:102090000D460020049002200390032005904FF489
:1020A00080700290094CA06940F00400A061A06912
:1020B00000F00400019002A90548FFF727F86068C6
:1020C00020F070602843606007B030BD001002400F
:1020D000000801402DE9F84F0446002C0FD020786D
:1020E000FE4D10F0010F6CD0686800F00C00042861
:1020F0000CD0686800F00C00082803D010E0012024
:10210000BDE8F88F686810F4803F09D0286810F4A3
:10211000003F56D0A068002853D10120BDE8F88FB9
:10212000A068B0F5803F15D0C8B1B0F5A02F1FD082
:10213000286820F480302860286820F480202860F7
:10214000A06858B3FFF7F0F80646286810F4003F7F
:1021500017D036E0286840F480302860F0E728681F
:1021600020F480302860286820F480202860E7E789
:10217000286840F480202860286840F48030286077
:10218000DEE7FFF7D1F8801B642802D90320BDE801
:10219000F88F286810F4003FF3D012E0FFF7C4F87E
:1021A0000646286810F4003F0BD0FFF7BDF8801BEF
:1021B000642802D90320BDE8F88F286810F4003F96
:1021C000F3D12078C64F10F0020F4FF001094FF005
:1021D000000854D0686810F00C0F14D0686800F044
:1021E0000C00082803D1686810F4803F0BD06069A8
:1021F00078B3C7F80090FFF797F80646286810F004
:10220000020F12D01DE0286810F0020F05D060699F
:10221000012802D00120BDE8F88F2868A16920F0CC
:10222000F80040EAC100286029E0FFF77DF8801B34
:10223000022802D90320BDE8F88F286810F0020FA9
:10224000F3D02868A16920F0F80040EAC1002860B6
:1022500015E0FFE7C7F80080FFF766F80646286834
:1022600010F0020F0BD0FFF75FF8801B022802D995
:102270000320BDE8F88F286810F0020FF3D1207812
:1022800010F0080F30D09748E169C1B1C0F8009054
:10229000FFF74AF80646686A10F0020F0BD1FFF705
:1022A00043F8801B022802D90320BDE8F88F686A32
:1022B00010F0020FF3D0012000F096FE14E0C0F8F9
:1022C0000080FFF731F80646686A10F0020F0BD065
:1022D000FFF72AF8801B022802D90320BDE8F88FF7
:1022E000686A10F0020FF3D1207810F0040F6FD05D
:1022F0000026E86910F0805F08D1E86940F080505E
:10230000E861E86900F0805000900126DFF8D8B15C
:10231000DBF8000010F4807F1BD1DBF8000040F4F4
:102320008070CBF80000FEF7FFFF8246DBF800006C
:1023300010F4807F0DD1FEF7F7FFA0EB0A006428B0
:1023400002D90320BDE8F88FDBF8000010F4807F8D
:10235000F1D02069012816D0D0B1052821D0286AF3
:1023600020F001002862286A20F004002862206919
:1023700041F2883B68B3FEF7D7FF8246286A10F027
:10238000020F17D03AE0286A40F001002862EEE719
:10239000286A20F001002862286A20F004002862E0
:1023A000E5E7286A40F004002862286A40F001004E
:1023B0002862DCE7FEF7B8FFA0EB0A00584502D917
:1023C0000320BDE8F88F286A10F0020FF2D015E064
:1023D0001AE0FFE7FEF7A8FF8246286A10F0020F16
:1023E0000CD0FEF7A1FFA0EB0A00584502D903204C
:1023F000BDE8F88F286A10F0020FF2D1012E03D148
:10240000E86920F08050E861E06A98B3696811F4E7
:10241000803F0BD0696801F00C01082906D1E96AF8
:1024200011F4803F02D00120BDE8F88F022814D0BB
:10243000E86A20F48030E862C7F86880FEF774FF2D
:102440000646286810F0006F59D0FEF76DFF801B1C
:10245000642850D90320BDE8F88F286810F0805F09
:1024600009D0E86A616B00F0F000884203D00120D7
:10247000BDE8F88F43E0C7F86880FEF755FF0646D1
:10248000286810F0006F0BD0FEF74EFF801B642809
:1024900002D90320BDE8F88F286810F0006FF3D14F
:1024A000E86A616B20F0F0000843E862E86A216B9B
:1024B00020F470600843E862C7F86890FEF734FFC4
:1024C0000646286810F0006F19D1FEF72DFF801B1B
:1024D00064280BD90320BDE8F88F000000100240EB
:1024E000000042428004424200700040286810F020
:1024F000006FEAD003E0286810F0006FA5D1206AD1
:10250000E8B3696801F00C01082957D002280FD000
:10251000C7F86080FEF708FF0446286810F0007FC7
:102520005DD0FEF701FF001B022842D90320D2E74D
:10253000C7F86080FEF7F8FE0646286810F0007FB6
:102540000AD0FEF7F1FE801B022801D90320C2E762
:10255000286810F0007FF4D1606AB0F5803F09D19F
:10256000E86A61680843E862E86AE16820F00F0001
:102570000843E862A16A606A0843696800E02EE0E7
:1025800021F4741108436860C7F86090FEF7CCFE30
:102590000446286810F0007F21D1FEF7C5FE001B1D
:1025A000022801D9032096E7286810F0007FF4D0B4
:1025B00015E0286810F0007FB3D110E001280CD09E
:1025C0006868626A00F48031914204D1A16A00F423
:1025D0007010884203D001207DE701207BE70020B6
:1025E00079E70000401EB0F1807F01D301207047E1
:1025F0004FF0E0214861044AF0201070002088610B
:10260000072008610020704723ED00E070B5044604
:10261000002C04D094F84100002510B106E0012000
:1026200070BD84F84050204600F024F8242084F83F
:1026300041002068C16821F40051C160204600F0CB
:1026400093FD2068016921F490410161206841698E
:1026500021F02A0141612068C16841F40051C16044
:102660006564202084F8410084F8420065630020FE
:1026700070BD000030B585B0002400940194029430
:1026800003942B4D03682B4802210322AB4223D134
:10269000836943F480438361836903F48043049333
:1026A000836943F0040383618069234D00F00400D3
:1026B00004900802CDE90001039269462846FEF71E
:1026C00025FD2815CDE90004012002906946284621
:1026D000FEF71CFD05B030BD184DAB42FAD1C36901
:1026E00043F40033C361C36903F400330493836983
:1026F00043F0200383618069114D00F020000490B5
:102700002020CDE90001039269462846FEF7FEFC31
:102710004020CDE90004694628460294FEF7F6FC05
:102720000848416841F0E06141F008014160D1E7AB
:102730000038014000100240000801400044004001
:1027400000140140000001402DE9F84304460E4604
:1027500015461F4694F84100202802D00220BDE80B
:10276000F8837EB175B100206064212084F84100B7
:10277000FEF7DAFD8146A584E584A068B0F5805FA8
:1027800003D004E00120BDE8F883206990B135460C
:102790000026E08C4FF02008C8B14B460022802173
:1027A0002046009700F044FD30B184F841800320BA
:1027B000BDE8F8830025ECE7B5B1216828784860CA
:1027C0006D1CE08C401EE084E08C0028E5D14B4677
:1027D000002240212046009700F02AFD58B184F8DD
:1027E00041800320BDE8F88330882168C0F30800E9
:1027F0004860B61CE5E784F841800020BDE8F88316
:10280000FEE701684A6912F4806F11D06FF48062AC
:102810004A6100210163202280F83D2080F83E10AB
:10282000026C42F00402026480F83C100120704700
:1028300000207047F8B504460D4617461E46E06A6C
:10284000082808D0012806D010F5803F03D0206B5F
:10285000122806D00AE02068016841F48071016006
:1028600004E02068016841F4807101603B46002269
:102870004FF001112046009600F07BF948B1206826
:10288000006810F4807F02D04FF4007020640320B1
:10289000F8BD2069B0F5804F0FD005F44070F021ED
:1028A00041EAD0102168086133463A460C49204677
:1028B00000F0D4F930B10120F8BD216805F0FE0028
:1028C000086102E02168E8B2086133463A460549EA
:1028D000204600F0C3F908B10120F8BD0020F8BD82
:1028E00008000100020001002DE9F84F0446DDF860
:1028F00028A00B9D0F4690461E462068016841F4B3
:10290000806101602068016841F480710160534674
:1029100000224FF001112046009500F02AF94FF4F3
:10292000007948B12068006810F4807F01D0C4F8B5
:1029300040900320BDE8F88F216807F0FE00086191
:10294000DFF8F4B02B4652465946204600F086F98F
:1029500010B10120BDE8F88F2068416980690090BE
:102960002A465146204600F032FA50B1206C042825
:1029700004D12068016841F4007101600120BDE8C4
:10298000F88F304608F0FF0601280DD021684FEA85
:10299000182008612A465146204600F018FA70B106
:1029A000206C042803D007E02068066109E0206855
:1029B000016841F4007101600120BDE8F88F2068D2
:1029C00006612A465146204600F001FA50B1206CBB
:1029D000042804D12068016841F4007101600120DD
:1029E000BDE8F88F2068016841F4807101605346AA
:1029F00000224FF001112046009500F0BAF848B1CE
:102A00002068006810F4807F01D0C4F84090032053
:102A1000BDE8F88F2168F8B240F0010008612B464C
:102A200052465946204600F019F910B10120BDE880
:102A3000F88F0020BDE8F88F020001002DE9F8436F
:102A40000446DDF82090099F0D46164698462068FA
:102A5000016841F4807101604B4600224FF0011182
:102A60002046009700F085F850B12068006810F407
:102A7000807F02D04FF4007020640320BDE8F8830B
:102A8000216805F0FE0008613B464A461E49204683
:102A900000F0E4F810B10120BDE8F8832068416936
:102AA000806900903A464946204600F090F950B1BE
:102AB000206C042804D12068016841F40071016091
:102AC0000120BDE8F883F5B2B8F1010F0CD0216800
:102AD000300A08613A464946204600F078F970B15C
:102AE000206C042803D007E02068056109E0206815
:102AF000016841F4007101600120BDE8F88320689D
:102B000005610020BDE8F8830200010070B50446AD
:102B10000D4616462068406910F0040F18D1204673
:102B2000FFF76FFE08B1012070BDB5F1FF3F0AD07D
:102B3000FEF7FAFB801BA84200D825B9206840693F
:102B400010F0040F06D02068406910F0040FE6D0A2
:102B5000002070BD00202063202184F83D1084F8FF
:102B60003E00216C41F02001216484F83C000120EA
:102B700070BD2DE9F0470446DDF820900D4617465C
:102B80001E46C5F307482068B8F1010F13D08069CD
:102B900025EA00000004000C17D00020B8424DD1F7
:102BA000B6F1FF3F3DD0FEF7BFFBA0EB0900B042FE
:102BB0000DD866B135E0406925EA00000004000C3C
:102BC00001D00020EAE70120E8E70120E6E7B8F1BC
:102BD000010F19D02068806925EA00000004000C6C
:102BE0001DD00020B8421CD100202063202184F891
:102BF0003D1084F83E00216C41F02001216484F8EE
:102C00003C000120BDE8F0872068406925EA00000B
:102C10000004000C01D00020E4E70120E2E70120DD
:102C2000E0E7B8F1010F0CD02068806925EA0000C8
:102C30000004000C10D00020B842B1D00020BDE844
:102C4000F0872068406925EA00000004000C01D0EC
:102C50000020F1E70120EFE70120EDE72DE9F04743
:102C600004460D4616469846C5F307472068012FCF
:102C700026D0806925EA00000004000C59D04FF0EE
:102C800000094FF0200A2068406910F4806F1ED0C0
:102C90002068016841F40071016021686FF4806070
:102CA0004861C4F8309084F83DA084F83E90206CD0
:102CB00040F00400206484F83C900120BDE8F087D7
:102CC000406925EA00000004000C32D0D7E7B6F1D5
:102CD000FF3F25D0FEF728FBA0EB0800B04200D84C
:102CE000F6B9012F15D02068806925EA000000049C
:102CF000000C15D0C4F8309084F83DA084F83E90C4
:102D0000206C40F02000206484F83C900120BDE855
:102D1000F0872068406925EA00000004000CE9D132
:102D2000012F09D02068806925EA00000004000C0A
:102D3000A9D10020BDE8F0872068406925EA00009D
:102D40000004000C9FD1F4E72DE9F04104460D4644
:102D500016462068406910F0400F27D100274FF039
:102D600020082068406910F0100F0FD020686FF025
:102D700010014161276384F83D8084F83E70206C27
:102D8000206484F83C700120BDE8F081FEF7CCFAA5
:102D9000801BA84200D825B92068406910F0400F78
:102DA00007D02068406910F0400FDAD00020BDE85D
:102DB000F081276384F83D8084F83E70206C40F0F9
:102DC0002000206484F83C700120BDE8F08170B5DB
:102DD00004460D4616462068406910F0800F18D151
:102DE0002046FFF70EFD08B1012070BDB5F1FF3F91
:102DF0000AD0FEF799FA801BA84200D825B92068AE
:102E0000406910F0800F06D02068406910F0800FF4
:102E1000E6D0002070BD00202063202184F83D1002
:102E200084F83E00216C41F02001216484F83C00CC
:102E3000012070BD114810B50F49016001218A03BE
:102E4000C0E90112CA02C26001820D49002280233A
:102E50000A704B70E1238B70CA700A714A71C0E925
:102E600005124FF40001C0E90721FDF737FF0028E4
:102E700001D072B6FEE710BD008002402816002087
:102E8000940000202DE9F04385B0002429480094E7
:102E9000019402940394816941F010018161816978
:102EA00001F010010491816941F00401816181699F
:102EB00001F004010491816941F008018161816997
:102EC00001F008010491816941F02001816180696C
:102ED000DFF8648000F020000490002201214046C9
:102EE000FEF71AFADFF854904FF204070022394631
:102EF0004846FEF711FA0125022603960095CDE912
:102F0000015469464046FEF701F900970396CDE962
:102F1000015469464846FEF7F9F82802CDE9000653
:102F20000320039069460648FEF7F0F805B0BDE8B7
:102F3000F083000000100240000C0140001401402A
:102F4000000801402DE9FF414FF480700225CDE9D2
:102F5000000500240320CDE902401E4F6946384693
:102F6000FEF7D4F80126CDE900646946384602949C
:102F7000FEF7CCF82F03DFF86080CDE900766946D4
:102F80004046CDE90245FEF7C1F8012239464046E8
:102F9000FEF7C2F9CDE90056DFF8408069464046A9
:102FA000CDE90245FEF7B2F8002202214046FEF7C5
:102FB000B3F96F03CDE9007669464046CDE9024595
:102FC000FEF7A4F8002239464046FEF7A5F9BDE811
:102FD000FF8100000008014000100140000C01408A
:102FE000FEE7FEE77047000081B007494FF4FA5250
:102FF0000968B1FBF2F14843009000BF0098411E00
:103000000091FAD201B07047CC0000207047000058
:1030100010B5FEF757FEFEF787F90149086010BDAD
:103020005400002030B593B038216846FDF716F9FA
:1030300014210EA8FDF712F9012528040421CDE979
:1030400002010224CDE908400095019005954FF456
:10305000E010CDE90A044FF4C0600C9040200D90C0
:103060006846FFF737F808B172B6FEE70F20CDE9E2
:103070000E0400204FF48061CDE91001129002216E
:103080000EA8FEF7CDFE08B172B6FEE700224FF0A3
:1030900030611046FEF7FAFF0E48C16A21F0F001D8
:1030A00041F04001C162C16A21F4704141F4004124
:1030B000C16209490D674FF6FF710268920002D4A0
:1030C000491EFAD101E0002902D104A000F0FAF86B
:1030D00013B030BD00100240000042425B434C4B35
:1030E0005D204552524F523A20504C4C3320646977
:1030F00064206E6F74206C6F636B3B204D434F20D8
:1031000077696C6C206E6F74206F757470757420A5
:1031100035304D487A0D0A00704701680C3151E88E
:10312000002F22F4907241E80023002BF5D10168B2
:10313000143151E8002F22F0010241E80023002B56
:10314000F5D1016B012909D101680C3151E8002F3B
:1031500022F0100241E80023002BF5D1202180F855
:10316000421000210163704770B504462068016970
:10317000E26821F44051114301612169A0680843CC
:10318000616901432068C26822F4037222F4A052EC
:103190001143C16020684169A26921F44071114363
:1031A00041612068A0F18041B1F59C313AD0FEF731
:1031B000FDFE00EBC00101EB001061681B4A8900B5
:1031C000B0FBF1F3A2FB0353B0FBF1FC5B096FF022
:1031D00018056B430CEB83034FF0320C0CEB03131D
:1031E000A2FB03535B0903F0F005B0FBF1F3A2FB74
:1031F00003635B0905EB0313B0FBF1F5B0FBF1F0E2
:10320000A2FB001040096FF01801484305EB800055
:103210000CEB0010A2FB00102168C0F3431018440F
:10322000886070BDFEF7D2FEC3E700001F85EB513A
:103230002DE9F8430446089E0D4617469846206837
:10324000006835EA000028D00020B84232D1B6F13B
:10325000FF3F27D0FEF768F8A0EB0800B0421ED869
:10326000EEB12068C16811F0040F1BD0802D19D079
:10327000402D17D0016811F0080F13D000252168E8
:103280000968406800902046FFF747FF0820606407
:1032900084F840500120BDE8F8830120D5E70320E1
:1032A000BDE8F8832068006835EA000005D00020FA
:1032B000B842CCD00020BDE8F8830120F8E701F047
:1032C0007BB9FEE70FB4054B10B503A9044A029879
:1032D00000F032F810BC5DF814FB0000016C00082F
:1032E000800100200FB47CB50C0009AD01D0611E37
:1032F00000E00021CDE90001064B6A462946089806
:1033000000F01AF8002C02D0009A002111707CBC49
:103310005DF814FB0338000802E008C8121F08C15A
:10332000002AFAD170477047002001E001C1121F46
:10333000002AFBD1704700002DE9FF4F8DB00F46EA
:103340000546002606E025280BD0DDE90F12904740
:103350006D1C761C28780028F5D111B03046BDE8E8
:10336000F08F0024A246A1460122E94900E004436F
:1033700015F8013F203B02FA03F00842F7D1287804
:103380002A2810D06FF02F022878A0F130010929E7
:1033900014D80AEB8A0102EB410144F0020400EB6D
:1033A000010A6D1CF0E701CF5FEA000A03D544F47F
:1033B0000054CAF1000A44F002046D1C28782E283B
:1033C00017D115F8010F44F004042A280ED06FF02D
:1033D0002F022878A0F1300109290AD809EB8901C8
:1033E00002EB410100EB01096D1CF2E757F8049B69
:1033F0006D1C28786C280FD006DC4C2817D0682864
:103400000DD06A2814D104E0742810D07A280FD186
:103410000DE044F400140AE044F4801401E044F4A4
:1034200040146978814202D104F580146D1C6D1C32
:1034300028786E281ED00CDC632830D004DC0028ED
:103440008BD0582811D19FE0642867D069280CD10F
:1034500064E073282DD004DC6F2872D0702804D16A
:1034600094E075286ED078286DD0DDE90F12904772
:10347000761C4BE1C4F30250022806D0032809D081
:10348000042801CF09D0066040E101CFF117C0E95F
:1034900000613BE101CF068038E1067036E117F8A4
:1034A000040B8DF8000000208DF80100EB46012090
:1034B00003E057F804BB4FF0FF3061074FF0000105
:1034C00002D40DE008F10101884649450FDA804534
:1034D000F8DB1BF808100029F4D108E008F101011D
:1034E00088468142FADB1BF808100029F6D1DDE995
:1034F0000F23AAEB08008146214600F031F9304441
:1035000000EB080604E0DDE90F121BF8010B904701
:10351000B8F10108F7D221464846F2E00A21C4F387
:1035200002524FF0000B0891022A04D001CFC117BC
:10353000032A09D00AE0FF1D27F00707F7E8020178
:1035400008E02CE01EE01FE000B2C117042A01D100
:1035500040B2C117021E71F1000206DA0023D0EB5F
:10356000030063EB01012D2202E0220504D52B228A
:103570008DF82420012203E0E20701D02022F7E7A2
:10358000904653E00A210BE0102109E010214FF092
:10359000000B44F004044FF00809089103E00821EF
:1035A0004FF0000B0891C4F30252022A04D001CF5D
:1035B0000021032A06D006E0FF1D27F00707F7E8E1
:1035C000020103E080B2042A00D1C0B24FF000082B
:1035D00022072BD52A78702A07D0DDF820C08CF07E
:1035E000100C5CEA0B0C05D00EE040228DF8242074
:1035F000012208E050EA010306D030238DF8243080
:103600008DF8252002229046089B83F0080353EA98
:103610000B030BD150EA010201D1620706D530221B
:103620008DF824204FF00108A9F101092A78582AC1
:1036300004D038A20B9208AA0A920BE03AA2F9E74A
:103640005B46089AFCF7A2FD0B9B9B5C0A9A521EF4
:103650000A92137050EA0102F2D10A98ADEB000011
:1036600000F1200B600702D524F4803401E04FF014
:103670000109D94502DDA9EB0B0000E0002000EBB9
:103680000B0141440890AAEB010AE00306D4DDE9EE
:103690000F232146504600F063F806444FF000091E
:1036A00008E009A911F80900DDE90F12904709F1B6
:1036B0000109761CC145F4DBE0030CD5DDE90F23DD
:1036C0002146504600F04CF8064404E0DDE90F12B4
:1036D00030209047761C0899481E08900029F5DC98
:1036E00008E00A980A990078491C0A91DDE90F124E
:1036F0009047761CBBF10001ABF1010BF1DC2146D8
:103700005046DDE90F2300F019F806446D1C21E650
:1037100009280100303132333435363738396162A7
:10372000636465660000000030313233343536376B
:103730003839414243444546000000002DE9F0413C
:10374000044600251E461746880404D405E0394681
:103750002020B0476D1C641EF9D52846BDE8F081D5
:103760002DE9F041044600251E469046C80301D5C8
:10377000302700E02027880404D505E0414638467C
:10378000B0476D1C641EF9D52846BDE8F081F0B540
:103790001E1EC1B014460B4602D004F1060101E022
:1037A00004F10501CFB24FF055018DF800104FF034
:1037B000AA018DF801108DF8020001D0201D00E053
:1037C000E01C8DF80300224619466D4601A8FCF75F
:1037D0001EFD30000DEB040607D0A11CA81C00F054
:1037E00049F9010A3171707105E0A41CE1B2A81C0D
:1037F00000F05EF930713946684600F00FFF41B0C5
:10380000F0BD4A68002A06D00A68531C0B6010708D
:103810004868401E4860704730B5154C054685B075
:10382000206968B1284600F055F80246294611A0E3
:10383000FFF748FD206A38B1194800F07DFD03E02C
:10384000294618A0FFF73EFD00F006FAADF810007B
:1038500000F0F0F9ADF81200694604A805F03AF955
:10386000010002D0684602F0AFFD05B030BD000097
:10387000480000205B465245515D207265717565B8
:1038800073746564202575204D487A202D3E206193
:10389000637475616C202575204D487A0D0A00000F
:1038A000541700205B465245515D20726571756565
:1038B0007374202575204D487A2069676E6F726594
:1038C0006420286E6F2041534943207265616479FA
:1038D000290D0A00F8B50446322801D2322404E04A
:1038E0004FF41670844200D904462046FCF7A1FE2E
:1038F00000F0A2FD094D06464FF07C51AC80FCF76C
:10390000CCFCFCF7C1FEE880702000902B7832469A
:103910000020034900F0CAFDE888F8BD000000203F
:103920000000F03F2DE9F04FADF6140D83468846B8
:103930000026FDF7F9FC0024074625460DF6040A8B
:103940000DF104093FE0684608F046FFD8B3FF2CAC
:103950000BD89DF8001009F83410FDF7E5FCC11BE9
:1039600009EBC400641CA4B241600B2D08D29DF881
:1039700000100AF805106D1CEDB20B2D23D30AE0E0
:103980000A220AF101010DF60400FCF740FC9DF843
:1039900000008DF80E089DF80408AA2813D19DF8A0
:1039A000050855280FD1BDF8060840BAA0F5985172
:1039B000663908D109210AF1020000F079F810B93E
:1039C000761CB6B20025FDF7AFFCC01B404501D206
:1039D0005E45B8D3214610A0FFF774FC00254F4682
:1039E0000AE000BF07EBC50017F83510426810A0C9
:1039F000FFF768FC6D1CADB2A542F3D30F48C16957
:103A00000091C389828931460DA0FFF75BFC0DF65A
:103A1000140D3046BDE8F08F5B434849505D20727D
:103A20006563762025752062797465733A0000001D
:103A3000202530325840256C750000000000002021
:103A40000D0A5B434849505D20666F756E643D25E5
:103A500075202046452F4E453D2575204F52453D4A
:103A600025752072785F746F74616C3D256C750DDF
:103A70000A000000F0B505464FF6FF74204600220C
:103A800041F2210611E0AB5C80EA03200023070429
:103A900003D586EA400080B201E004EA40005B1CE6
:103AA000DBB2082BF3D3521C92B28A42EBD3F0BDA7
:103AB00070B506461F20002212E0B45C0023E50921
:103AC00085EA1015640645EA40005B1C240E80EA76
:103AD0008500DBB200F01F00082BF0D3521CD2B2DD
:103AE0008A42EAD370BD00002DE9FE4F33A1D1E92F
:103AF0000001CDE901013348016841F080710160A6
:103B0000314800214160016841F001010160002657
:103B10004FF000094FF0FF344D4600F031FDBFF388
:103B20004F8F2949D1F804B0284B294A002001AF12
:103B300003F1040C8A4619680906FCD5395CCCF8F7
:103B40000010002C07DA1189B2F80A80414502D032
:103B5000DAF804900446401C0728ECDBDAF804701D
:103B6000D046DFF870A005E0684608F035FE08B1E1
:103B70006D1CADB2D8F80400C11B5145F4D3002C24
:103B80000BDBA9EB0B004821B0FBF1F322463146D9
:103B900011480095FFF796FB0AE02DB12A46314601
:103BA0000EA0FFF78FFB03E031461AA0FFF78AFB58
:103BB000761C052EACDBBDE8FE8F000055AA520531
:103BC00000000A00FCED00E0001000E000380140B9
:103BD0000000002080F52000F4CE00085B43484937
:103BE000505D204543484F2D50524F42452025649B
:103BF0003A2041465445522D6275727374206F6E9F
:103C00006C793A20257520627974652873290D0A2C
:103C1000000000005B434849505D204543484F2D5C
:103C200050524F42452025643A206E6F20656368EC
:103C30006F0D0A000148C088704700000000002096
:103C400001484078704700000000002001480078DB
:103C50007047000000000020014880887047000085
:103C6000000000202DE9F34FC94891B0816941F06F
:103C70000801816180694FF0000A00F0080000909F
:103C80000120CDE9020A01900220C24C049001A952
:103C90002046FDF73BFAC0A0FFF714FB00220121EC
:103CA0002046FDF739FB6420FDF704F80122114698
:103CB0002046FDF731FB6420FCF7FCFF00F0EAFA38
:103CC000C2A1DFF81083D1E90001DFF80C93C34EE5
:103CD0000025A346CDE90501042D05D0BD4C0C3CC3
:103CE000605D98B1012212E044F202000790CDF825
:103CF00020A0CDF824A007A9CDF828A05846FDF7AC
:103D000005FA0521B6A0FFF7DDFA16E00022022130
:103D10005846FDF701FBAF4FFF1F785D08B1012248
:103D200000E000224FF480415846FDF7F5FA7B5D34
:103D3000625D691CB9A0FFF7C5FA002201215C464B
:103D40005846FDF7E9FA0A20FCF7B4FF01221146B4
:103D50002046FDF7E1FA3220FCF7ACFF002744468D
:103D600058F8270000F06EFC00F00AFC54F8271009
:103D7000B7A03161FFF7A6FA0024484600F0EAFB3D
:103D8000641C032CF9DB072105A800F005FB4FF4A8
:103D9000FA711198FFF7C6FD041E02DC7F1C022F8A
:103DA000DDDB6D1C052D02DA002C95D000E02CB374
:103DB0003470AEA03169FFF785FAB5A207AB07CA28
:103DC00083E807000B2107A800F0E6FAB3A207ABCF
:103DD00007CA83E807000B2107A800F0DDFA574661
:103DE000022269465320CDF800A000F095FA4FF466
:103DF000807898FBF4F0707000252FE0FFF774FED8
:103E0000AA208DF800004EF660254FF47A70B5FBBD
:103E1000F0F1A548FFF756FAFDF786FA064607E0E7
:103E200000240121684600F0F9FB641CC82CF8DB73
:103E3000FDF77AFA801BA842F2D3002013B0BDE848
:103E4000F08F7178009705FB01F08DF800000222D9
:103E50006946402000F060FA6D1CEDB2A542F0DB2F
:103E600092A207AB07CA83E807000B2107A800F05E
:103E700093FA91A207AB07CA83E807000B2107A8B2
:103E800000F08AFA404600F0AFFA8EA207AB07CAEC
:103E900083E807000B2107A800F07EFA8CA207AB8D
:103EA00007CA83E807000B2107A800F075FA8BA268
:103EB00007AB07CA83E807000B2107A800F06CFADC
:103EC000002740E0707888A107FB00F5D1E90001E8
:103ED000CDE907018DF81C50062207A9412000F00A
:103EE0001BFA83A10622D1E90001CDE909018DF871
:103EF000245009A9412000F00FFA7FA10622D1E940
:103F00000001CDE90B018DF82C500BA9412000F0E8
:103F100003FA7BA10622D1E90001CDE90D018DF85C
:103F200034500DA9412000F0F7F977A10622D1E91C
:103F30000001CDE90F018DF83C500FA9412000F0A0
:103F4000EBF97F1CFFB2A742BCDB129800F074FAB9
:103F500005461298FCF798FBB0804FF07C5128463C
:103F6000FCF79BF9FCF790FBF08070200090A3B267
:103F70002A460020664900F099FA66A207AB07CAF4
:103F800083E807000B2107A800F006FA204655E752
:103F900000100240000C01405B434849505D207214
:103FA000657365742070756C7365202852535420B6
:103FB0006C6F77203130306D73202D3E206869673B
:103FC00068203130306D73290D0A000055AA520562
:103FD00000000A0038CD000800E0FF1F00000020AC
:103FE0005B434849505D207374726170207472792C
:103FF0002025642F353A20424F4F54285042312912
:104000003D666C6F6174204354524C2850423134E9
:10401000293D666C6F61740D0A0000005B434849DE
:10402000505D207374726170207472792025642F42
:10403000353A20424F4F5428504231293D257520B2
:104040004354524C2850423134293D25750D0A0005
:104050005B434849505D2070726F62696E67204013
:1040600020256C7520626175640D0A005B43484928
:10407000505D20636861696E206C6F636B656420BE
:104080004020256C7520626175640D0A00000000F7
:1040900055AA510900A800070000030055AA5109BC
:1040A0000018FF0FC100000088CE000855AA510972
:1040B000003C800085400C0055AA5109003C80005E
:1040C0008020190055AA51090054000000031D006A
:1040D00055AA5109005802111111060055AA4109AB
:1040E000002C007C0003030000A8000701F0000082
:1040F0000018F000C1000000003C80008540000076
:10410000003C800080200000003C800082AA00006B
:104110000000F03F55AA510900A49000FFFF1C00C9
:104120002DE9FF5F4FF0000A2D4E934650E000BF8F
:104130004FF0010801243CE0012538E02846FCF757
:1041400078FA81462046FCF774FA07464046FCF7A9
:1041500070FA3946FCF7F9F84946FCF7F6F80746D5
:104160005846FCF766FA1F49FCF7EFF83946FCF7AA
:104170001EF9814630460199FCF7E1F820F000472E
:1041800048460199FCF7DBF820F000403946FCF77F
:10419000BBFA0AD250466BF3070068F30F2064F3B2
:1041A000174065F31F6082464E466D1CEDB2A54276
:1041B000C4D3641CE4B2072CBED908F1010000F09E
:1041C000FF08B8F1020FB5D90BF1010000F0FF0BA9
:1041D00003998B45ACD90098C0E900A6BDE8FF9FC4
:1041E000286B6E4E0000C8412DE9F843884607460B
:1041F000FDF79AF8254D264C0646684608F0ECFA7D
:104200000028A07815D0F0B1012822D09DF8001028
:104210002954401CC0B2A0700B28EED10020A07021
:104220000921A81CFFF744FC28B3A069401CA06129
:10423000E3E7002805D0FDF777F8811B4145DCD383
:104240000020BDE8F8839DF80000AA28D5D1287089
:104250000FE09DF80000552807D028706169491CBF
:104260006161AA2805D0002001E068700220A070DA
:10427000C3E70120FBE72868386068687860288910
:104280003881A87AB8720120DBE700008C01002099
:104290000000002030B400220B4944F62063104691
:1042A0000C68640500D5521C401C9842F8D39A4211
:1042B00001D106A101E022B106A130BC08A0FFF7A0
:1042C00001B814A1F9E7000008080140484947482F
:1042D00000000000464C415050494E47000000008D
:1042E0005B434849505D20525828504131302920C5
:1042F00069646C653A2025732028256C752F256C20
:10430000752073616D706C65732068696768290D2D
:104310000A0000004C4F57000023FFF738BA000096
:1043200008B504A002220068009069465220FFF7F9
:10433000F3FF08BD008C000030B5044695B000784E
:104340008DF8000001208DF80100D4F8D000CDF8E0
:104350000200D4F8CC00CDF80600D4F8C800CDF89F
:104360000A0004F18005202204F1A8010DF10E00DD
:10437000FBF74DFF202204F188010DF12E00FBF721
:1043800046FF6868CDF84E0052220123694621207D
:10439000FFF7FDF915B030BD70B506460D460BA010
:1043A000FEF790FF002405E0315D0CA0FEF78AFFC8
:1043B000641CE4B2AC42F7D30AA0FEF783FF29469F
:1043C0003046BDE8704000F029B900005B43484921
:1043D000505D2054582025753A00000020253032C9
:1043E000580000000D0A00007CB56C46002101E079
:1043F0004008491C0128FBD80020012520708D4071
:10440000142060706D1E280E04F076FEA070C5F3B7
:10441000074004F071FEE070C5F3072004F06CFE65
:104420002071E8B204F068FE6071062269465120EE
:10443000FFF772FF7CBD00007FB50146EB239022A1
:1044400002A8FFF76DFE9DF808209DF8091002EB09
:10445000C20404EB0214B4FBF1F49DF80A309DF899
:104460000B00B4F5166F01D3502400E040245B1E0E
:1044700003F00F03401E0BA563F31F10D5E90035B1
:10448000CDE900358DF804108DF802408DF8032039
:104490008DF80500062269465120FFF73DFF03987D
:1044A00004B070BD00080000000000002DE9FC41D0
:1044B00006461C4617468846089803F0F9FE05464E
:1044C000204603F0F5FEFCF7B4F804462846FCF756
:1044D000B0F801464FF09F40FBF769FF2146FBF71C
:1044E00066FF05463846FCF7FCF807460C462846AA
:1044F000FCF7F7F80022144BFBF7A3FF3A462346DC
:10450000FCF711F86FF00502FCF77CF832464346E1
:10451000FBF797FFFCF7CCF80CA2D2E90012CDE92B
:104520000012010E8DF80210010C8DF80310010A23
:104530008DF804108DF80500062269465120FFF71A
:10454000EBFEBDE8FC8100000000394000100000D7
:10455000000000001CB508A2400BD2E90012CDE912
:104560000012010A8DF804108DF805000622694634
:104570005120FFF7D1FE1CBD00A4900000000000F8
:1045800008B5684608F028F90028FAD108BD0000EF
:10459000084810B50068C16841F02001C1600022E0
:1045A00001212520FDF7F6FBBDE810402520FDF791
:1045B000E3BB0000C4160020154810B5016800F1E7
:1045C000040214488B061BD5126811F0060FD2B2F4
:1045D00002D083895B1C8381090702D5C189491CEC
:1045E000C181C169491CC16101894389491CC1F369
:1045F0000901994203D0084B04891A55018110BD65
:104600000907FCD51168C189491CC18110BD000092
:1046100000380140000000209701002030B5084B11
:1046200000221C1D06E01D682D06FCD5855C25605A
:10463000521C92B28A42F6D318684006FCD530BDAF
:104640000038014070B505460A4801684906FCD5A6
:10465000084C0C34206820F400502060FDF7B6FCB4
:10466000B0FBF5F0211F0860206840F40050206086
:1046700070BD0000003801402DE9F0410F460646AC
:1046800014461D46511C184608F00CFB2E7124B12F
:1046900022463946681DFBF7BAFD641DA0B2BDE88D
:1046A000F08100002DE9F0434C4C97B020690028C0
:1046B0007ED0FCF739FE216C41F28832411A9142DA
:1046C00002D32064FFF72CFE7DE000BF9DF80E00B2
:1046D000000636D5002004900690BDF80C00DDF8E9
:1046E000065046BA9DF80B00059500F0F8018DF8CC
:1046F000101000F007008DF81300680E8DF81200FE
:10470000FFF79EFAC5F34741B1FBF0F08DF81100B9
:104710009DF810003249C0F3C30051F8200000B9E1
:10472000A06940EA4630069007A80090D4E9162315
:1047300004A804F021FA010045D007A801F044FEC6
:1047400041E09DF80B008C283DD1BDF806009DF896
:10475000081040BA000440EA01269DF8090006430B
:10476000FCF7E2FD0546A06C58B3854229D9616C7F
:10477000281A771AB0F57A7F23D3FBF75FFF002260
:10478000184BFBF75EFE804689463846FBF756FF1E
:104790002022FBF737FF42464B46FBF7C4FE0022C0
:1047A000114BFBF74EFEFBF783FF04A9009000E0DE
:1047B00010E0684604F0A1F9010002D004A801F05D
:1047C00003FEC4E91165002101A8FFF70DFD0028D3
:1047D0003FF77CAF17B0BDE8F08300004800002031
:1047E000E815002080842E4100408F402DE9FC41D7
:1047F000050055D02C6A002C52D000266682A16A92
:104800004FF03C024B1C4FF480374FF6FF7009D03D
:104810001E31B1FBF2F1B94201D3014601E001B909
:104820000121A182E16A4B1C0AD01E31B1FBF2F3D7
:10483000BB4201D3034601E003B901236381E38155
:10484000216B4B1C0AD01E31B1FBF2F2BA4201D3EC
:10485000024601E002B90122A28122826289A18975
:104860008A4201D301B16681E179C90701D0206A8A
:1048700008E0217F7F2901D8FF2003E0C02901D370
:104880006FF07F400090606A01900A21204600F09E
:104890005BFE01AB6A4604F11C01284603F0A4FC50
:1048A000BDE8FC8170B5294804684CE0206AA0B3DB
:1048B000417991B3818A69B1418A491C89B24182A7
:1048C000828A914206D1204600F0C0FC204600F0CA
:1048D00043FE37E0018A19B14A1E0282012906D03F
:1048E000C189D1B14A1EC281012917D02AE0256AA7
:1048F00020466979012905D00A2903D0052901D06C
:1049000004291FD100F028FBA88A698A401A0228CE
:1049100018DB00EBD0704008288213E0256A20469F
:104920006979012903D00A2901D005290AD100F0AB
:10493000EFFCA889698A401A022803DB00EBD070DB
:104940004008E8812468002CB0D170BDF000002040
:104950002DE9F047994616460D4607000ED06DB179
:104960004FF49A7A4FF420725146382003F0D4FC69
:10497000B0F1000803D0032E06D102E00020BDE80C
:10498000F087687903280BD1A879254C08B16068B5
:1049900005E0FCF7C9FC23490968484060602860CD
:1049A000D8F8044051462046FBF758FC01202070FF
:1049B000607097F83000A070286802F0A1FD606078
:1049C000082E0AD0042E08D0072E06D0032E06D1BA
:1049D0006879052801D0042801D17868E0600020BA
:1049E00039182218401C91F82A1080B21177062835
:1049F000F6D30D48C4F8EC0004F1F0010123352290
:104A00000C46002000F04EF93246214600F051F9E4
:104A1000B9F1000F01D0A9F800004046AFE700004F
:104A200058010020E8F7FF1F6382536310B5064C5E
:104A30002078401E10F0FF00207004D1A06808F01C
:104A40005FF80020A06010BD580100202DE9FE4F46
:104A5000046A07464FF0000906212046C4F81C905E
:104A600000F072FD02AB012221463846FFF770FFCD
:104A7000060041D071680223F0318A46392255463A
:104A8000BDF8080000F00EF9ADF808003A8D29468F
:104A900000F047F9ADF808003A46294600F00DF954
:104AA000ADF8080003233722294600F0FBF8DFF8B1
:104AB0008480ADF808000025514618F80520BDF89F
:104AC000080000F0F6F86D1CEDB2ADF80800032DFB
:104AD000F2D33246514680B200F02BF916484323F8
:104AE000CDE900701348154A401E3146806808F031
:104AF0003FF8304603F057FDA079FF2801D2401C53
:104B0000A071C1B2062902D20120884000E03C20F9
:104B100000EB4001C1EBC0104FF6FF7101EAC0008D
:104B20004FF4FA7100F2F310B0FBF1F02081484627
:104B3000BDE8FE8F5901002074CE000878CE000831
:104B40001B4810B504682FE0206AF8B101890129DB
:104B500003D9A1F10101018125E024D14FF0000129
:104B60000181216A48790C2806D0062804D0012842
:104B700006D0032811D016E02046FFF767FF12E0A9
:104B800088790528204602D800F032FC0BE000F0BE
:104B90005DFB204600F0E0FC05E088790228EBD2BE
:104BA000204600F04BFA2468002CCDD110BD000047
:104BB000F000002070B5046A0020184D2062606289
:104BC000E878174E08B1F068A062287908B130691A
:104BD00001E0A06A4008E062687908B1706903E00A
:104BE000A06AC0EBC000C00820630869E061A87932
:104BF00038B1B06902F084FC2062E07940F0010035
:104C000002E0E07920F00100E071E879002803D0AB
:104C1000F06902F075FC606270BD00006401002064
:104C20001857002010B5104C2078A8B907F056FF8F
:104C3000A060B0B1417A442241F0200141720B4999
:104C400007F0E0FD43220949A06807F037FE002283
:104C50000749A06807F04FFF2078401C2070002013
:104C600010BD4FF0FF3010BD5801002074CE000879
:104C700049510008016A002913D04B790022042B06
:104C80000CD004DC002B0CD0032B04D106E0052B48
:104C900004D00A2B02D08A71FFF7D8BE8A7100F0C7
:104CA000CDB970470A54401C80B20B54401C80B2EE
:104CB00070470A54401C80B270472DE9F041054608
:104CC000506A14460E46C8B1FBF7D3FAB0B1646A15
:104CD000C5F14101884200D308460746C3B20C2201
:104CE00031462846FFF7DEFF05E014F8012B314678
:104CF0002846FFF7DEFF05467F1EF6D22846BDE8B0
:104D0000F081130E0B54401C80B2130C0B54401C4A
:104D100080B2130A0B54401C80B20A54401C80B26B
:104D20007047130A0B54401C80B20A54401C80B2D6
:104D30007047FF230B54401C80B2002302E00B5449
:104D4000401C80B24428FAD3F03081B2104603F000
:104D500087BC00002DE9F04F87B082460020049008
:104D60007B480021C1600161BAF80A002C2814D3E5
:104D7000774FF024BAF808006FF005090C37564653
:104D8000059404E0621A401A366894B280B226B1E3
:104D90007189A142F6D90290B1E06FF0010007B02D
:104DA000BDE8F08FA01C80B24FF0FF380190A04208
:104DB000F3D37389621C934203D90398204440784B
:104DC00003E0306808B1406800783429054624D0F3
:104DD00007DC89B1012912D0032914D0332908D165
:104DE00017E035292ED0362930D03A2932D03B2948
:104DF00035D0002591B317E000200546FAE70428D6
:104E00007ED1062303E0042504287DD3072398469A
:104E1000F0E7042878D10323F9E7012874D1059934
:104E2000F02971D14FF000082044801CB0F5803F7C
:104E3000B3D284B2F5B30020CDF8000017F8080013
:104E400098B14FE001285FD10123E0E704285BD14E
:104E50000223DCE7042857D10423D8E703E0042821
:104E600052D10523D3E794B23CE0042D01D2284669
:104E700000E004208346024669463046019B03F069
:104E800007FB584589D1042D19D9A8073CD1012029
:104E900007F80800009802F033FB2E4A2D1FEDB2F0
:104EA00042F8280001980199001D80B28842FFF461
:104EB00074AF00E016E008F101080190BEE7042D90
:104EC00002D0012D20D103E0009802F019FB01E08F
:104ED0009DF80000009001201E4907F80800009A84
:104EE00041F828207089A04210D8211A8CB202996A
:104EF000081A80B2029084429AD2366806B100E065
:104F000002E07068039002E0484648E73EB102982C
:104F1000844204D20398015DFF297FF443AF3878BF
:104F200048B10C4800210068397001280DD00228D2
:104F300004D0032807D004980028E6D000202C24B1
:104F400004906C201BE7012004906C24EC2016E7F1
:104F500058010020185700202DE9FC47046A074635
:104F60000421204600F0F0FA01AB03222146384626
:104F7000FFF7EEFC060041D071680223F03189464C
:104F800039224D46BDF80400FFF78CFEADF8040051
:104F90003A8D2946FFF7C5FEADF8040003233722FA
:104FA0002946FFF77FFEDFF88C80ADF8040000256E
:104FB000494618F80520BDF80400FFF77AFE6D1C7D
:104FC000EDB2ADF80400032DF2D33A46494680B263
:104FD000FFF773FEADF8040032464946FFF7A9FE1D
:104FE00014480097401E4323134A3146806807F057
:104FF000A1FD0546304603F0D6FA01E04FF0FF353B
:10500000A079FF2801D2401CA071C0B20A2803D2A7
:105010004FF47A71484301E042F2107080B24FF4CD
:10502000FA7100F2F310B0FBF1F020812846BDE8E0
:10503000FC8700005901002078CE00082DE9FC47CC
:10504000046A07460321204600F07EFA01AB0322E2
:1050500021463846FFF77CFC060055D071680223D4
:10506000F031894639224D46BDF80400FFF71AFE9B
:10507000ADF804004FF410722946FFF752FEADF868
:105080000400042332222946FFF70CFEADF8040089
:10509000E06902F035FA02462946BDF80400FFF740
:1050A00030FEADF80400032337222946FFF7FAFD4E
:1050B000DFF88C80ADF80400002500BF18F805204B
:1050C0004946BDF80400FFF7F4FD6D1CEDB2ADF8E4
:1050D0000400032DF2D33A46494680B2FFF7EDFDB6
:1050E000ADF8040032464946FFF723FE1448009706
:1050F000401E4323134A3146806807F01BFD0546D6
:10510000304603F050FA01E04FF0FF35A079FF2858
:1051100001D2401CA071C0B20A2803D24FF47A71A8
:10512000484301E042F2107080B24FF4FA7100F28D
:10513000F310B0FBF1F020812846BDE8FC870000A9
:105140005901002078CE00082DE9F0413B48516814
:1051500016464468256A002D6BD02879002868D04F
:1051600070892C2865D30878022862D1002094F831
:10517000302008E023180F1893F82A303F7FBB42F5
:1051800057D1401CC0B2824201D90628F2D34868E8
:1051900002F0B6F9296888424BD129463046FFF71C
:1051A000D9FD98BB2649487880B3264A776810799C
:1051B000052804D0062813D0022828D039E06879C1
:1051C000012805D0032803D0042801D0052830D1B8
:1051D00039462046FFF7EEFC2046FFF707FB28E0A4
:1051E0006879032805D0012803D0042801D00528B8
:1051F0001FD10C21206A00F0A7F9134B20461A4654
:10520000114602F0F1FF2046FFF720FC11E068791B
:1052100006280ED12546246A887850B100202081C6
:10522000906802F06DF9A0613869E061284600F0ED
:10523000DFF83046BDE8F04103F0B5B9A0560020D4
:10524000640100201857002074CE00082DE9FE43A9
:10525000046A0746002C55D06079002852D0A06916
:1052600002900025A561E561256265622563E5621E
:10527000A562A58265822582E581384600F0A6F9FF
:1052800000282946204635D000F05EF901AB072200
:1052900021463846FFF75CFB060024D071680423E2
:1052A000F03136228846BDF80400FFF7FBFCADF86C
:1052B0000400029802F024F902464146BDF80400B9
:1052C000FFF71FFDADF8040032464146FFF731FD00
:1052D0000D480097432302AA3146806807F02AFC54
:1052E000304603F060F9094B38461A46114602F081
:1052F0007BFF01E000F028F92079002802D0FFF7B9
:1053000095FB2571BDE8FE835801002074CE00088E
:105310002DE9FC47046A07460521204600F014F9F0
:1053200001AB032221463846FFF712FB060042D0AC
:1053300071680223F031894639224D46BDF80400D8
:10534000FFF7B0FCADF804003A8D2946FFF7E9FC01
:10535000ADF80400032337222946FFF7A3FCDFF84A
:105360008C80ADF804000025494618F80520BDF8EA
:105370000400FFF79EFC6D1CEDB2ADF80400032D98
:10538000F2D33A46494680B2FFF797FCADF80400E5
:1053900032464946FFF7CDFC14480097401E432390
:1053A00004F118023146806807F0C4FB0546304618
:1053B00003F0F9F801E04FF0FF35A079FF2801D2A2
:1053C000401CA071C0B20A2803D24FF4FA614843CE
:1053D00001E044F6206080B24FF4FA7100F2F3105D
:1053E000B0FBF1F020812846BDE8FC875901002080
:1053F0002DE9FE4306007AD0346A002C7BD00121CF
:10540000204600F0A1F802AB032221463046FFF708
:105410009FFA070072D079680223F0318946392259
:105420004D46BDF80800FFF73DFCADF80800328D91
:105430002946FFF776FCADF80800042332222946FE
:10544000FFF730FCADF80800E06902F059F80246B9
:105450002946BDF80800FFF754FCADF80800042306
:1054600036222946FFF71EFCADF80800A06902F0BD
:1054700047F802462946BDF80800FFF742FCADF8A0
:105480000800032337222946FFF70CFCDFF8AC8025
:10549000ADF80800002500BF18F805204946BDF802
:1054A0000800FFF706FC6D1CEDB2ADF80800032DF7
:1054B000F2D33246494680B2FFF7FFFBADF8080051
:1054C0003A464946FFF735FC1D484323CDE90060C5
:1054D0001A481C4A401E3946806807F049FB0546B9
:1054E000384603F060F80BE001E004E006E06FF0FE
:1054F0000F00BDE8FE836FF00500FAE74FF0FF35BF
:10550000A079FF2801D2401CA071C0B2062802D2A7
:105510000121814000E03C2101EB4100C0EBC110C2
:105520004FF6FF7101EAC0004FF4FA7100F2F31078
:10553000B0FBF1F020812846DBE700005901002094
:1055400074CE000878CE000842798A4203D04171B7
:10555000002181710181704770B505006FF00F0067
:1055600017D095F83110C90713D0288D2C6A4FF049
:10557000FF36B0F5107F0BD364B1207908B1FFF787
:1055800055FA34212046FAF769FEFFF74BFB40B18C
:10559000304670BD342002F024FD0400F8D02C62A7
:1055A000EFE70120207195F83100400705D4022172
:1055B0002046FFF7C9FF002070BD2846FFF746FAD6
:1055C0000028F9D02846FFF741FEE1E740B1006A24
:1055D00030B140790A2805D0052803D0042801D02D
:1055E000002070470120704770B505460C4603F057
:1055F000A9FEA96809682160A9680C60BDE870402F
:1056000003F0A2BE10B5044603F09CFEA1680C682E
:105610002CB122680A6003F097FE204610BD03F00B
:1056200093FE002010BD00002DE9FC412A4C0546E8
:105630000F46A06810B10120BDE8FC81E068002899
:1056400048D106F02BF8288841BA0A04A97846BA4E
:1056500042EA0123EA783604134346EA01261B0690
:10566000B6B243EA062346BA40BA000440EA012033
:105670001949F6B243EA06231043203143EA106089
:105680000860278004F09FFEE06050B100221349BB
:1056900003F0DAFF002640B1E06803F037FFE66070
:1056A00018E00FA0FDF70EFE14E0E878CDE9000742
:1056B000AB786A7829780EA0FDF704FE0649154BF1
:1056C0003A462031E06804F0C9F90028E4D1FBF73C
:1056D0002BFE20610020AFE72000002074CE0008E0
:1056E0005B5443505D204E6F205043420D0A000032
:1056F0005B5443505D20436F6E6E65637420256478
:105700002E25642E25642E25643A25642E2E2E0D1A
:105710000A000000DD960008F0B589B001265BA004
:10572000FDF7D0FD002401AD04F1110081B2304637
:10573000FBF768FA25F81400641C0F2CF4DB5EA05C
:10574000FDF7C0FD5FF0000463A035F81410FDF70D
:10575000B9FD641C0F2CF7DB61A0FDF7B3FD182128
:105760003046FBF74FFA044619213046FBF74AFA58
:10577000024621465BA0FDF7A5FDBDF8041066A01A
:10578000FDF7A0FD03213046FBF73CFA0446032158
:105790003046FBF737FA054603213046FBF732FA6D
:1057A0000746AC4203D1BD4201D163A000E064A032
:1057B00000903B462A46214664A0FDF783FDAC429B
:1057C00012D1BD4210D1A4F52040B0382BD0A4F5A1
:1057D000B840903825D002213046FBF713FA014635
:1057E000224667A0FDF76EFD71A0FDF76BFD40F648
:1057F000B830FBF75FFA01213046FBF703FA0446A5
:1058000005213046FBF7FEF9074600213046FBF73D
:10581000F9F9054672A0FDF755FDE80508D577A012
:1058200007E078A100E078A178A0FDF74BFDDBE769
:1058300080A00090A80401D580A300E081A3E80423
:1058400001D581A200E081A2294681A0FDF73AFDA1
:10585000A00601D58CA300E08DA3600701D58EA220
:1058600000E08FA2214690A0FDF72CFD0FB19BA276
:1058700000E09CA239469DA0FDF724FD600702D5FB
:10588000A4A0FDF71FFD09B0F0BD00005B50485912
:105890004442475D203D3D3D204450383338343844
:1058A00044534B2032354D487A20524D4949203FD0
:1058B0003F203D3D3D0D0A005B5048594442475D45
:1058C00020457874207265677320307831312D302F
:1058D0007831463A0000000020253034580000009E
:1058E0000D0A00005B5048594442475D2053545212
:1058F00041502830783138293D30782530345820CF
:105900002053545241502830783139293D30782580
:105910003034580D0A0000005B5048594442475D3E
:105920002050485943522830783131293D3078256C
:105930003034580D0A000000737461626C65000019
:10594000554E535441424C45210000005B5048598C
:105950004442475D205048594944523220726561A3
:1059600064733A203078253034582030782530342C
:105970005820307825303458202025730D0A000037
:105980005B5048594442475D20556E7265636F67AE
:105990006E697A6564205048592049443D30782525
:1059A0003034583A3078253034580D0A0000000061
:1059B0005B5048594442475D2057616974696E677E
:1059C00020337320666F72206175746F6E65672077
:1059D000746F20736574746C652E2E2E0D0A000092
:1059E0005B5048594442475D203D3D3D203F3F3F8D
:1059F0003F3F3F203D3D3D0D0A00000046554C4CC9
:105A0000000000004B535100432F49005B504859A0
:105A10004442475D20504859203D20445038333897
:105A200034382025732028636F6E6669726D656453
:105A3000290D0A0048414C46000000003130304D2D
:105A40000000000031304D00454E00004449530035
:105A50005B5048594442475D204243523D307825CF
:105A600030345820206175746F6E65673D25732052
:105A70002073706565643D257320206475706C65C6
:105A8000783D25730D0A0000444F4E45000000008C
:105A900050454E44494E47005550212121000000F9
:105AA000444F574E000000005B5048594442475D48
:105AB00020424D53523D30782530345820206C69B7
:105AC0006E6B3D257320206175746F6E65675F6432
:105AD0006F6E653D25730D0A00000000505245535E
:105AE000454E5400414253454E5400005B504859C6
:105AF0004442475D20414E4C5041523D3078253064
:105B000034582020706172746E65723D25730D0AE1
:105B1000000000005B5048594442475D202A2A2A71
:105B2000203F3F3F3F3F3F3F3F3F3F3F3F3F202AD8
:105B30002A2A0D0A0000000004490A7902704A79F5
:105B400042708A798270C979C1707047B0050020AF
:105B500002484068002800D001207047B0050020AE
:105B600030B5404D044687B0002204212846FBF79B
:105B7000D3FB3220FBF79EF8012204212846FBF7D5
:105B8000CBFB4FF49670FBF795F8612204210120BE
:105B9000FBF76AF84FF4905200210120FBF764F8FC
:105BA0004FF4FA60FBF786F82FA0FDF78BFB00F0AF
:105BB00069FF2046FBF708F83548836902684169A8
:105BC00034A0FDF77FFB4048426801683FA0FDF725
:105BD00079FB4748416847A0FDF774FB01F094FC4E
:105BE0000020039004904E4A4E4905908DE807002E
:105BF00004AB05AA03A94C4802F03AFA00282BD0BE
:105C0000494802F021FB484802F044FB0121464884
:105C100000F075FF444821681838434D40F8421F92
:105C2000A1888180062085F8300061792079CDE94E
:105C30000001E3783DA21821A5F11800FDF752FB01
:105C4000A5F1180068621830FFF786FC3DA0FDF74B
:105C500039FB012007B030BD46A0FDF733FB002023
:105C6000F8E70000001401405B5048595D20466F82
:105C7000726365642031304D20284554485F464F9B
:105C80005243455F31304D3D31290D0A000000007F
:105C9000009002405B444D415D20444D4153523DD4
:105CA0003078253038582020444D41424D523D3007
:105CB00078253038582020444D414F4D523D3078A2
:105CC000253038580D0A0000008002405B444D41E9
:105CD0005D204D414343523D3078253038582020D7
:105CE0004D41434646523D3078253038580D0A0024
:105CF000000001405B444D415D204146494F5F4DEE
:105D00004150523D3078253038582020286269743F
:105D100032343D4554485F524D4949290D0A00002F
:105D200095690008B16A0008B00500204254434D4F
:105D3000696E65722D253032582530325825303243
:105D4000580000005B4C5749505D204448435020A8
:105D500073746172746564202877616974696E6711
:105D600020666F72206C65617365292E2E2E0D0AD8
:105D7000000000005B4C5749505D206E65746966F9
:105D80005F616464206661696C65640D0A000000EF
:105D900001488068704700002000002010B50121F4
:105DA0000846FAF72FFFC0F3800010BD01480068D5
:105DB000704700006C0100200148406870470000F7
:105DC0006C01002002480021016041607047000022
:105DD0006C010020F0B589B0304800F081FEFBF77F
:105DE000A3FA2F4C05466069281AFA2802D9656182
:105DF00003F0ACFAA069F0B928494868D8B101208D
:105E0000A061084602460DF1140CD77A967A537AAF
:105E1000127A8CE8CC00C37B827B467B007BCDE989
:105E20000106CDE90323C87900908B794A79097975
:105E30001C48FDF747FAE0690026281AB0F5FA6F0A
:105E400011D9E561FFF7AAFF08B1012108E0A068B8
:105E500028B115A0FDF736FAA66005F01FFC002159
:105E60000E4800F04CFEA068002814D1E06800281D
:105E700011D0206941F28831281A88420BD90FA02D
:105E8000FDF720FAE06803F041FBE66009B0BDE8E9
:105E9000F04005F003BC09B0F0BD0000B0050020E3
:105EA0002000002038CF00085B4554485D204C6935
:105EB0006E6B206C6F7374210D0A00005B544350AD
:105EC0005D2054696D656F75742C207265747279EC
:105ED0000D0A00002DE9FF41FFF71EFC7C4E002556
:105EE00031467CA0FDF7EEF9346980A02146FDF72C
:105EF000E9F9C4F30043C4F3C422C4F38411C4F326
:105F000080008DE80F0004F00101C4F3C003C4F366
:105F1000001284A0FDF7D6F9346902210120FAF7B6
:105F200071FE3269034621468CA0FDF7CBF99BA098
:105F3000FDF7C8F900244FF6FF77A0B20221FAF767
:105F400061FE0646A0B20321FAF75CFE03463EB1AD
:105F5000BE4205D0324621469AA0FDF7B3F901258D
:105F6000641C202CE9DBC5B1012402212046FAF78C
:105F700049FE074603212046FAF744FE0646012162
:105F80002046FAF73FFE05463246394697A0FDF710
:105F900099F9A80615D5A2A014E0A3A0FDF792F9DF
:105FA00002210120FAF72EFE044601210846FAF7E5
:105FB00029FE04B02146BDE8F0410246A5A0FDF748
:105FC00081B9AFA00090E80401D5AFA300E0AFA372
:105FD000680701D5AEA200E0AFA22946B0A0FDF748
:105FE00071F910212046FAF70DFE0146800601D511
:105FF000BAA000E0BAA00090480701D5BAA300E01B
:10600000BBA3880701D5BCA200E0BCA2BDA0FDF7E0
:1060100059F900212046FAF7F5FD0146000501D5A2
:10602000C6A000E0C6A04A0501D5C6A200E0C6A2EF
:10603000CB0501D5ACA300E0ADA38D0401D5AFA580
:1060400000E0ADA5CDE90220CDE90053C80401D59B
:10605000BEA300E0BEA3080401D58BA200E0BDA250
:10606000BE48FDF72FF904212046FAF7CBFD05467F
:1060700005212046FAF7C6FD0446C5F38022C5F384
:106080004011C5F380108DE80700C5F3C013C5F3B8
:1060900000222946B248FDF715F9C4F38022C4F363
:1060A0004011C4F380108DE80700C4F3C013C4F39B
:1060B00000222146AB48FDF705F90CB1AAA100E08A
:1060C000ABA104B0ACA0BDE8F041FDF7FBB8000007
:1060D000008002405B5048595D204554485F424172
:1060E00053453D3078253038580D0A005B504859EB
:1060F0005D204D41434D494941523D30782530386E
:1061000058202028657870656374204D423D62698F
:1061100074303D302C2043523D62697473343A32FE
:10612000290D0A005B5048595D2020204D423D2535
:10613000642043523D25642E25642E2564204D5253
:106140003D3078253032582050413D30782530326E
:1061500058204D573D25640D0A0000005B504859FA
:106160005D20534D4920746573743A206265666FF3
:1061700072653D307825303858202061667465722C
:106180003D3078253038582020726573756C743D29
:106190003078253034580D0A000000005B50485913
:1061A0005D205363616E6E696E6720616464726521
:1061B0007373657320307830302D307831462E2E51
:1061C0002E0D0A005B5048595D2020416464722006
:1061D0003078253032583A2049443D3078253034E3
:1061E000583A253034580D0A000000005B504859D9
:1061F0005D20445038333834382049443D307825C8
:106200003034583A253034582028657870656374E6
:10621000203078323030303A41304230290D0A0097
:10622000444F4E45000000005B5048595D20204E11
:106230006F2050485920726573706F6E64656420DA
:10624000617420616E792061646472657373210DDD
:106250000A0000005B5048595D20205265616420AF
:106260003078303120726567323D307825303458CF
:1062700020726567313D3078253034580D0A0000B2
:1062800050454E44494E47004F4E00004F46460091
:106290005550212000000000444F574E00000000E0
:1062A0005B5048595D20424D53523D307825303483
:1062B0005820206C696E6B3D257320206175746FCA
:1062C0006E65673D257320206175746F6E65675F2D
:1062D000646F6E653D25730D0A0000004F4B000092
:1062E00049444C450000000046554C4C000000005D
:1062F00048414C460000000031304D003130304DF7
:10630000000000005B5048595D20504859535453D9
:106310003D307825303458202073706565643D2504
:106320007320206475706C65783D25732020706142
:1063300067655F72783D25730D0A000050440000C8
:106340007570000049534F006E6F0000454E00000D
:1063500044495300646F6E650000000004D00008DB
:106360007CCF0008C0CF000850524553454E540022
:10637000414253454E5400005B5048595D206C69C2
:106380006E6B5F706172746E65723D25730D0A00ED
:10639000F0B50A4A054600205488094E07E0F75C2C
:1063A0002F54401C5B1CC3F30B0380B293808842C4
:1063B00002D29388A342F2D1F0BD00002000002059
:1063C000E805002005F06AB970B50A4C0E46014692
:1063D000A0684FF0FF3530B1E06820B101233246AC
:1063E00005F040FC08B1284670BDE06804F060F894
:1063F000304670BD200000202DE9F74F04220546ED
:1064000082B000208B46DFF8DC9011461446164619
:1064100001908646CDF8000000EB400A09EBCA0364
:10642000042C1F7D29D0C7B175B1D5F800C0D3F8B1
:106430000480C44508D1DDF810C0BCF1000F4ED077
:10644000D3F80880E0454AD0012F1AD0022F04D398
:106450005B8A734501D301469E46401C00B2042866
:10646000DADB5FEA8B734FF0FF3038D4042C18D09E
:1064700025DB042919DA0C461EE0002FD4D104468E
:10648000EBE759F83A705B8A2FB1019FBB42E4D326
:1064900006460193E1E7009FBB42DED3024600932C
:1064A000DBE75FEACB731AD0E3E7042A01DA14468C
:1064B00002E0042E13DA3446204600F015F82DB120
:1064C00004EB440209EBC2002968416004EB44017B
:1064D00009EBC1000022428204998160204605B088
:1064E000BDE8F08FB856002070B5074C00EB4005B2
:1064F000002654F8350018B102F055F844F835601C
:1065000004EBC500067570BDB85600202DE9F047B4
:1065100086B00D00804643D0D8F804404FF480790F
:106520002088484539D12079062836D16079042859
:1065300033D16088082830D1D4F80E100491A269B4
:10654000686818B1824204D1012603E0002637466C
:1065500008E00026814201D1012700E000270EB1AA
:10656000012300E0022304F10802924604A9284610
:1065700000F0CEF9E08848450FD176B16FB902221C
:1065800004ABCDE90232291DCDE9001A05F12A0339
:1065900019465246284600F02FF9404602F003F80B
:1065A00006B0BDE8F0870000FEB504460E4615466D
:1065B0002146106800F0ABFC08B1354B3FE028687D
:1065C000C0F303110E2925D0A168636800EA010217
:1065D0000B409A4208D080B2A0F57E41A93903D081
:1065E000E068B0B304F10C052A4B2B481A7802EB93
:1065F000420100EBC1010F7D022F2ED38F68A7420D
:106600002BD12F6849688F4227D13146204600F0B0
:1066100045F8FEBD01208DF8040000208DF805002E
:106620005E208DF80600687801AB00F07F008DF8E1
:106630000700A8788DF80800E8788DF809004FF475
:106640000060009004F12A023146204600F0F4F97F
:10665000FEBDFFE76FF00300FAE7002202EB420104
:1066600000EBC1010F7D022F08D38F68A74205D12F
:106670002F6849688F4201D11A70C6E7521CD2B206
:10668000042AEBD332462946204600F037F8DFE7EC
:106690007CCE000856010020B85600202DE9F843B2
:1066A00006468846144802EB420100EBC10404F19F
:1066B0000C05207D022813D1608A0327B0F58E7F58
:1066C00004D9211D304600F0DDF807E0B0F5877FE2
:1066D00006D32A46211D304600F0DAF800B92775A6
:1066E0004FF4006000902B4606F12A0241463046E6
:1066F00000F0A2F9BDE8F883B85600202DE9FC5F50
:1067000083462A3001900F46086814464FF0FF3642
:106710004FF0000A594600F0FAFB80B93868C0F320
:1067200003110E290BD057B148B15A460121384602
:10673000FFF762FE002805DA40B2BDE8FC9F6FF06B
:106740000F00FAE700F0FF09294909EB490801EBBE
:10675000C805287D08B134B114E04FF0010A85F86E
:1067600014A0C5F808B03946584600F08BF806006A
:1067700007D1287D012804D1BAF1000F01D10020F2
:1067800068827CB3287D1A4F02280ED319494FF432
:10679000006005F10C0381F80090009021465846F6
:1067A000019A00F049F906461FE001281DD1204654
:1067B000017B490607D522464FF42071102001F0D5
:1067C00050FE044605E000680028F1D1204601F0A3
:1067D0006EFF44B157F8380008B101F0E4FE47F805
:1067E0003840002601E04FF0FF363046A5E70000B4
:1067F000B8560020560100202DE9FF4F81B0934686
:10680000DDE90F981F4600264FF420721C2110204E
:10681000DDF838A001F080FD05002FD06C681198DC
:1068200000F070FEE0803868A060B888A081D9F8D8
:106830000010C4F81210B9F80400E082DAF8000081
:10684000C4F80E00D8F80000A0614FF480702080DA
:1068500008206080062020710420607140F6060048
:106860000090DDE901025B46294600F0E5F8284684
:1068700001F099FE304605B0BDE8F08F4FF0FF30D3
:10688000F9E70000014A00F003B800007CCE0008E0
:106890007FB5064D031D0124CDE90035CDE9021475
:1068A00026331946FFF7A8FF04B070BD82CE00085A
:1068B00070B5164D002400BF04EB440005EBC00288
:1068C000117DF1B1508A401C80B25082B0F5967FA4
:1068D0000AD2012906D003290AD004290AD00129A5
:1068E0000BD00EE0052808D32046FFF7FDFD08E099
:1068F000042000E00220107503E0111D9068FFF7EE
:10690000C1FF641C042CD7DB70BD0000B85600200A
:10691000F8B51F4616460D00044613D0286888B106
:10692000214600F0F4FA68B92878C0F303100E2865
:1069300008D0224639462846FFF75EFD002804DAD3
:1069400040B2F8BD6FF00F00F8BD114900EB4002F6
:1069500001EBC2000223037584603368C360B3880F
:1069600003820023438251F8325075B141F832302E
:106970004FF400600090334604F12A022946204675
:1069800000F05AF8284601F00EFE0020F8BD000085
:10699000B85600202DE9F041044640890E270D46E7
:1069A0000E283CD96068E17B868919B995F83410C6
:1069B000491CE1730178CA0714D0012905D00622C9
:1069C0001C49F9F75DFC48B10CE0417851B9807879
:1069D0005E2807D1607B40F0100002E0607B40F051
:1069E00008006073082E03D0B6F5C16F17D10DE013
:1069F00095F83100000712D53946204601F064FEB3
:106A000068B92946204600F099FA10E095F831005F
:106A1000000704D53946204601F056FE18B120463D
:106A200001F0C1FD03E029462046FFF76FFD00207D
:106A3000BDE8F0817CCE00082DE9F04180461E467D
:106A400017460D46069800F05DFD04460E212846C7
:106A500001F03BFC18B16FF00100BDE8F0816868FF
:106A6000848131680160B18881803968C0F806107E
:106A7000B988418140462946D8F81820BDE8F04140
:106A8000104700001FB5094A00924FF4BE60012173
:106A9000CDE90110A2F5BF5303F1200103900422B8
:106AA000A1F1A000F9F71AFF1FBD0000986F0020A8
:106AB000652180F83210302180F83310064940F803
:106AC000141F0649416040F2DC5181821A2141774E
:106AD0000621017700207047A9650008AD73000802
:106AE00070B5044606E022692146904710B1284659
:106AF00001F059FD00F0AEFB0500F4D170BD09B105
:106B000001F0B3BB01F0A6BB70B500244FF088457F
:106B10006FF00F0603E00121F9F787FC641EA8421D
:106B200001DAB442F7DC4FF0FF354FF08946B0424E
:106B300006DB0F2C04DA2946F9F777FC641CF6E72C
:106B40004FF07C51F9F7A9FBF9F785FDB0F5806F9F
:106B500001DB40F2FF3004F01F0161F3DF2070BD64
:106B6000F8B516460D466A46202102F083F8002843
:106B70002BD09DF8000000F01F04E00600D5203C5B
:106B80004FF0FF37002C0CDD39462846F9F74DFC55
:106B90000546641EF6E701212846F9F746FC05463E
:106BA000641C002CF7DB094815F1FF4F01D30025C9
:106BB00002E0854200DD05464FF07C512846F9F79A
:106BC0006CFBF9F761FD30800120F8BD00FF7F47C5
:106BD0002DE9F04115460E46074600242A46314667
:106BE0003846FFF7BDFF10B10120BDE8F08102205B
:106BF000FAF760F8641CE4B2032CEFD30020F4E74A
:106C000013B54FF0FF33012269460248FBF79CFDA4
:106C100000981CBD0C17002010B5002821D0114B86
:106C20000022001F196803E0814203D80A46496820
:106C30000029F9D152B11368841A9C4204D100682A
:106C400018441060104602E0506000E0186039B14E
:106C500002680B1A934203D10B681A440260496818
:106C6000416010BD840100200A46032100F096B85F
:106C70002DE9FE4F8B46484904468E683078000760
:106C8000850E142D47D3608904287FD3606800786F
:106C900000287BD0082879D1486901F11409C0F394
:106CA00003120E2A72D08A46096800F030F90028D3
:106CB0006CD12089082869D3204600F0B9F8002853
:106CC00064D105F110010F46204601F0FEFA40B3F1
:106CD0002089411989B2884258D84FF42072102077
:106CE00001F01AFB070051D0798905F108008142B3
:106CF0000ED32A4631467868F9F789FA294638468C
:106D000001F0E2FC20B92146384601F0B9FB18B188
:106D1000384601F048FC39E0204601F044FC3C468E
:106D200004E03946204601F0CFFC78BB29462046D6
:106D3000D4F8048001F0C9FA40BB6668D9F80000B5
:106D40000027F060DAF81000306188F80070E7730F
:106D5000B8F802004FF6F771884201D9093000E017
:106D60000830A8F80200FF203072778129463046AB
:106D700000F058F870810121CDE90071FF23002255
:106D8000CDF808B04946204600F0B6F92046BDE8E7
:106D9000FE4F01F008BC0000A05600202DE9FF477F
:106DA000074600891C25924689461C2800D20546C4
:106DB00005F1080081B24FF42072242001F0ACFAF2
:106DC00006002DD07468D7F80480082384F800905A
:106DD00084F801A04FF00009C4F804902A4639460F
:106DE000304601F088FBD8F80C00039003A800F0AF
:106DF000FBF9050011D0A4F802904F467189204696
:106E000000F010F8608001200097CDE90105FF2314
:106E100003AA0021304600F06FF9304601F0C3FBB1
:106E2000BDE8FF8700B500F07FFBC04380B200BD26
:106E300070B500263446054612E06989686800F09E
:106E400073FB204481B201EB1044A87AC00706D03E
:106E50008EB10026E0B2C4F3072141EA00242D6878
:106E6000002DEAD126B1E0B2C4F3072141EA0024A3
:106E7000E04380B270BD0126ECE730B41B68029D90
:106E80009CB204EB13442B689DB22C4404EB1343D7
:106E90009CB204EB13439CB204EB134330BCAFF33E
:106EA00000802DE9F0411C4690460F46002605461D
:106EB00012E06989686800F037FB204481B201EB79
:106EC0001044A87AC00706D0FEB10026E0B2C4F391
:106ED000072141EA00242D68002DEAD126B1E0B255
:106EE000C4F3072141EA0024384600F00BFB0444B8
:106EF000404600F007FB204481B201EB104000EB5C
:106F00001040C04380B2BDE8F0810126DEE7421C9C
:106F100012D088B191F8312092070BD54B6883428B
:106F200008D0896800EA01020B409A4202D101436D
:106F3000491C01D000207047012070472DE9F0471F
:106F4000456880460E4628780421B1EB101F03D017
:106F5000404601F028FBB2E00007870E688800F089
:106F6000D1FA0446B8F80800A04203D921464046A9
:106F700001F076FBB8F80A00B842E9D3B8F8080087
:106F8000A042E5D3142FE3D339462846FFF74AFF42
:106F90000028DDD12969DFF82C91C1F303100E28F8
:106FA000C9F81410EA68C9F8102005D0304600F07E
:106FB0008DF850B1344616E096F83100C00702D083
:106FC00070680028F6D1002412E099F8140000241B
:106FD0007F280DD03C48046808E0B44205D0204624
:106FE00000F074F808B11CB10AE02468002CF4D158
:106FF000687A112804D1E8194088B0F5884F30D05C
:10700000D9F810205AB131461046FFF780FF00280A
:107010009ED199F81000C0F303100E2898D0002CD0
:1070200096D0E88830F0C00092D1C9F80850C9E97C
:107030000046297840460907890EA9F80C10394600
:1070400001F042FB687A012817D0062810D01128D9
:1070500009D04D462146D9F81400FFF758FF88B1F2
:107060001DE03446DBE73146404605F061FC19E09F
:107070003146404602F0B0FE14E031464046FFF78C
:10708000F7FD0FE0287DC0F303100E2807D0394626
:10709000404601F0CDFA02214046FFF7E5FD4046AB
:1070A00001F081FA0021C9F80010C9F80410C9F8EC
:1070B0000810A9F80C10C9F81010C9F81410002015
:1070C000BDE8F087A0560020F000002010B590F831
:1070D0003110C9070CD0416851B1064A52698A4241
:1070E00004D001461046FFF712FF08B1012010BD81
:1070F000002010BDA0560020FEB5DDE90954089E11
:107100001AB109B10F6807B9211D0096CDE90154E4
:1071100000F002F8FEBD00002DE9F84F9946DDE9C8
:107120000A87DDF830B016008A4605466FF0010484
:1071300044D0142101F0C9F8E0BB6C68390247EA79
:10714000092084F80890677241EA102130682061B4
:1071500082B2114401EB1040452121704FEA082210
:1071600048F48A4142EA112184F801800F182889E5
:1071700000F0C8F900EB07086080194F0020E0809C
:10718000388800F0BFF9A08039884044491C398014
:10719000BAF1000F0FD0DAF80010E1608AB21044A3
:1071A00000EB114081B201EB104000EB1040C043F6
:1071B00060810DE005E00B490968EEE76889142855
:1071C00002D22046BDE8F88F68686E4600690090DC
:1071D000DBF814305846324629469847F2E700005B
:1071E0005401002074CE000870B50146144813E025
:1071F00090F83120D3070FD053070DD543685BB10A
:1072000084680D68234005EA04069E4216D0920762
:1072100002D4C268954211D000680028E8D109481C
:10722000006850B190F83120D30706D0520704D53A
:10723000426812B109787F2900D1002070BD00009A
:10724000F0000020F400002038B5049C0094FFF703
:1072500014FE38BD2DE9FF5F3C4E4FF4BE60DFF8F1
:10726000F0B04FF0040A002406F1A009CDF80C009C
:1072700006EB4415286800282FDBDBF810100029E6
:1072800016DD491ECBF8101028682968C0F30D40A0
:107290002A68C1F3C031C2F300220092CDE9011087
:1072A00028682A68C0F3402321462AA0FCF70AF880
:1072B0002846F9F7A1FB80B25FEA000802D00399E3
:1072C000884511D9C4EB441000EB841109EB01117E
:1072D00052462846039BF9F7BDFC641C5445C7DBA6
:1072E000002004B0BDE8F09F01464FF4C1720020B9
:1072F00001F012F8009020B30646C4EB441000EBF6
:107300008410002709EB00197489E119414501D95E
:10731000A8EB070409EB070122467068F8F777FF2E
:1073200036682744002EEFD1494652462846039B33
:10733000F9F790FCDBF80010491CCBF8001000981E
:10734000CFE7414611A0FBF7BDFFBBE73857002050
:107350006C0100205B5258445D20646573633D25D9
:1073600064207374617475733D30782530386C58BF
:107370002046533D2564204C533D25642045533D14
:10738000256420464C3D256C750D0A005B4554482C
:107390005D204E6F207062756620666F72205258B5
:1073A0002025642062797465730D0A002DE9FE4F73
:1073B0002F4FDFF8B8802F48BA6808EB421501E07C
:1073C000401E09D02B68002BFADBD5F80890002668
:1073D0000C464FF4BE6A19E0114627A0FBF772FF76
:1073E0006FF00200BDE8FE8F62899019504505D903
:1073F00029A0FBF767FF6FF00100F3E709EB060038
:107400006168F8F704FF608924680644002CEBD11A
:10741000C6F30C006860274828600020B860F9F7C0
:1074200053FA7868401C7860F86800281CDD401E1C
:10743000F860214800232968002902DA5B1C834296
:10744000F9D31E4840692968CA0F454501D001217A
:1074500000E00021C0F30255CDE90005C0F380042F
:1074600002941748FBF72EFF0020BBE7B857002017
:107470006C01002040420F005B4554485D20545889
:10748000206465736320256C7520737475636B20AD
:10749000284F574E290D0A005B4554485D2054582B
:1074A00020627566666572206F766572666C6F77AE
:1074B0000D0A0000000010F0A086010000900240BC
:1074C000A8D3000810B504464068804701F068FF63
:1074D000094A216852688B181A1AB2F1004F03D377
:1074E00008442246054902E0044922461846BDE800
:1074F000104001F065BF0000FC000020C5740008CA
:1075000000BA704740BA704710B500F069FD00F04E
:1075100081FD00F053FE05F0F9F902F04BFCBDE8E7
:10752000104001F075BF000018B50022ADF8002032
:1075300010F001030CD000290ADD10F8014B8DF882
:107540000140491E04E000BF30F8024B891E22446E
:107550000129F9DC002902DD00788DF80000BDF872
:107560000000104481B201EB104081B201EB1040E9
:1075700023B1C1B2C0F3072040EA012080B218BD98
:107580008EB0FAF7A7FBFBF74DFDF64EB06940F061
:107590001000B061B0694FF4005B00F0100004907F
:1075A00001AA0027CDF800B001204FF0020982E8BF
:1075B0008102ED4D5C4669462846F9F7A7FD002299
:1075C00021462846F9F7A8FEC820F9F773FB0122E7
:1075D00021462846F9F7A0FEC820F9F76BFB0022E8
:1075E00021462846F9F798FEC820F9F763FB0122E7
:1075F00021462846F9F790FEFBF744FCFBF7A2FC76
:10760000DB48DA494FF4E13A0160C0E901A74FF0E5
:107610000C08C760C0E904788761C761FAF7F6FF14
:1076200008B172B6FEE7D24CD24D483420462560F0
:10763000C4E901A7E760C4E90478A761E761FAF744
:10764000E5FF08B172B6FEE7CA485521001D01608A
:1076500029684906FCD50D21016029684906FCD539
:107660000A21016028684006FCD5C3A0FBF72AFE6A
:10767000CB49CCA0FBF726FED1480168D1A0FBF78F
:1076800021FEFAF793FC0146D6A0FBF71BFEFAF7A2
:107690009DFC0146DCA0FBF715FE94F84110E3A029
:1076A000FBF710FEED48EE4C0168001F0268C4E9CC
:1076B0001621ECA0FBF706FE04F1600A08218AF807
:1076C00000908AF80110DC218AF80210E16DEF4881
:1076D0000A0E8AF803200A0C8AF80420090A8AF89C
:1076E00005103168890001D4401EFAD13068B046D7
:1076F0003446C0F3407170687368C0F30365326844
:10770000E3A0FBF7DFFDE06AC0F303300090E06A1E
:10771000E26AC0F303132946ED48FBF7D3FD924D0F
:1077200000245E46002231462846F9F7F5FD502038
:10773000F9F7C0FA012231462846F9F7EDFD50204D
:10774000F9F7B8FA641C032CECDBE2A0FBF7BAFDF6
:10775000D8F8141041F48041C8F81410D8F8141067
:1077600001F480410091D8F8141041F40041C8F8A8
:107770001410D8F8141001F400410091D8F8141036
:1077800041F48031C8F81410D8F81400032400F430
:10779000803000900794CDE9059704A97248CDF890
:1077A0001090F9F7B3FC0420049004A9D248F9F72B
:1077B000ADFC00210120F9F725FA01210A900846C5
:1077C000F9F720FA054602210120F9F71BFA039088
:1077D00003210120F9F716FA009010210120F9F792
:1077E00011FA834618210120F9F70CFA8146192174
:1077F0000120F9F707FA80462A46C048039B0A99F8
:10780000FBF760FD43464A465946BDA0FBF75AFDCB
:10781000680701D5CAA100E0CAA1CC48FBF752FD18
:107820004FF496784046F9F745FAC9A0FBF74AFDB0
:10783000FBF700FBCEA0FBF745FDD4A0FBF742FD14
:107840004B48DA4954384FF480420160D849C0E9C6
:107850000117C0E9037247618761C761B9460762D2
:10786000F9F768FD08B172B6FEE7D2A0FBF72AFD72
:107870003F497B485439683004F077FE3C497848EA
:107880005439703004F002FC00F036FF01F042FC85
:10789000F9F74AFD724D286368639AF803109AF865
:1078A00005309AF804208DE80E009AF802309AF814
:1078B00001209AF80010C5A0FBF704FDCEA0FBF74D
:1078C00001FD41F268010320CDE9000101230822F6
:1078D0000A21D3A0FBF7F6FCF9F726FDE860D8A053
:1078E000FBF7F0FCE2A0FBF7EDFC06220221E9A089
:1078F000FBF7E8FCEBA0FBF7E5FCF5A0FBF7E2FCEF
:1079000005F16000FEF72CF9002829D0F5A0FBF75F
:10791000D9FCFEF7DFFAF7A0FBF7D4FCFCF738FE42
:107920004FF4FA742046F9F7C5F9F8490220FCF73C
:1079300099F9011E00DC002028610222F4A0FBF767
:10794000C1FCFDA1FEA0FBF7BDFC42F210784FF494
:107950007A7AA346F9F7E8FC0446FEF719FAFDE146
:1079600001E2000000100240001001400038014018
:10797000C4160020004400400D0A3D3D3D3D3D2021
:10798000555341525432204F4B202D2044494147FA
:10799000205354415254203D3D3D3D3D0D0A0000D1
:1079A00040787D015B444941475D204853455F561F
:1079B000414C55453D256C7520487A0D0A00000064
:1079C000CC0000205B444941475D205379737465C6
:1079D0006D436F7265436C6F636B3D256C7520481A
:1079E0007A0D0A005B444941475D2050434C4B31BE
:1079F0003D256C7520487A20285553415254322039
:107A0000636C6B290D0A00005B444941475D2050BF
:107A1000434C4B323D256C7520487A202855534104
:107A200052543120636C6B290D0A00005B444941BC
:107A3000475D206875617274322E67537461746596
:107A40003D25642028657870656374203078323075
:107A50003D5245414459290D0A000000ECF7FF1F33
:107A6000480000205B444941475D20426F617264D9
:107A70002049442028554944293A20307825303877
:107A80006C582530386C580D0A000000400D03007A
:107A90005B434C4B5D20504C4C3328504C4C49328E
:107AA000532972656164793D256420205243435F08
:107AB00043523D30782530386C5820205243435F84
:107AC000434647523D30782530386C580D0A000047
:107AD00098D000085B444941475D204D44494F2000
:107AE00070726F6265206F66205048592040307870
:107AF00030312E2E2E0D0A00000801401CD1000846
:107B00005B50485950524F42455D2050485953549C
:107B1000532830783130293D30782530345820537F
:107B20005452415031383D30782530345820535428
:107B300052415031393D3078253034580D0A00001B
:107B400055500000444F574E0000000008D2000876
:107B50005B444941475D2041626F757420746F201A
:107B6000696E6974204554482E2E2E0D0A000000BF
:107B70005B444941475D204554482048414C2069B9
:107B80006E697420646F6E650D0A00005B444941A4
:107B9000475D2041626F757420746F20696E69744F
:107BA000204932432E2E2E0D0A00000000540040C2
:107BB000A08601005B444941475D2049324320696A
:107BC0006E697420646F6E650D0A00005B4E45544B
:107BD0005D204D41433A20253032583A2530325805
:107BE0003A253032583A253032583A253032583A10
:107BF000253032580D0A00005B4E45545D20495037
:107C00003A20444843502028616371756972656465
:107C10002061742072756E74696D65290D0A00000B
:107C20005B4E45545D205365727665723A2025643B
:107C30002E25642E25642E25643A25640D0A000045
:107C40000D0A3D3D3D3D3D3D3D3D3D3D3D3D3D3DC7
:107C50003D3D3D3D3D3D3D3D3D3D3D3D3D3D3D3D54
:107C60003D3D3D3D3D3D3D3D3D3D0D0A000000009B
:107C700020204254434D696E65724D532046313089
:107C80003756435436202B20445038333834380D7F
:107C90000A00000020204657207625642E25640D1A
:107CA0000A0000003D3D3D3D3D3D3D3D3D3D3D3DEE
:107CB0003D3D3D3D3D3D3D3D3D3D3D3D3D3D3D3DF4
:107CC0003D3D3D3D3D3D3D3D3D3D3D3D0D0A0000C1
:107CD0005B5359535D2045544820696E69742E2EBC
:107CE0002E0D0A005B5359535D20455448204F4BDD
:107CF0000D0A00005B5359535D20424D3133363637
:107D000020696E69742E2E2E0D0A00000000C842F4
:107D10005B5359535D20424D313336363A2025644A
:107D20002F25642063686970287329206465746551
:107D3000637465640D0A0000454E41424C454400A1
:107D40005B5359535D204A6F62206469737061749C
:107D500063683A2025730D0A000000000028686956
:107D600014D038B135E05BA0FBF7ACFA4046F8F729
:107D7000A1FFFBE701206861A5F806905CA0FBF776
:107D8000A1FA01F0A9FA01F0CDFA09E050B1C5F865
:107D90001490A5F80690FEF715FB59A0FBF792FA90
:107DA0006869B0B9FDF7D4FE98B1A86A201A5045A9
:107DB0000FD941F268070321AC62CDE90017012316
:107DC00008220A2156A0FBF77DFA39465E48FDF7E6
:107DD0002BFCFDF7FFFF00F081FFFCF763FC286B35
:107DE0004746201AB84202D32C6300F085FC686B2A
:107DF000201AB0F5FA6F06D36C6301F08BF968694D
:107E000060B101F08FFA686940B1E86A44F6206118
:107E1000201A884202D9EC6201F05EFAE86B201A5F
:107E2000B84243D90DA8EC63FDF786FEFDF7C4FF09
:107E30000290FDF7BBFF0190FDF7B0FF10B1AFF26C
:107E4000003701E0AFF20437286908B1FBF7FEFE06
:107E5000B4FBFAF13D4A5269DDE9013CCDE907C2C4
:107E6000CDE905732A690AB139A300E039A36A692B
:107E70000AB139A700E03AA79DF83720CDE90330D1
:107E8000CDE901279DF8360000909DF835309DF82A
:107E900034203548FBF716FA47F23050B4FBF0F1C6
:107EA00000FB1140504501D2FDF78CFFA86B201A52
:107EB00058457FF64FADAC63686928B10022314662
:107EC0002A48F9F729FA45E531462848F9F71CFA16
:107ED00040E500005B4552525D2045544820696EE4
:107EE0006974204641494C4544210D0A00000000B8
:107EF0005B4E45545D20544350204F4B0D0A00000B
:107F00005B4E45545D2054435020646F776E2C20A7
:107F100077696C6C2072657472790D0A000000003C
:107F20005B4E45545D20436F6E6E656374696E678A
:107F30002025642E25642E25642E25643A25642E82
:107F40002E2E0D0A000000006C0000200090024060
:107F50004F4B00004F464600434F4E4E000000007E
:107F60005741495400000000C8D2000800100140E9
:107F7000F0B50B30154D20F007010024144A0FE036
:107F800003688B420BD38B4205D95E1A43184768AE
:107F9000C3E9006700E04368136002C004E0021D0B
:107FA00010680028ECD12046002802D1286808B1CA
:107FB0000020F0BD064A07481060074A121A22F056
:107FC0000702C0E9002401202860D7E788010020CB
:107FD000840100208C75002088770020FEF71CBEED
:107FE000704710B5FFF7C4FF040003D101F0AAF9F0
:107FF00001F0AAF9204610BD70470000072806D2FC
:10800000002904D0024A52F82000FDF7EDBA70476B
:10801000E4CD000830B5064D002400BF55F824001B
:1080200000F008F8641CA4B2072CF7D330BD0000A0
:10803000E4CD00088268002111600022416807E059
:108040008368521C1B680B6083681960038819449D
:1080500043889342F4DC7047072801D3002070471F
:10806000024951F82000FDF7CDBA0000E4CD000828
:108070002DE9F0410400DDE90770069E1FD0F7B13D
:1080800001B9224902B9214A03B9204B0025656094
:10809000A560DFF87CC0C4F814C0E560258584F8CD
:1080A0003150C4E907651B4E96F800C084F834C00F
:1080B0002061204600F098F82046B84710B1002013
:1080C000BDE8F081D6F8042094F83400FF2801D1EF
:1080D00084F83450104694F834100AE090F83430A4
:1080E0008B4205D1491C84F834100028ECD102E001
:1080F00000680028F2D1C8B2FE2805D0401C3070BC
:10810000226020467460DBE73570F9E774CE000822
:10811000E3810008EC00002070B50C46054602F033
:108120001BF921462846BDE8704004F0BDBC0A6832
:10813000C3689A4204D001B90022C260012070478E
:108140000020704738B505460C46086869688842C3
:1081500012D0206800906868106069461046FFF7EA
:10816000DBFF3CB1206868600121284600F027F859
:10817000012038BD0020F6E7002038BD0A6883687A
:108180009A4204D001B90022826001207047002089
:108190007047000001000CD00748406807E000BFAE
:1081A00090F83420521CD2B28A4203D000680028D2
:1081B000F6D1002070470000EC00002070470A460E
:1081C00090F831104B070BD5CB0709D0D20707D059
:1081D0004268002A04D0090702D5011DFEF752BBF0
:1081E00070476FF00B0070472DE9F84F4FF0000912
:1081F0001D4616460C008246C84600D1114C06B9F1
:10820000104E05B90F4DACB1206898B100274A4611
:1082100031465046FFF7B2FF424629465046FFF727
:1082200086FF002F04D16A4621465046FFF78AFF99
:10823000BDE8F88F01276A4621465046FFF782FFC6
:10824000E5E7000074CE000801498860704700002F
:10825000EC000020002807D090F831104A0703D521
:1082600001F0FB0180F83110704710B5040010D008
:1082700094F8310041070CD440F0040084F8310038
:108280002046FCF7F7FC2046BDE810400321FFF72D
:1082900096BF10BD00280AD090F83110CA0706D149
:1082A00041F0010180F831100321FFF788BF7047CA
:1082B000401E80B240EA500040EA900040EA1010B0
:1082C00040EA1020401C80B270470022AFF30080CB
:1082D00030B5F0B1B1F5803F1BD279B104898BB2D2
:1082E0001C44A4B29C4214D3057B2D0608D54268D9
:1082F000511A00F1100291420BD304E0002030BD6E
:108300003AB14268511A416041891944418104815E
:10831000F4E7012030BD00002DE9FC5F06469046E1
:108320000C461046012A0AD0412808D04FF0000B15
:10833000B0F5C17F09D0B2F5207F50D138E00246B8
:10834000002000F051F8054646E00025A9460F46FA
:108350000620FFF781FE04001CD0A6F2F450404234
:1083600080B2B84200D938468246CDE9008BA119C7
:1083700053463A462046103100F064F9B5B1C9F8C9
:108380000040A7EB0A000704A1463F0C4FF000068F
:10839000DED121E000F0D6FF124A0121117000F079
:1083A000D3FFE5B1284600F0FEF818E02546E8E7DF
:1083B000311901F11000A14211D3A0420FD3FFF7F0
:1083C00010FE05000BD0CDE9008BA91923461A46F3
:1083D0002846103100F036F92846BDE8FC9F002001
:1083E000FBE70000F80000202DE9FC410746154698
:1083F0000E460520FFF730FE04004FF0000008D0C5
:10840000CDE9005033461A463946204600F01AF9A5
:108410002046BDE8FC8110B500280FD000290DD002
:1084200004E003890C892344038110460268002A72
:10843000F7D102890B891A440281016010BD10B581
:108440000C46FFF7E8FF2046BDE8104000F02FB9CA
:10845000002102E0491C006889B20028FAD10846D0
:10846000704770B514460A462189FFF755FF05008D
:1084700004D0214600F004F8284670BD002070BDED
:1084800019B10A89002300F036B86FF00F00704769
:108490002DE9F047002716468946B846002805D042
:1084A000B9F1000F01D0044620E00020BDE8F087BC
:1084B0002BB16089984202D8181A83B215E06089FE
:1084C000C01A85B2B54200D9354660682A46C1183F
:1084D00009EB0700F7F79BFE08EB05001FFA80F891
:1084E000781987B2701B86B2002324680EB1002C65
:1084F000DED14046DAE72DE9F05F90460C000546F4
:108500001E464FF000076FF00F0A35D02189414514
:1085100032D38DB3298906EB080081422CD36FF04A
:10852000050B6889811B6089C01B814200D2084607
:108530004146804500D20846814660684A46C119D6
:1085400068683044F7F763FEA8EB09001FFA80F86B
:1085500060894F444E44B84205D82468002714B9B6
:10856000B8F1000F08D16889B04208D12D68002603
:108570002DB9B8F1000F02D05046BDE8F09F2CB1E4
:1085800060892189884201D1206830B93DB168896C
:108590002989884203D1286808B15846EDE75FEA87
:1085A0000800BED1E9E770B504000AD0002500F04C
:1085B000C9FEA17B491ECEB2A67300F0C5FE16B15E
:1085C0001AE0002070BD207B266800F00F00022812
:1085D00003D0012804D040B10AE02146062001E082
:1085E00021460520FFF70AFD02E02046FFF7F6FCD2
:1085F0006D1CEDB23400DAD1284670BD10B500F024
:10860000A1FE094A0021117000F09EFE0748006893
:1086100006E0416F19B1BDE8104001F0ADBBC06884
:108620000028F6D110BD0000F80000202001002035
:108630000122AFF30080002902DA494200F044B879
:10864000FFF746BE70B50024DDE90456C0E90041DD
:10865000028143810573467301218173C47370BD28
:1086600070B502898A4221D9521A92B20D46044647
:1086700005E0281A85B22089801A20812468608943
:10868000A842F6D3207B000708D16089A84205D014
:108690006068001B41192046FFF7AEFC658125810B
:1086A000206808B1FFF77FFF0020206070BD10B583
:1086B000040008D000F046FEA17B491CA173BDE870
:1086C000104000F041BE10BD10B538B1B1F5803F8B
:1086D00004D229B143898AB2934203D2012010BD4A
:1086E000002010BD446821444160991A41810189EC
:1086F000891A0181F4E700007CB53F4C20780028FE
:1087000052D104F1680003F034FF207000284BD0F0
:108710004FF49666314604F1680003F001FD010054
:108720004FF0000527D08DF800508DF8045033A08D
:10873000FAF7C8FD6A46102104F1680003F029FF2A
:1087400020B19DF800103A48FAF7BCFD2A4801AA6A
:108750007E21683003F01DFF30B19DF8041019B17F
:10876000344800BFFAF7AEFD23482179683003F0A2
:1087700093FF18B105E031462FA0F3E73AA0FAF7CE
:10878000A1FD1D48ADF800506A467921683003F01C
:108790007DFF48B1BDF8001031B13FA0FAF792FD5E
:1087A0001548683003F0CCFE607820B9124870306C
:1087B00003F070FC6070A1782078814209D008B184
:1087C00044A200E046A2242149A0FAF77BFD2078CC
:1087D000A070E178607881420CD030B106487030EA
:1087E00001794BA0FAF76EFD02E052A0FAF76AFD9C
:1087F0006078E0707CBD0000480000205B49324397
:108800005D205450533534364432344120626F6118
:10881000726420636F6E666967204641494C454427
:1088200020617420737465702025750D0A000000A6
:1088300064D10008B8D100085B4932435D20545030
:10884000533534364432344120626F6172642063A0
:108850006F6E666967206170706C69656420282599
:1088600075206D56290D0A005B4932435D20545036
:1088700053353436443234412064656661756C7416
:1088800020706F77657220636F6D6D616E64206616
:1088900061696C65640D0A005B4932435D20545088
:1088A000533534364432344120706F7765722D75FC
:1088B00070205354415455535F574F52443D3078C4
:1088C000253034582028636C6561726564290D0A6F
:1088D0000000000064657465637465640000000056
:1088E0006E6F7420646574656374656400000000D5
:1088F0005B4932435D205450533534364432344161
:1089000020403078253032583A2025730D0A000077
:108910005B4932435D20544D503130373520403073
:1089200078253032583A2064657465637465640D47
:108930000A0000005B4932435D20544D503130370E
:10894000352040307834382D307834463A206E6FF8
:10895000742064657465637465640D0A000000002A
:108960002DE9F0410F4605461446022910D3D421C3
:108970001046F7F773FC2878207068780226411EAD
:108980006070042904D2522101EB4010B84202D990
:108990000020BDE8F08100270AE004EB4710A91988
:1089A0002022801CF7F733FC20367F1CB6B2FFB2C2
:1089B0006078B842F1D8A81900F06FF9361DB6B248
:1089C000C4F88400A919202204F18800F7F71FFCDD
:1089D0002036B6B2A919202204F1A800F7F717FC37
:1089E0002036B6B2A81900F058F9361D44F8C80F61
:1089F000B6B2A81900F051F9361D6060B0B2284433
:108A000000F04BF9A0600120C3E730B510B10AB106
:108A1000082901D0002030BD00210B460C461B0266
:108A2000055D43EA1163641C45EA0121082CF6DB6D
:108A3000C2E90013012030BD022901D20020704795
:108A4000008840BA108001207047042901D200201C
:108A50007047018849BA1180408840BA508001208F
:108A6000704711B10078012801D9002070471070BB
:108A70000120704710B51446042901D2002010BD12
:108A800000F00BF92060012010BD13B50B46012248
:108A900069460620FBF7F0FD1CBDF0B50546A1B008
:108AA00016460F460846F7F7E4FB84B2782C00D947
:108AB00078248DF80050224639460DF10100F7F771
:108AC000A6FB641CA2B233466946FF20FBF7D4FD27
:108AD00021B0F0BD38B50D4604460188684604F063
:108AE000DDF861880DF1020004F0D8F82B4604226D
:108AF00069460D20FBF7C0FD38BD38B50C4601684E
:108B0000684604F0CFF82346042269460B20FBF7A1
:108B1000B3FD38BD7FB504460D46D4E90023684651
:108B200004F0C8F8207A8DF8080061890DF1090079
:108B300004F0B4F8207B8DF80B00E18903A804F061
:108B4000ADF8218A0DF10E0004F0A8F82B46102292
:108B500069460420FBF790FD04B070BD1CB5D0E958
:108B600000230C46684604F0A5F82346082269460F
:108B70000920FBF781FD1CBD70B586B00446007866
:108B80000A9D8DF8000060788DF801006E46B01CDB
:108B9000616804F087F8B01DA16804F083F8094803
:108BA00000684FF47A71A0FB01230DF10A0004F074
:108BB00081F82B46122269460220FBF75DFD06B0C4
:108BC00070BD00005400002070B586B004460078E7
:108BD0008DF8000060788DF80100A0788DF8020013
:108BE000E0788DF803000E46A1886D4601A804F0D8
:108BF00055F8A81DA16804F055F80DF10A00E168C8
:108C000004F050F8218A0DF10E0004F047F8618A53
:108C100004A804F043F8A18A0DF1120004F03EF814
:108C20003346142269460720FBF726FD06B070BDC7
:108C30002DE9F0410746002010801D4614460E46DF
:108C40001880042911D3384600F027F8411E40F25D
:108C5000FC72914203D34FF6FF70208005E0001DA7
:108C6000208029802088B04202D90020BDE8F08110
:108C70003879FBE73EB501241923CDE9002402939E
:108C80000279006854000A4601232146F8F79CFD4A
:108C900008B100203EBD01203EBD0188827849BA5E
:108CA0000904C07841EA0221084370477FB51446A1
:108CB0001925022303AA8DE82C00027900685500CB
:108CC0000A4601232946F8F77FFD10B1002004B0C1
:108CD00070BDBDF80C0020800120F8E72DE9F043BD
:108CE000BBB0FDF755F8944C4FF0000888B1E08810
:108CF000924EC0F5006189B23044FDF749FB00286F
:108D000002DDE1880844E080E088002803D00025E7
:108D1000F5E0A4F806803BB0BDE8F083401B81B2CB
:108D20007019074638AB39AAFFF782FF0146BDF834
:108D3000E400A0F57F42FF3A0DD0002973D07F1DDB
:108D4000B946092970D008DC01290FD005293BD08C
:108D5000082906D17CE07AA0EAE00A2965D00C292E
:108D600054D085A0FAF7AEFA0027BAE003AABDF8FE
:108D7000E0103846FFF7F4FD002853DD6F48D42299
:108D800003A9D438F7F743FA012020622498A061A0
:108D90009DF80C10804BC1F3C302249835AF43F803
:108DA000220097E80D00CDE9002002939DF80D20E8
:108DB0007A48249BFAF786FA03A8FBF7BDFA2069E4
:108DC00000282FD176A094E06A46BDF8E01038461E
:108DD000FFF73BFE0028D0DDBDF80220BDF80010F3
:108DE0007AA0FAF76FFABDF80000FAF715FD2078BF
:108DF000002817D05048BDF80210683003F086FCF8
:108E0000002878D1BDF8021079A01EE06A46BDF8AE
:108E1000E0103846FFF710FE00286CDDBDF80000BA
:108E2000FAF7FAFC67E06FE048E06A46BDF8E01048
:108E30003846FFF71FFE00285DDD0098E0612169DC
:108E400009B1FBF787FB77A0E169FAF73BFA52E03B
:108E500010AABDF8E0103846FFF703FE70B1207885
:108E600080B135489DF84010683003F015FC78B1AA
:108E70009DF84000207178B173A10EE06A4673A19D
:108E8000202002E06A4677A12120FFF706FE0FE0CE
:108E90006A467AA12220F8E780A181A0FAF712FAA7
:108EA00000F038F900F03EFA69460820FFF7EDFDC2
:108EB000010020D06846FDF787FA1CE004AABDF83F
:108EC000E0103846FFF7A1FDA8B1694604A8FFF7F6
:108ED00045FEEDE719F8071077A0FAF7F3F97F1CC4
:108EE000BFB2BDF8E000102800D91020B842F1D878
:108EF00020A0FAF7E7F9BDF8E400284485B2E0883D
:108F0000291D81427FF60AAFE08865B1401B02044B
:108F1000120CE2803FF4FFAE3BB07119BDE8F043A4
:108F20000648F7F774B9B0F5006F7FF4F4AE64A0AB
:108F3000FAF7C8F9EDE600004800002028180020E4
:108F40005B5443505D20496E76616C6964206672A3
:108F5000616D65206C656E6774683B2064726F702C
:108F600070696E67206275666665726564207374E9
:108F70007265616D0D0A00005B5443505D20556EB3
:108F80006B6E6F776E207479706520307825303283
:108F9000582C206865783A00E815002070D2000847
:108FA0005B55415254312D544553545D204A6F62F4
:108FB00020666F7277617264656420776974686F88
:108FC000757420415349430D0A0000005B50415223
:108FD000414D5D20667265713D2564204D487A20C3
:108FE000766F6C746167653D2564206D560D0A00CF
:108FF0005B504152414D5D20766F6C746167652016
:109000002564206D562072656A6563746564202846
:1090100072616E676520313030302D32303030294A
:109020000D0A00005B4D41534B5D207665727369FC
:109030006F6E206D61736B2073657420746F2030C8
:1090400078253038580D0A004F4E0000696E766161
:109050006C696420706F77657220636F6D6D616EEF
:109060006400000054505335343644323441206E8D
:109070006F7420646574656374656400545053357F
:1090800034364432344120706F77657220636F6DDF
:109090006D616E64206661696C6564004F464600D0
:1090A0005B504F5745525D2054505335343644324F
:1090B00034412025730D0A0020253032580000006D
:1090C0005B5443505D205265636569766520667226
:1090D000616D652065786365656473206275666699
:1090E00065723B2064726F7070696E672073747272
:1090F00065616D0D0A000000024600200146400631
:10910000030E02F0010018435208491C0829F6DB3F
:10911000704700002DE9F0434FF0000887B0464645
:10912000ADF80080474618214048F7F797F8404DC2
:109130003E4C2878002832D001A905F1680003F0E0
:109140002DFA060024D0BDF80420A2800298A06069
:109150000398E060BDF810006082BDF81210A18293
:109160009DF81400E07089B1288981420AD031A0AD
:10917000029BFAF7A7F805F1680003F0E1F9BDF8E2
:10918000120018B1BDF81200288108E00020FBE7AA
:109190002748683003F0EDF908B985F80080DFF85A
:1091A0009090687809F17009B0B16946484602F0BC
:1091B00089FF070003D0BDF8000020820CE099F879
:1091C00004001423410001222A48F8F789F918B154
:1091D00085F8018089F80480287818B1217841F059
:1091E00001012170697819B1227842F002022270DF
:1091F0001EB1227842F0040222701FB1227842F0A0
:10920000080222701EB1227842F01002227010B1C2
:10921000074868300079607011B199F8040000E0E7
:109220000020A07007B0BDE8F083000028200020D7
:10923000480000205B5450535D206661756C743AA1
:10924000205354415455535F574F52443D30782575
:1092500030345820524541445F564F55543D257592
:10926000206D5620494F55543D256C75206D410D9C
:109270000A00000070160020C0F30A03C20A580555
:1092800001D5A3F50063D00600D5203A03FB01F019
:10929000002A01DB90407047524201219140002892
:1092A00002DB00EB510001E0A0EB510090FBF1F07C
:1092B000704701F01F015043CA0600D5203900292C
:1092C00001DB884070474A420121914000EB510088
:1092D000B0FBF1F07047000000B597B018220F49BD
:1092E00010A8F6F794FF0E48D0E91612CDE9101237
:1092F000007C8DF84800FAF7AFFCADF84E00FAF7A5
:1093000099FCADF85000694610A8FFF703FC010076
:1093100002D06846FDF758F817B000BD40CD0008F0
:109320004800002000B589B069460548FFF74CFCAD
:10933000010002D06846FDF747F809B000BD000003
:109340002820002000207047704700002DE9F047DA
:1093500000F026F8104E114C05464FF000473078CB
:1093600008B1FFF74BF92168002912D048682A1A82
:10937000BA420ED20A682260D1E9028960600420F4
:10938000FEF73CFEB8F10002E9D048461146884796
:10939000E5E7BDE8F0870000F8000020FC000020B1
:1093A000F7F7C2BF70B515460E460446FFF7F8FF43
:1093B00020442A463146BDE8704000F001B8000064
:1093C00070B5044615460E460420FEF745FE0028FB
:1093D0000ED00021C5600D4A80E85200116831B1FD
:1093E0004B68E51A4FF000439D420AD301601060BC
:1093F00070BD5568651B9D4202D30260086070BD58
:1094000011460A68002AF8D0F3E70000FC000020AB
:1094100070B5074D012400BF05EBC40255F83400B8
:109420000449FFF7BFFF641C042CF5D370BD000096
:1094300000CE0008C57400082DE9FE4F040060D07E
:10944000207D0A283CD00025DFF8BC80D4F850B03D
:10945000D4F824A0D4F81090D4F890602F4670B3BC
:109460000D46E78A214608F1180001F08EFA012125
:1094700088F80010206F08B102F03AF9E06E08B1E8
:1094800002F036F9606F08B102F032F955B1208B65
:10949000211DCDE900172346029052465946184631
:1094A00002F0B4F8204600F033FC002E29D003B0BF
:1094B0004846B446BDE8F04F6FF00C01604709E044
:1094C000114821461C3001F060FA2046BDE8FE4FED
:1094D00000F01EBCE08A0028CCD0D8F81000A042D2
:1094E0000AD1C068C8F8100008E0C168A14202D1E2
:1094F000E168C16002E008460028F6D10020E06083
:10950000B8E7BDE8FE8F0000080100200121FFF749
:1095100093BF00002DE9F04106460120FEF79CFDB7
:10952000454D04005BD1A86909E0418BC4680A0776
:1095300004D521F00801418300F068FA2046002894
:10954000F3D100221146EC68E86906E0036AE31AE9
:10955000934201D31A460146C0680028F6D111B1E2
:109560000846FFF7D3FF0120FEF776FD040036D151
:10957000092000F04FFE0120FEF76EFD04002ED101
:10958000082000F047FE0120FEF766FD040026D10A
:109590007F2E01D97F2001E030001BD0401EC2B2D7
:1095A00000231946EC68A8690EE0477D974206D370
:1095B00009D1D0F820C0A4EB0C0C9C4503D3016A60
:1095C0003A46631A0146C0680028EED111B1084638
:1095D000FFF79CFF0120FEF73FFD040029D0A421E6
:1095E000F6F73CFE667541F2D060A4F86400608531
:1095F00020854021E1724FF4067161860621A4F8AE
:109600004010E187C91F21860121A4F84810E968AC
:109610002162A978A177A4F84A000848C4F8840018
:109620000748C4F894000748C4F898000920C4F813
:109630009C002046BDE8F081080100203FB40008EE
:1096400000DD6D00F82401002DE9F0410D00044615
:109650004FF0040300D11E4D2CB1207D30B16FF0CE
:109660000500BDE8F0816FF00F00FAE732B1194E46
:10967000002100BF56F82100006817E000F0A6FEA8
:10968000020018D1801EECE7C78A97420DD148B17D
:1096900007683FB135B1D5F800C0BCF1000F01D06B
:1096A000674502D16FF00700DBE7C0680028EBD107
:1096B000491C9942DEDB15B1286800B120600648DC
:1096C000E2820169E160046102F04EFA0020C8E71D
:1096D00074CE000864CE0008080100207CB51F4D40
:1096E00016000C460AD011461DA0F9F7EBFD00202C
:1096F000A860E86001F0D2FF30467CBD0120A86080
:10970000608B40F04000608314482A882030C17884
:10971000CDE9001283784278017818A0F9F7D2FDDC
:109720001F49204601F086FE1E49204600F0B5FA8A
:1097300002221D49204601F050F9607A40F00800ED
:10974000607242F21070C4F894004FF4FA60C4F8EA
:1097500098000320C4F89C00CEE700002000002001
:109760005B5443505D20436F6E6E65637420666189
:10977000696C65643A2025640D0A00005B5443500F
:109780005D20436F6E6E656374656420746F202581
:10979000642E25642E25642E25643A25640D0A0066
:1097A000ED970008AD970008E997000810B505A0EF
:1097B000F9F788FD0B4800218160C160BDE81040C9
:1097C00001F06CBF5B5443505D20455252206361F1
:1097D0006C6C6261636B3A206572723D25640D0AA0
:1097E0000000000020000020002070472DE9FF5FEE
:1097F000294C16464FF0000B4BB946B1B6F808A0FD
:10980000A788DFF898C0154600206B6835E024A0D3
:10981000F9F758FD5D46C4F808B001F03FFFE06875
:1098200038B1019800F05EF810B10198FFF76EFEB4
:10983000E560002004B0BDE8F09F628802F10109F4
:10984000C9F30B01B94211D11CA0F9F73BFD304619
:10985000FEF7A9FEC4F808B0C4F80CB001F01EFF72
:109860000198FFF753FE6FF00C00E3E713F8008058
:109870000CF80280401C618080B269898142DCD88A
:109880002D68002DC0D15146019801F0EEFD304603
:10989000FEF789FECDE7000020000020E80500204B
:1098A0005B5443505D20436F6E6E656374696F6EE9
:1098B00020636C6F7365640D0A0000005B544350B5
:1098C0005D2052582072696E67206F766572666CF3
:1098D0006F773B207265636F6E6E656374696E6748
:1098E0000D0A000048B1017D012903D0418B41F0F0
:1098F00010014183012100F003B86FF00F007047A1
:10990000FEB504460127007D3D4D002681B30428A5
:1099100001D0072831D1A16F21B9218DA1F5B05215
:10992000D03A2AD0228BE18A201D8DE807002346F9
:109930001846626A216D01F069FE204601F002F8C6
:10994000A869A04209D1C068A86108E0C168A14225
:1099500002D1E168C16002E008460028F6D129483A
:10996000E6602F700068A04203D102F05BF93DE091
:1099700003E0204600F0CCF938E040B101281AD0CD
:10998000022835D02046BDE8FE4000F03FB8E08A0E
:109990000028EED02869A04209D1C068286108E0FB
:1099A000C168A14202D1E168C16002E00846002816
:1099B000F6D1E660DDE7144B012100BF53F821002A
:1099C0002246006804E0C56F954200D1C667C068B2
:1099D0000028F8D1491C0429F0D309481146143055
:1099E00000F0D3FF21460220FEF708FB0020FEBD59
:1099F00003482146183000F0C8FF2F70B9E7000077
:109A0000080100204801002064CE000870B505461A
:109A1000007D0526032804D0042802D0072816D18B
:109A200006E0284601F090FE040006D12E7509E0FC
:109A3000284601F089FE040002D0601C09D004E031
:109A400009202875284600F033FD204670BD00200F
:109A500070BD688B40F008006883F8E72DE9F04797
:109A600004001E466FF00F0005D0002903D0207DB2
:109A700018B16FF00900BDE8F087086860602283C4
:109A8000207A10B1FEF786FB02E0201DFDF7ACFB4B
:109A900005006FF003010BD0206818B9281D07D00E
:109AA00000682060B4F81680B8F1000F02D005E01D
:109AB0000846E0E700F08AFCE08238B3204600F078
:109AC000B5FC4FF00009C4F824902065401E606486
:109AD000A065E06541F2D06060852085C4F82C90D7
:109AE000A4F860004FF406706086221D294600F03D
:109AF00081F860860127A4F8487002212046C4F846
:109B0000886000F086F8060003D022E06FF00100C4
:109B1000B1E70220104D2075B8F1000F10D0286970
:109B2000A04209D1C068286108E0C168A14202D101
:109B3000E168C16002E008460028F6D1C4F80C9044
:109B4000A869E060AC6102F00FF82F70204600F0C9
:109B5000AFFC30468FE70000080100202DE9F047F8
:109B60000746DDF820809A4691460D465FEAC870A8
:109B700001D0042600E000260320FEF76DFA040061
:109B800013D084F80A804FF00008C4E900852889C2
:109B90001421801B20812846FEF797FB48B1204600
:109BA00001F098FD0020BDE8F0872846FEF7FBFC99
:109BB000F8E760684068E060F88AFDF7A3FCE168B8
:109BC0000880388BFDF79EFCE16848805046FDF721
:109BD00097FCE1684860B008000300F5A04040EA47
:109BE0000900FDF78FFCE1688881E1682046A1F853
:109BF0001280D8E700290BD0098D002908D0282928
:109C000002D928398AB200E00022904200D31046DF
:109C10007047F8B5044600270D46880700D5012790
:109C2000F80701D0042100E000214FF42072382011
:109C3000FEF772FB01004FF0FF360AD000972A466C
:109C40002046E36DFFF78AFF010002D0E06E30B1DD
:109C500008E0608B40F0800060833046F8BDE1662C
:109C600004E010460268002AFBD101600020A4F83D
:109C70006800A80702D0E06D401CE065E80703D04B
:109C8000608B40F0200060834868FEF7E1FB34F809
:109C9000661F084420800020F8BD002801D0C0F8CD
:109CA0009010704770B5194DA878401CA870AC6929
:109CB00028E0A17FA878814223D0A077608BC107DC
:109CC00009D040F002006083204600F0F1FB608B79
:109CD00020F00300608380B2010705D520F0080062
:109CE00060832046FFF792FEE668A06F38B100203F
:109CF0002870204601F038F828780028D7D134465B
:109D000000E0E468002CD4D170BD00000801002000
:109D100001460120FEF772B92DE9F0410C460746D5
:109D2000144E10E02546D5E90040FEF791FBB7F848
:109D30006610081AA7F8660028893189084430811E
:109D4000284601F0C7FC8CB1E0684068FDF7D8FBFD
:109D50000546E0688089FDF7D5FB800700D001202B
:109D6000218928440844B169081ADBD52046BDE89A
:109D7000F08100002801002010B50446406F002843
:109D800003D001F0B5FC0020606710BD0849C88809
:109D9000421CCA800A6912B18B88984203D2C968F2
:109DA0001431085C7047C01AC0B2105C70470000E4
:109DB0002801002010B5F7F7B7FA054909684840AF
:109DC0000449C0F30D0000F54040888010BD00003C
:109DD000E8F7FF1F080100202DE9FF5FEA4E054666
:109DE0004068F060688914287ED3DFF8A093D9F822
:109DF0000010D9F81400FDF78AF8002874D199F8FA
:109E00001400C0F303100E286ED009F11400039063
:109E10000090031F2A89062128460193FDF714FAB2
:109E20000028EBD1F0688089FDF76CFB000B810006
:109E30001429D9D328898842D6D3A1F1140080B23D
:109E400070804FF0000AC6F810A06A898A4204D3D5
:109E5000B0802846FEF738FC17E014212846FEF7AC
:109E600033FC6989B1807088401A84B22846FEF7B5
:109E70002BFC28684189A142B6D341683161214653
:109E8000FEF722FC2889001B2881F0680088FDF776
:109E900039FB0146F06801804088FDF733FB01463D
:109EA000F06841804068FDF72BFB0146F068416097
:109EB00071618068FDF724FB0146F0688160B16143
:109EC000C089FDF71FFB0146F068C1818089FDF75D
:109ED00019FB00F03F00307029897181820706D09C
:109EE0004A1C92B2728100E07DE091427BD8DFF89B
:109EF000A082D9F810E0D9F804B0D8F80030F168A1
:109F0000D9F8147000221C4600974BE0277A3FB125
:109F10009BF834C00CF1010C0CF0FF0C67453FD1ED
:109F2000278BB1F800C067453AD1E78AB1F802C083
:109F3000674535D1D4F804C0F44531D1D4F800C018
:109F4000009FBC452CD122B1E768D760E360C8F818
:109F500000404CB3DFF83C9257460007C9F800A018
:109F60002B89A9F80830C9F80450C9F80C10C6F8B4
:109F70001CA086F801A0A6F808A003D5687B40F0D5
:109F800001006873A06F78B3204600F0EDFE0D303D
:109F900003D0A06F40B3708930B3608DF0B3CAE0D6
:109FA0002246E468002CB1D17B48D9E90428006836
:109FB000D9F804401AE0037A2BB194F834707F1C6E
:109FC000FFB2BB4211D1038B0F88BB420DD1C38AB4
:109FD0004F88BB4209D14368934206D10368434589
:109FE00003D101F0DBFDC8E031E0C0680028E2D118
:109FF0006A4F0022B2463868034618E0067A3EB13E
:10A0000094F834C00CF1010C0CF0FF0C66450CD137
:10A01000C68AB1F802C0664507D100E013E00668C1
:10A02000464507D0002804D02EB10246C06800285B
:10A03000E4D18CE0F0B31AB1C168D160C36038607C
:10A0400000F006F999E0204601F05BFB73E0204642
:10A05000346200F0C9FC0D306DD0707835460007D1
:10A060000ED5D4F890201AB16FF00D0120699047F9
:10A070002146474800F089FC2046FFF749FE5AE098
:10A080002A8942B1D4F8803023B12146206998470B
:10A090000D3050D02F81204600F082F8F0BBE869E7
:10A0A00010B3A17EC90606D5FEF77DFA2046FFF75C
:10A0B0002DFA40E04BE0D4F884C0BCF1000F07D08B
:10A0C000D4F810800246002321464046E04705E0D0
:10A0D000002302462146184601F0B1F910F10D0F98
:10A0E00029D008B1E869A067687880061BD5A06F01
:10A0F00020B1417B41F02001417314E0208DA0F597
:10A10000B051D03901D0401C2085D4F884C0BCF1B6
:10A11000000F08D000231A46214600E00BE020691A
:10A12000E0470D3007D020462F6200F039F810B913
:10A13000204600F0BDF93762F761D9F804004C46BB
:10A14000002802D0FEF72FFA6760BDE8FF9F544653
:10A150008889FDF7D7F940070FD4E068039B018891
:10A1600042880198CDE90002029161896069421834
:10A17000D9F80400A16901F07AFA04B02846BDE8D4
:10A18000F05FFEF710BA000028010020A056002062
:10A190002001002090560020240100201C010020F6
:10A1A00010B504460C484078C00612D5A07EC00603
:10A1B00006D4D4F890201AB16FF00E0120699047B0
:10A1C0002146064800F0E1FB2046FFF7A1FD0120F3
:10A1D00010BD002010BD000028010020200100203B
:10A1E00070B50446006D0025401EFDF789F9034651
:10A1F00000222946204600F057FA010006D02246E8
:10A20000231DBDE87040104600F098BA4FF0FF30B3
:10A2100070BD000030B40D4B044600210846DD68D7
:10A220009A6909E0137DA34205D1136AEB1A8B42A8
:10A2300001D319461046D268002AF3D1002803D072
:10A2400030BC0021FFF7F8B830BC7047080100208F
:10A25000FEB53D4D06462878410713D43B4FC10655
:10A2600011D5E86807F1100207F11403018840884E
:10A270000092CDE901016989686942187868A96985
:10A2800001F0F5F9FEBD8007FCD5707DFFF742F9BE
:10A29000040048D07869206038696060F08AE08204
:10A2A000E86800882083032020756869401C60628C
:10A2B000E062204600F0BAF8A06520656064E065C1
:10A2C0006869401E60653069E6672061707A00F059
:10A2D0000C006072307A20721D480168E1600460F1
:10A2E00001F042FC1B4901200870204600F0CAFA28
:10A2F000E868C089A4F86000A4F86200201DFCF79B
:10A3000073FF0146608E221DFFF774FC60861221E8
:10A310002046FFF77EFC88B103B02046BDE8F04040
:10A320000021FFF789B8B369002BABD0306903B0C7
:10A330004FF0FF32BDE8F040002118472046BDE84D
:10A34000FE4000F0B5B8000028010020A056002013
:10A35000200100200801002070B50D4604001DD02A
:10A36000206800281AD00E4E2046B16900F01AF875
:10A370002046316900F016F8002D0FD0286800281B
:10A380000CD006F11400026806E0106821688842CB
:10A3900001D128681060D268002AF6D170BD000093
:10A3A0000801002070B50546084609E001682A68E2
:10A3B000914204D1C468FFF7A9F8204600E0C068C4
:10A3C0000028F3D170BD4020FFF7A4B8F0B5154DBB
:10A3D000154A00234FF6FF764FF440474FF4804E66
:10A3E0009088401C80B29080B04200D19780B2F833
:10A3F0000440002055F8201009680AE0B1F816C0A2
:10A40000A44505D15B1C9BB27345E9D30020F0BD88
:10A41000C9680029F2D1401CC0B20428EAD3A0B216
:10A42000F0BD000064CE0008080100200249D1E917
:10A4300002021044886070470801002070B505468C
:10A44000C0680C468089FDF75DF8184EC00715D02E
:10A45000204601F04DF9002425E08089FDF752F8EF
:10A46000C00707D00120FDF74DF80146E868828952
:10A47000114381812046246801F02CF99CB1E068E9
:10A4800022897369416811442A891A44511AE4D512
:10A490002A8940681A44821A05D5C01A81B22981D6
:10A4A0006868FEF7DDF82C6070BD00002801002010
:10A4B0002DE9F05F04467B480068A04202D10020ED
:10A4C000BDE8F09FB4F86010B4F84800814200D2B3
:10A4D0000846E56E81466DB12146221D084601F011
:10A4E0008DF85FEA000A6FF003012ED054B12068A6
:10A4F00040B10CE0A07E80077ED52046BDE8F05F2D
:10A5000001F0FFB81AF104001FD000682060E8686D
:10A510004068FCF7F5FF616C401A29894218002059
:10A520004A4514D9B4F860204A45E3D1216F002987
:10A53000E0D194F8A1100029DCD184F8A000012119
:10A5400084F8A11084F8A200D4E70846B8E784F89C
:10A55000A100266F83460EB990E0064630680028B9
:10A56000FBD18AE0E8688089FCF7CCFF206FA8B1B6
:10A57000618B11F0440F11D1E06E28B102686AB905
:10A580000089628E904209D2B4F8640030B1B4F808
:10A590006600102802D211F0A00F7AD0207D022888
:10A5A00007D01020FCF7AEFF0146E868828911430E
:10A5B000818152462146284600F0FEF820B1618B89
:10A5C00041F0800161837BE72868E066207D0228F6
:10A5D00003D0608B20F003006083E8684068FCF7DC
:10A5E0008FFF0746E8688089FCF78CFF800700D062
:10A5F00001203844298900E04FE00844216D091A00
:10A6000000D52065E8688089FCF77CFF800700D0D2
:10A6100001202989C8422CD0C5F800B0206F68B14C
:10A62000E8684068FCF76CFF0746F0684068FCF794
:10A6300067FF381A1AD504F1700003E0256716E0A9
:10A64000D8F800008046006850B1C0684068FCF748
:10A6500057FF0746E8684068FCF752FF381AEFD406
:10A66000D8F800002860C8F8005005E035602E4694
:10A6700002E0284601F02EF8E56E55B1E868406822
:10A68000FCF73EFF616C401A2989014449457FF679
:10A6900069AFE06E08B9A4F868B0608B20F0800064
:10A6A00060830CE7480100202DE9FF410446478DF7
:10A6B000058BC08A10268DE8E100606A00F009F879
:10A6C000002803D0628D616A1144E16204B0BDE8E4
:10A6D000F0812DE9F05F834688180E46DDE90B987E
:10A6E000143081B21F464FF420722420DDF828A0D8
:10A6F000FDF712FE05001ED050466C68FCF702FF05
:10A7000020804846FCF7FEFE608067605846FCF7F4
:10A71000F7FEA060B008000300F5A04080B240EA58
:10A720000800FCF7EFFEA0810D98FCF7EBFEE0813E
:10A730000020208260822846BDE8F09FF8B51546CB
:10A740000E461C4607461A46294600F057FF38B108
:10A75000009023462A463146384600F007F8F8BDF7
:10A760003046FDF720FF6FF00300F8BD2DE9FE43F2
:10A770004F68DDF82880914600930D461E4604463A
:10A780000A894B4606212846FCF75EFD388214B143
:10A79000E37AA07A01E04023002006228DE805013B
:10A7A000324649462846FCF7A7FC04462846FDF7F2
:10A7B000FAFE2046BDE8FE83FEB516460C46054669
:10A7C00000F058F808B10020FEBD606AFCF798FE62
:10A7D000E9688860608DFCF795FEE968C881618D45
:10A7E000606A0844E062EF68A87A1437C0070AD0AC
:10A7F000221D314640F2B450FFF7FCF940F00170E1
:10A80000FCF77EFE3860B4F930000027002800DA3B
:10A810002786606B38B9164800686063E86840684E
:10A82000FCF76EFEA0636968A88923468A88801AAF
:10A830004A89121A4A8169680A89101A0881696866
:10A84000E8684860E86806210782201D0090686873
:10A850000289FCF7F9FCE968221D0882A07A06212A
:10A860008DE84300E37A21466868FCF745FCFEBDAD
:10A87000140100204068807B012801D0012070472E
:10A88000002070472DE9F0411A4C064660880028E8
:10A8900018D00020E08040F2B4550FE0FFF776FAC0
:10A8A00000280FD0012809D002280DD0FFF76EFA3A
:10A8B000022807D3E1880844801EE080E088618890
:10A8C0008842EBD3BDE8F081FFF760FA0428F9D1A4
:10A8D000E0886188801C8842F4D8FFF757FA0702A5
:10A8E000FFF754FA3843A84200D800B928467086CA
:10A8F000E4E70000280100202DE9F0411D46DDE9D4
:10A900000637089E0C4691420FD2BF0707D49F7EA0
:10A910007F060AD41EB1DE6E0EB91B6F2BB104F296
:10A92000B4518A4200D2114689B24FF42072FDF729
:10A93000F3FC002804D04189091B2980048144814B
:10A94000BDE8F08170B504001ED0207D00281BD02A
:10A950000A2819D0012817D0A06F002510B1FDF7E3
:10A9600022FEA567606F10B12046FFF705FA4FF091
:10A97000FF302086E06E00F0BBFE206F00F0B8FED6
:10A98000E5662567A4F8685070BD70B50C460146B1
:10A990000068A04209D1C068086008E0C168A1420F
:10A9A00002D1E168C16002E008460028F6D1002526
:10A9B0002046E560FFF7C6FF207D0A280AD001285F
:10A9C00008D0608BC10705D040F0020060832046AC
:10A9D000FFF76EFD2575E58270BD002802D0C0F836
:10A9E0008C104277704700002DE9FE4FD84D044689
:10A9F0002878410721D5207D02280ED0616A686938
:10AA000081420ED0421A07D4228D1144081AFAD47A
:10AA1000608B40F00200608397E1206DA969884255
:10AA2000FAD1687840F008006870608B20F001006F
:10AA300060836FF00D00BDE8FE8F800704D5207D98
:10AA4000022801D00328E3D1A07EC00602D4C14869
:10AA5000006820624FF0000A84F8A3A084F8A2A046
:10AA60002046FFF70FFF2A78900704D5207D0228A3
:10AA700001D00328D0D1B84B94F814C003F11000D2
:10AA80000421DFF8D8B2B64FB64E1433ACF1020C45
:10AA90004FF00109BCF1080FBED2DFE80CF00473DF
:10AAA000CBCFF5CBF4F3D606B6D5920754D5626C6E
:10AAB000AE69521CB2424FD16869421C6262666440
:10AAC000E262EA68401ED289A4F86020A4F86220FD
:10AAD00060652175201DFCF787FB0146608E221DF5
:10AAE000FFF788F841F21C116086B1EB400F01D2EC
:10AAF000420000E00A46B2EB800F01D9810003E07A
:10AB0000B1EB400F00D24100A4F84810B4F8660041
:10AB1000401EA4F86600206FB0B10168C4F8701040
:10AB200000F0D8FD206F98B1A4F830A084F842A0BE
:10AB3000D4F88830002B3FF46BAF00222146206907
:10AB400098470D3042D063E7E06E0168E166E7E7C1
:10AB50004FF0FF302086EBE7E9680A8849888DE8E6
:10AB600007006989686942182046A96900F04EFD0E
:10AB700094F8420006288FD2A4F830A0204600F0B6
:10AB8000F5FCE2E0960708D5606A6969401E8842D4
:10AB900002D1204600F089FCD7E0D20649D5626C8C
:10ABA000AE69B21A012A38D4226D921B35D42175B0
:10ABB000E06F40B1836933B1002221462069984794
:10ABC00038B10D3002D02046FEF7A0FC6FF00C002B
:10ABD00031E7204600F004F9288908B1401E288199
:10ABE000618E41F21C10B0EB410F01D24A0000E02F
:10ABF0000246B2EB810F01D9880003E0B0EB410FB0
:10AC000000D24800A4F848006878800611D5608B0F
:10AC100040F00200608307204AE0E9680A8849881A
:10AC20008DE807006989686942183146204600F0BE
:10AC3000EDFC8AE0204600F0D3F8E5E7204600F07E
:10AC4000CFF86878800628784FEAC06027D50028BA
:10AC500005DA206DA969884201D1E06E28B1608BC8
:10AC600040F002006083082022E0608B40F0020088
:10AC700060832046FFF766FE3068A0420CD1C068B2
:10AC8000306048E051E02DE014E0C168A14202D1FB
:10AC9000E168C1603FE008460028F6D13BE00028AB
:10ACA00053DA206DA96988424FD1E06EE0BB0620DF
:10ACB00020754AE0204600F093F86878800644D575
:10ACC000608B40F0020060832046FFF73BFE306857
:10ACD000A042D4D003E0C168A142D9D008460028E0
:10ACE000F9D118E0204600F07BF82878C0062CD572
:10ACF000206DA969884228D1E06EA8B92046FFF7E7
:10AD000021FE3068A042BAD003E0C168A142BFD0A2
:10AD100008460028F9D18BF800900A202075386881
:10AD2000E0603C6000F020FF0FE0204600F058F8A3
:10AD30002878C00609D5206DA969884205D1E06E42
:10AD400018B9687840F010006870002073E60000C1
:10AD50002801002014010020A05600200801002036
:10AD600024010020200100202DE9F04104000CD036
:10AD7000A56F00206E7BA067D4F884704FB10023CC
:10AD80002A4621462069B84709E06FF00F00BDE868
:10AD9000F08100232A462146184600F050FB6FF050
:10ADA0000C0728B10D3018D06FF00400A567EEE74E
:10ADB000B00610D5208DA0F5B051D03901D0401C7F
:10ADC0002085D4F8845035B100231A4621462069E5
:10ADD000A8470D3001D00020D9E73846D7E700005A
:10ADE0002DE9F047F74D04464FF000062878C006DD
:10ADF0007ED52846B4F860C0A36D676D6A69C168E6
:10AE000080690CEB0309B7EB020808D4974201D123
:10AE10001F1A04D483420DD1CB8963450AD9C9894D
:10AE2000A4F86010B4F862308B4201D2A4F862102A
:10AE3000C4E91520626C4FF6FF71131A2CD46B898C
:10AE4000002B28D1B4F86070A36D1F444F4522D168
:10AE5000B4F93030002B1EDB82421CD194F8430041
:10AE6000421CD2B2824201D984F8432094F84300B4
:10AE700003280CD9B4F84800628E024492B2824290
:10AE800002D3A4F8482003E0A4F8481000E002D35D
:10AE9000204600F03DFB8AE0821A012A76D4236D19
:10AEA0001B1A73D4678B7B0708D527F004036383D1
:10AEB000B4F84A30A4F84830A4F86A6084F84260D4
:10AEC000E38FB4F93C7092B203EBE703A4F840308F
:10AED00084F843606064207D042831D3B4F84800CE
:10AEE000B4F84A30984217D2638B1B0503D500E0B3
:10AEF0007DE0012300E00223678E5F43BBB29342F3
:10AF000000D81A46024492B2824202D3A4F84820E2
:10AF100016E0A4F8481013E0B4F86A301A4492B26C
:10AF20009A4202D3A4F86A2001E0A4F86A10B4F8A7
:10AF30006A20824204D3121AA4F86A20628EE1E7E2
:10AF4000D4E91B31A0A22046FEF7E6FE20670346A7
:10AF50009FA22046E16EFEF7DFFEE066216F19B189
:10AF60002686267720B105E04FF0FF322286F8E7EB
:10AF7000A4F86860B4F864202B891A44A4F864200B
:10AF8000628B120513D511B1C86802E00CE030B134
:10AF9000C0684068FCF7B4FAE16C401A07D4608BD3
:10AFA00020F40060608302E0204600F0AAFB606BA2
:10AFB000E8B1A16BAA69891A19D587490988081AC5
:10AFC000B4F93C10A0EBE10000B2014409B2A18742
:10AFD000002801DA404200B2B4F93E20A0EBA20002
:10AFE0001044E08700EBE100A4F8400066636B8941
:10AFF000002B7DD0207D07287AD2606A6A69774F5E
:10B00000811A01291ED413441B1A012B1AD43A8920
:10B0100089B27868521A3A810289521A92B204E0CF
:10B0200002814681C91A006889B243898B42F7D3ED
:10B03000FDF74AFB606A6861F9684860616A401A16
:10B0400007D5E2E1101A04D5608B40F0020060835E
:10B05000DBE1208D616A0A186869121A012AF0D4AE
:10B06000A846814273D1F8688089FCF74BFA8007C3
:10B0700001D0012100E000213889B946084480B29E
:10B08000A8F80A00218D4546814230D2D9F80C003B
:10B090004F468089FCF736FAC0070FD0F8688089E0
:10B0A000FCF730FAC0F344004000FCF72BFA0146ED
:10B0B000F868828922F47C5211438181208D388185
:10B0C000F8688089FCF71EFA800702D53889401E8F
:10B0D000388139897868FDF7C3FAF8688089FCF708
:10B0E00011FA800700D0012039890844688100E006
:10B0F00090E1606F60B3D9F80C008089FCF702FA28
:10B10000C00704D107E00168616700F0E3FA606FEF
:10B110000028F8D16BE0676F24E08089FCF7F2F932
:10B12000C0071BD0D9F80C008089FCF7EBF9800729
:10B1300014D40120FCF7E6F9D9F80C108A891043E1
:10B140008881FCF7DFF9800703D0012102E0BAE033
:10B150004DE00021B9F808000844688138463F688E
:10B1600000F0B8FA6FB3F86839896B894268114406
:10B170006A691A44511AD0D5696940689AB20A447A
:10B18000821A33D5411AA9F80810D9F80C00A8463C
:10B190008089FCF7B7F9800704D5B9F80810491E73
:10B1A000A9F80810B9F80810D9F80400FDF758FA02
:10B1B000D9F80C008089FCF7A5F9800710D001218F
:10B1C0000FE013E028010020756E61636B65640079
:10B1D000756E73656E740000140100209056002097
:10B1E0000021B9F808000844A8F80A0067676889D0
:10B1F000696901446162218D081A2085204600F0AA
:10B2000019FDD9F8041048460A890AB1E961466077
:10B21000D9F80C008089FCF775F9C00741D068782F
:10B2200040F0200068703CE06A618889FCF76AF9A8
:10B23000800700D001203A89616A114408446062A5
:10B24000F8688089FCF75EF9F8688089FCF75AF99C
:10B25000800700D0012039890844218D081A2085F3
:10B26000204600F0E7FC7968088930B1E86910B140
:10B27000FDF7D1F800E0E9617E60F8688089FCF7AD
:10B2800041F9C00708D0687840F020006870207D40
:10B29000042801D10720207538686067384600F01F
:10B2A00019FA676F27B1F968606A4A688242BBD0B1
:10B2B000608BC10702D020F00100B6E040F0010031
:10B2C0006083BDE8F087656F95B10026E96849683D
:10B2D000814212D13889298988422FD9286868B3D8
:10B2E000534800F0E3F948B37EB33060294623E0C9
:10B2F0004F4800F0DBF9606787E006B3F2685268F8
:10B30000821A012A23D40A1A012A20D4484800F0BC
:10B31000CDF9070079D0F068416830890A18D8F86B
:10B320001400821A05D5401A81B231817068FDF788
:10B3300097F9294638463760FFF780F865E0421AEA
:10B3400005D53B4800F0B2F9E8B36067CEE72A685C
:10B350002E46CABB091A55D5E8688089FCF7D2F891
:10B36000C00752D1324800F0A1F9286058B3E8680C
:10B370002989464640684218D8F814108A1A05D51B
:10B38000081A81B229816868FDF76AF9218D606A1F
:10B390007269084471891144401A36D52868C0681A
:10B3A0008089FCF7AFF8C00713D02868C06880898F
:10B3B000FCF7A8F8C0F344004000FCF7A3F82968A4
:10B3C000C9688A8901E020E01CE022F47C52104325
:10B3D0008881A08C218D0844B18A401A81B22868E6
:10B3E000018128684068FDF73BF92868C0688089BA
:10B3F000FCF788F8800700D00120296809890844F3
:10B40000708102E015007FF461AF2046BDE8F0478F
:10B4100000F077B9616A6869421A05D4228D114437
:10B42000081A01287FF54DAF608B40F0020047E716
:10B4300090560020002801D0C0F88410704710B545
:10B440001446080007D04CB1218900F00EF82046C0
:10B45000FDF7A9F803E06FF00F0010BD0BB100205D
:10B4600010BDBDE81040FEF73DBA10B504001BD07A
:10B47000228D501880B241F2D061884201D88242B8
:10B4800001D9218500E02085204600F0D3FB40F261
:10B49000B451884208D3608B40F00200608320469C
:10B4A000BDE81040FFF704B810BD2DE9F041056F6D
:10B4B00004466FF005061DB12846FFF7DBF910B111
:10B4C0003046BDE8F081286804F16C06206700E092
:10B4D0003668306850B1C0684068FCF711F807461C
:10B4E000E8684068FCF70CF8381AF1D43068286036
:10B4F00035602868002108B9A4F8681094F8420063
:10B50000FF2802D2401C84F8420000206163D8E783
:10B5100010B50446006F002827D0A07E400724D431
:10B520002046FFF7C2FF00281FD1B4F84810B4F836
:10B530006000814200D208464108A4F84A10608E9B
:10B54000B1EB400F05D24FF6FF7101EA4001A4F8BC
:10B550004A1089B200EB40000844A4F84800608B10
:10B5600040F0040060830020208610BD10B5044622
:10B5700000F011F8002804D12046BDE8104000F08A
:10B5800001B810BD90F84210FF2902D2491C80F882
:10B590004210FEF78DBF2DE9F041056F04466FF0B4
:10B5A00005065DB103E0FFF765F938B92D68286835
:10B5B00000282846F7D1FFF75DF910B13046BDE805
:10B5C000F081E06E28600026206FC4E91B06608BC6
:10B5D00040F400606083E8684068FBF791FF07462D
:10B5E000E8688089FBF78EFF800700D00120298959
:10B5F000384408446663E0640020E0E718B1007A4C
:10B6000008B1FCF7C7BD1046FBF7EEBDFEB51D4601
:10B610000646DDE90930089C0094CDE901302B464F
:10B62000304600F00BF8010007D003B023462A464D
:10B630003046BDE8F040FFF781B8FEBD2DE9FF417F
:10B640001546DDE90B78084600244DF21606FBF797
:10B6500057FF1421CDE90216CDE9007803460022F8
:10B6600021462846FFF735F804B0BDE8F081FEB565
:10B670001E460400DDE90930089D0ED00095CDE995
:10B68000013033460020FFF7D9FF010005D02B46DB
:10B69000324600200094FFF769F8FEBD0248002101
:10B6A00041808180704700002000002070B5054671
:10B6B0000320FCF7D1FC04000AD004CD95E80B0070
:10B6C00004C484E80B00241FFCF7F1FF204670BD82
:10B6D000002070BD10B5040009D0606808B1FCF707
:10B6E00062FF2146BDE810400320FCF787BC10BD77
:10B6F00010B503E00468FFF7EDFF20460028F9D1FC
:10B7000010BD70B504460025006DFBF7F9FE034639
:10B71000002229462046FEF7C7FF010009D0224635
:10B72000231D1046FFF70AF8618B48B141F0030171
:10B7300008E0608B40F0030060836FF0010070BD93
:10B7400021F00301618370BD70B5C46E05460CB96C
:10B7500009E0044620680028FBD1E0688089FBF7F7
:10B76000D1FE400705D02846BDE870400121FEF714
:10B7700050BA0120FBF7C6FEE1688A891043888130
:10B78000688B40F020006883002070BD2DE9FE4FDB
:10B79000AC4D47F6FF7B4FF4FA78E8684FF00009AC
:10B7A000401CE860A878401CA8700027AC692BE119
:10B7B000A17FA878814202D12746E46824E1A077DE
:10B7C0000026207DB246022805D194F842000628C2
:10B7D00001D3012688E094F842000C2806D294F8A0
:10B7E000A10058B394F8A2100C2901D301266FE0F0
:10B7F0009549415C94F8A000884202D2401C84F82C
:10B80000A000C0B2884263D3B4F86010204619B1DA
:10B8100000F01EF920B107E000F0CCFBE8BB03E02C
:10B820002046FEF745FEC0B384F8A09094F8A1002E
:10B8300007284DD2401C84F8A10049E0B4F930003B
:10B84000584501D2401C2086B4F93000B4F94010AC
:10B8500088423DDB2046FFF79EFE18B1206FE0B91D
:10B86000E06ED0B1207D022813D094F842000C285D
:10B8700000D30C20B4F93E10B4F93C2001EBE201F6
:10B88000724A105C81405846814200DA0846A4F8AA
:10B8900040004846A4F8309000E019E0B4F8482091
:10B8A000B4F860108A4200D211464A08A4F84A202F
:10B8B000618E4FF6FF7303EA41039A4201D2A4F866
:10B8C0004A30A4F84810A4F86A002046FFF75AFE50
:10B8D000207D062808D1A07EC00605D5206AE9682B
:10B8E000081A282800D9761C607A000726D5207D02
:10B8F000042801D0072821D1D4E9250CD4F89C10C4
:10B90000226A01FB0C01B1FBF8F1EB689A1A914233
:10B9100003D24FF0010A761C10E094F8A31001FB4B
:10B920000C00B0FBF8F0904208D22046FEF758FC1D
:10B9300020B994F8A300401C84F8A300606F60B1A4
:10B94000216AE868411AB4F9400000EB4000B1EB0D
:10B95000400F02D32046FEF70FFA207D032802D0C5
:10B96000092807D00BE0206AE968081A282806D9B8
:10B97000761C04E0206AE968081AF028F8D84EB36B
:10B980002046D4F89060FEF7DDFFE0680FB1F86064
:10B9900000E0A861BAF1000F0AD0228BE18A201DD5
:10B9A0008DE8070023461846626A216DFFF72EFED8
:10B9B0002046D4F810A0E468FEF7AAF985F80090B4
:10B9C00016B36FF00C015046B047287800287FF47A
:10B9D000ECAE19E02746E468387F401CC0B23877E7
:10B9E000797F884210D387F81C9085F80090D7F8AB
:10B9F0008C2032B139463869904729780029E6D140
:10BA000010B93846FEF754FD002C7FF4D1AE002665
:10BA1000EC6913E0206AE968081AF02806D9204684
:10BA2000FEF790FFE06826B1F06003E02646E46888
:10BA300004E0E8612046E468FEF76AF9002CE9D1E9
:10BA4000BDE8FE8F080100201FCE000854CE00087C
:10BA50002DE9F84FC46E0F460546002C7DD04FB13E
:10BA60002089B84277D994F80AB05FEACB7105D043
:10BA7000042604E06FF00500BDE8F88F0026C01B27
:10BA80001FFA80F808EB060081B24FF420723820CC
:10BA9000FCF742FC5FEA000A63D0606822890189F2
:10BAA000891A39448BB2DAF8041042463144FCF763
:10BAB000EFFC404552D1E0688089FBF723FD00F0A0
:10BAC0003F064FF00009300703D526F008064FF077
:10BAD0000809F00703D026F0010649F00109E068E3
:10BAE0004068FBF70DFDC3194A4651462846CDF87C
:10BAF00000B0FEF733F8070033D06068FCF7A8FC0D
:10BB000035F8661F081A288060680289A2EB0801D0
:10BB100089B2FCF7A5FD2189A1EB08002081304600
:10BB2000FBF7F0FCE1688A89104388816068FCF7C4
:10BB30008FFC2988084428807868FCF789FC2988CC
:10BB4000084425F86609206838602760386810B90D
:10BB50000020A5F8680000208EE702E05046FCF7C0
:10BB600022FD4FF0FF3087E70848816800290CD19B
:10BB70000749084A09681268114306D0012181600B
:10BB800000220549FA20FDF70DBC7047FC0000209B
:10BB9000200100202401002055C00008FEB51649F0
:10BBA0000B785A0717D40A469C07528914D5446A61
:10BBB0004B691D1B15D4058D2C44E41A11D4CC6897
:10BBC0000E4E1A44258864880096CDE90145331D40
:10BBD0008969FFF71BFDFEBDD90702D00849096836
:10BBE0000162002AF7D0418B41F002014183BDE898
:10BBF000FE40FEF75DBC000028010020B05600208A
:10BC00001401002010B5FEF74DF805484178491C95
:10BC10004170C80703D0BDE81040FFF7B7BD10BDA5
:10BC2000080100200248417841F01001417070473E
:10BC30002801002070B5048D456A428E2B1940F60C
:10BC40006836C16AB24200D932460A449A1A02D40E
:10BC50004485581A70BD491B00D50021418500203C
:10BC600070BD00002DE9FF4F4FF0000B93B0174659
:10BC7000CDF838B004005D46CDF834B05E46CDF85E
:10BC800024B0CDF844B0ADF828B0D846DA466FF00D
:10BC90000F021BD0608EB4F86210B0EB510F01D2CE
:10BCA000014600E0490801B108460690149868B1C1
:10BCB000207D04280CD007280AD0022808D00328A9
:10BCC00006D06FF00A0017B0BDE8F08F1046FAE713
:10BCD00067B1B4F86410B94203D3B4F86600102811
:10BCE00004D3608B40F08000608360E1B4F866901C
:10BCF00000200790E06E002877D0054600680028F5
:10BD0000FBD1A87AC00700D004202B891918069807
:10BD1000401A82B2B4F86800ADF82800C8B10D9599
:10BD2000B84201D2014600E03946914201D911469C
:10BD300004E0B84201D2014600E039468846A0EB53
:10BD40000800ADF8280006EB0801A2EB08008EB24F
:10BD500082B2BE4249D2002A47D0002B45D0B81B40
:10BD6000904200DD104680B2CDE90C051698C00760
:10BD700015D0012116980094CDE901010AAB0020ED
:10BD80000C99FEF7B9FD5FEA000B7CD014980C9A71
:10BD90008119DBF80400F4F73AFA58461EE06868A7
:10BDA00000E0084601680029FBD1017B890908D120
:10BDB0004168408901441498814202D1DDF830A0E5
:10BDC00011E0012200200C99FCF7A6FA5FEA000BB3
:10BDD000DBD0149881195846CBF80410FCF738FBD7
:10BDE00048441FFA80F90C9866E067E0B81B81B2FE
:10BDF000DDE90620101A80B2814200D20846039085
:10BE00001698C0071DD00998C8B100211698009453
:10BE1000CDE90101039907980AAB084481B23820A3
:10BE2000FEF76AFD019000282DD014988119019821
:10BE3000426807981044039AF4F7E9F918E00121E1
:10BE4000E4E7012238200399FCF766FA0090002805
:10BE500019D014984FF4207281190098416038204D
:10BE60000799FCF759FA019088B10099FCF7D3FAC9
:10BE70000198FCF7EDFA48441FFA80F9B9F1100F68
:10BE800007D9019800E04BE0FCF78DFB82E00098B9
:10BE9000F8E711980090E06D00228319204601997F
:10BEA000FDF75CFE0D90D8B3099870B1DDE90D0186
:10BEB00008600D980E900398304486B2BE4295D328
:10BEC000B8F1000F1CD06E6814E00D980990F0E7EF
:10BED000318901EB08003081306850B97189706890
:10BEE000424608441499F4F792F9718901EB08006D
:10BEF00070813668002EEBD1298901EB080028817A
:10BF0000BDF82800A4F86800BBF1000F09D059461D
:10BF10006868FCF780FA2989BBF80800084418E033
:10BF200038E0BAF1000F15D0686804E0038903EB2C
:10BF30000A020281084601680029F7D1028902EB52
:10BF40000A010181428902EB0A014181298901EB41
:10BF50000A0028810998DDB1C5F8000054F85C0F8B
:10BF6000384420602089C01B2081A4F80A900D98D5
:10BF700060B1C06850B11698800707D40820FBF75D
:10BF8000C1FA0D99C9688A891043888100209AE610
:10BF9000E066E3E7608B40F080006083BBF1000067
:10BFA00001D0FCF700FB099808B1FFF7A1FB4FF0A7
:10BFB000FF3088E62DE9F041C56E0446002635B312
:10BFC00094F8A200FF2802D2401C84F8A200E8687E
:10BFD0008089FBF797FAC00701D02889D0B10027E4
:10BFE0000122E868314643682046FEF75DFB060003
:10BFF00013D0716888469FB11120FBF783FAB8F817
:10C000000C1021F47C510843A8F80C0011E000202A
:10C01000BDE8F08101270022E3E74FF0FF30F7E7AA
:10C0200068682B8914310289D21A93B20122FCF775
:10C030002FFAE8684068FBF763FA216D401C091A83
:10C0400000D520652246231D3146BDE8F04110464B
:10C05000FEF774BB10B5FFF7D5FD08480849006826
:10C060000968084306D00022BDE810400549FA20BF
:10C07000FDF798B904490020886010BD2001002018
:10C080002401002055C00008FC00002001600021B0
:10C090000171704770B505000FD0286868B1482459
:10C0A0006100142301222868F5F71AFA38B1641CDC
:10C0B000E4B24F2CF4D900202871002070BD2C71FF
:10C0C000012070BD7FB50C4680B1056875B100795F
:10C0D00060B15CB11423022203A98DE80E00410077
:10C0E000012300222846F5F76FFB10B1002004B0B1
:10C0F00070BDBDF80C0040BA0009010501D5A0F5DE
:10C10000805040F2712148434FF0640101D4323035
:10C1100000E0323890FBF1F020800120E7E70000DA
:10C12000F8B50C46060009D0306838B14FF47A757E
:10C1300040F21450AC4203D22C4604E00020F8BD7B
:10C14000844200D9044600220121304600F080FDDF
:10C1500000287DD00220F4F7ADFD304600F0F0F964
:10C160000520F4F7A7FD1B220221304600F070FDE8
:10C1700000286FD00022EC21304600F0ADFD0028F1
:10C180006AD01022E421304600F062FD002865D01C
:10C1900000220421304600F05BFD002860D0D94821
:10C1A000FAF7B2FC02463321304600F095FDE0B3C9
:10C1B000D54F3846FAF7A8FC02465821304600F021
:10C1C0008BFD98B33846FAF79FFC0246352130467E
:10C1D00000F082FD60B3CD48FAF796FC02463621A6
:10C1E000304600F079FD80B3C948FAF78DFC02466D
:10C1F0005521304600F070FD48B3B7225621304635
:10C2000000F026FD80B34FF07E573846FAF77CFCED
:10C2100002462921304600F05FFD70B30220F4F79A
:10C2200049FD6A462921304603E01BE01DE00FE08E
:10C230001DE0FCF73BFD30B12946BDF80000FDF7DD
:10C240001BF8A8421ED01420F8BD12E002E012E054
:10C250000120F9E70220F7E70320F5E70420F3E7E0
:10C260001520F1E70520EFE708E01620ECE717209E
:10C27000EAE71820E8E71920E6E701E01A20E3E7FB
:10C280000620E1E72046F4F7D4F9A249F4F78FF845
:10C2900001466A463046FAF79BFC00287ED0BDF87E
:10C2A00000202121304600F017FD68B9304600F02B
:10C2B00047F90A20F4F7FEFCBDF8002021213046A2
:10C2C00000F00AFD0028E9D06A4693493046FAF7A3
:10C2D0007FFC00287DD0BDF800202421304600F0EE
:10C2E000FBFC0028F6D06A4639463046FAF770FC67
:10C2F00000286FD0BDF800202B21304600F0ECFC68
:10C300000028F6D06A4685493046FAF761FC0028D5
:10C310007ED0BDF800204021304600F0DDFC002832
:10C3200076D06A467E493046FAF752FC002871D032
:10C33000BDF800204221304600F0CEFC002869D034
:10C340006A4678493046FAF743FC00287DD0BDF8AC
:10C3500000202521304600F0BFFC002875D0724C2B
:10C360006A4621463046FAF733FC00286FD0BDF804
:10C3700000202621304600F0AFFC002867D06A4636
:10C3800021463046FAF724FC00287DD0BDF8002075
:10C390004321304600F0A0FC002800E086E073D086
:10C3A0006A464FF07D513046FAF712FC88B3BDF86B
:10C3B00000204421304600F08FFC50B35B48FAF770
:10C3C000A3FB02464A21304600F086FCE0B3584801
:10C3D00001E06DE06EE0FAF797FB02464621304639
:10C3E00000F07AFC90B3C0224721304600F030FCC8
:10C3F00070B35048FAF788FB02465121304600F0EE
:10C400006BFC30B34C48FAF77FFB02464F2102E049
:10C4100054E05DE054E0304600F05EFCA8B3FF223B
:10C420005021304600F014FC80B3002260213046D9
:10C4300000F052FC58B34148FAF766FB024661210E
:10C44000304600F049FC05E044E03BE044E03BE0DE
:10C4500045E046E080B300226221304600F03CFC1B
:10C4600058B33B226321304600F0F2FB28B3002290
:10C470006421304600F030FC80B300226521304654
:10C4800000F02AFC50B303E020E02CE02DE02EE089
:10C490004FF6FF72EE21304600F01EFC78B33046B6
:10C4A00000F04EF81420F4F705FC47E60720CBE631
:10C4B0000820C9E60920C7E61BE01CE00A20C3E605
:10C4C0000B20C1E60C20BFE60D20BDE60E20BBE62A
:10C4D0000F20B9E61B20B7E61C20B5E60DE01D20B5
:10C4E000B2E61E20B0E61F20AEE62020ACE610200B
:10C4F000AAE61120A8E61220A6E61320A4E6FFE78C
:10C500002120A1E6008022440000304100002841A3
:10C510000000604100007A446666A63F0000A03F2C
:10C52000E17A943FCDCC8C3F6666663F0000C841FF
:10C530000000F0410000D2420000114300004040E2
:10C540001CB503218DF8041058B104684CB11921B1
:10C55000009100790123410001AA2046F5F784F8F3
:10C5600008B100201CBD01201CBD01602421017107
:10C57000704710B548B104683CB1007919234100F7
:10C5800002222046F4F7ACFF08B1002010BD0120C4
:10C5900010BD002801D0FCF76DBB70472DE9F041BC
:10C5A00086B00D4604004AD0EDB302AA0121FCF783
:10C5B00061FBC0B36A4620212046FCF75BFB90B3C9
:10C5C00001AA8B212046FCF771FB60B303AA8C21E2
:10C5D0002046FCF76BFB30B304AA8D212046FCF704
:10C5E00065FB00B305AA79212046FCF75FFBD0B1BB
:10C5F0004FF47A78444642469DF80010BDF8040096
:10C60000FCF757FE06462146BDF80C00FCF734FE49
:10C6100007466421BDF81000FCF72EFE0446002FEB
:10C6200000DA002700E00AE0B6F5803F01D34FF6BC
:10C63000FF76B4F5004F06DB47F6FF7407E00020F5
:10C6400006B0BDE8F0811048844200DA04461421A7
:10C650002846F3F703FEA6FB07014FF4FA72801891
:10C660002E806F6041F1000142460023F3F78EFDFA
:10C67000A860AC81BDF81400E8819DF80800C009ED
:10C6800028740120DCE700000080FFFF002801D0B3
:10C69000FCF70CBB70470000F8B50C00054601D054
:10C6A000802600E00026D5B12868C0B16CB1002218
:10C6B0000121284600F0CCFA0A20F4F7FBFA2846BC
:10C6C000FFF73EFF0A20F4F7F5FA3246012128462B
:10C6D00000F0BEFA002803D01CB1322002E0002096
:10C6E000F8BD1420F4F7E6FA6A4601212846FCF763
:10C6F000C1FA0028F4D034B15FF000009DF80010BA
:10C7000080EAD110F8BD0120F8E7000038B50C46EA
:10C71000050006D0286820B1A4F57A70B0F5967FA0
:10C7200001D9002038BD6A4627492846FAF750FA51
:10C7300028B1BDF800202421284600F0CDFA6A4631
:10C7400022492846FAF744FA0028EBD0BDF8002029
:10C750004021284600F0C0FA0028E3D02046F3F735
:10C7600068FF1B49F3F723FE01466A462846FAF79D
:10C770002FFA0028D6D0BDF800202121284600F04D
:10C78000ABFA0028CED06A4612492846FAF720FABA
:10C790000028C7D0BDF800204321284600F09CFAAD
:10C7A0000028BFD06A464FF07D512846FAF710FAAC
:10C7B0000028B7D0BDF800204421284600F08CFAAC
:10C7C0000028AFD0012038BD6666A63F0000A03F1C
:10C7D00000007A446666663F08490A894B899A4296
:10C7E00001D100207047064A4B89D25C027048890B
:10C7F000401CC0F309004881012070470000002060
:10C80000970100202DE9F04F01B92A4920B12A4CA7
:10C81000002663681D4608E06FF00F00BDE8F08F4A
:10C82000A84201D1012602E0ED68002DF8D16FF099
:10C8300007097ABB00254FF6FF784FF4404A4FF4C2
:10C84000804B2288571C2780424501D1A4F800A0C4
:10C850001A4627880AE000BFB2F812C0BC4504D1CE
:10C860006D1CADB25D45ECD31CE0D268002AF3D15B
:10C870003A04120C16D00FE098420AD05D8A954215
:10C8800007D11F680D68AF420CD059B155B14BB1FB
:10C8900047B1DB68002BEFD101B10968016042822A
:10C8A00016B104E04846B9E76168C16060600020E5
:10C8B000B4E7000074CE00084C01002070B50400FD
:10C8C00016460D466FF00F0017D0002D15D0628A66
:10C8D0002AB921460846FFF795FF00280DD12868A0
:10C8E0006060A682207C084A40F0040020745068F2
:10C8F000014604E0844201D1002070BDC0680028D8
:10C90000F8D1E1605460F7E74C01002010B5F4F76E
:10C910000BFD0549096848400449C0F30D0000F5C6
:10C920004040088010BD0000E8F7FF1F4C010020C8
:10C930002DE9F34F0646408983B008287ED3584D31
:10C94000776829686869FAF7E2FA83463888FAF75F
:10C95000D9FD01907888FAF7D5FDDFF848A1814626
:10C960000021DAF804200846144657E0B4F812C053
:10C97000CC4551D1237A4BB1D5F804C09CF834C0D2
:10C980000CF1010C0CF0FF0C634545D1BBF1000F1D
:10C9900013D0CCB12368BBB1D5F814C0E046BCF1CC
:10C9A000FF3F11D0DDF810C0DCF808C003EA0C032B
:10C9B00008EA0C08434507D02EE02CB123681BB1D0
:10C9C000D5F814C0634527D1237C5B0711D478B117
:10C9D000BBF1000F0DD06B695B1C0AD1049BD0F832
:10C9E00000C05B689C4504D0D4F800C09C4500D1D1
:10C9F0002046B4F814C0019B9C450DD163681BB15F
:10CA0000D5F810C0634507D121B1E368CB60E2607F
:10CA1000CAF8044024B10AE02146E468002CA5D1FC
:10CA2000040004D1049841686869814232D1F888D1
:10CA30001B4F103750B1381D009000E02AE03289BA
:10CA40003B4611213046FAF7FFFB18BB0821304660
:10CA5000FBF73AFEF0B95CB1A569DDB10198009031
:10CA60003B4632462146E069A84705B0BDE8F08F55
:10CA7000BBF1000F0ED1287DC0F303100E2809D0A2
:10CA8000A889083001B23046FBF7D2FD03213046B9
:10CA9000FAF7EAF805B03046BDE8F04FFBF783BD82
:10CAA000A05600204C01002010B5002813D00268C9
:10CAB000002A10D000290ED00A68002A0BD0064A9E
:10CAC000526806E013680468A34201D10B68136042
:10CAD000D268002AF6D110BD4C01002010B500200C
:10CAE000FBF7BAFA040004D02021F3F7B7FBFF20CC
:10CAF000E072204610BD002801D0C0E90612704740
:10CB0000002814D00A494A6882420AD1D2684A6091
:10CB100009E0D16821B1814202D1C168D16002E04F
:10CB20000A46002AF5D101460020FBF767BA704794
:10CB30004C0100207CB56FF00F05069C70B169B107
:10CB400062B15CB105685DB1C5F303160E2E07D066
:10CB50006668B54206D06FF003007CBD28467CBDF8
:10CB6000251D00E00546CDE9004500F001F87CBD3B
:10CB70002DE9FE4F0500DDE90C9A9B4690460E46D6
:10CB80006FF00F002FD0002E2DD0B8F1000F2AD05B
:10CB90005FEA0A0127D05FEA090124D06A8A2AB92C
:10CBA00029460846FFF72EFE00281CD130894FF099
:10CBB000FF3700F1080189B2814213D308213046C2
:10CBC000FBF783FB88B14FF4207208212420FBF788
:10CBD000A3FB040006D0308940B131462046FBF764
:10CBE0002EFC03E03846BDE8FE8F3446688A67684D
:10CBF000FAF788FC38805846FAF784FC78800020E1
:10CC0000F8802089FAF77EFCB880287CC0070BD119
:10CC1000CDF800802289534611212046FAF714FBF3
:10CC200008B94FF6FF70F880EB7AAA7A1120CDE9A7
:10CC30000020CDF80890424651462046FAF76CFA9B
:10CC40000546B44202D02046FBF7ADFC2846CAE7B1
:10CC50002DE9FF4717460D46064600244FF01908F8
:10CC60004FF0010903ABCDE900398DF80C70CDF818
:10CC7000088030792A46410001233068F4F73AFFF2
:10CC800050B10220F4F716F8641CE4B2032CE9D387
:10CC9000002004B0BDE8F0870120FAE70A0A02701C
:10CCA000417070470A0E02700A0C42700A0A8270C4
:10CCB000C17070472DE9F04115461E46074607240E
:10CCC000E20028463146F3F792FAC4F10701641EE8
:10CCD0007854F5D5BDE8F0812DE9FF5F0024884642
:10CCE00005460DF10C0BD7B2160A4FF019094FF09B
:10CCF000020A8DF80C708DF80D60CDF800B0CDE90A
:10CD000001A928794246410001232868F4F7F2FE80
:10CD100050B10220F3F7CEFF641CE4B2032CE8D339
:10CD2000002004B0BDE8F09F0120FAE700010001F7
:10CD3000000000010100000000C2010040420F009D
:10CD400000000000000000000000060200000000DB
:10CD500000000000000000000000040506070809AC
:10CD600000000000000D0102030405060708090A7F
:10CD70000B0C0D0E0F10000000000000000001025F
:10CD80000304060708090000000001020304000074
:10CD90002000040040200020D0000020A400040057
:10CDA000C0200020D40000201C00080050230020D8
:10CDB000D80000201000100030240020DC000020EB
:10CDC0001000040030250020E000002010001000BA
:10CDD00070250020E40000200406080070260020D2
:10CDE000E800002090CD00089CCD0008A8CD0008E8
:10CDF000B4CD0008C0CD0008CCCD0008D8CD0008C7
:10CE0000FA00000005BC0008E8030000B168000853
:10CE100060EA0000A5480008F4010000414B00084A
:10CE200003060C183060780054D300087CD3000847
:10CE30009CD300085CD3000848D3000830D3000816
:10CE40003CD3000890D3000868D3000870D30008D2
:10CE500084D3000801020304050607070707070734
:10CE6000070000001C010020180100202001002004
:10CE70002401002000000000FFFFFFFFFFFFFFFF75
:10CE8000FFFF0000000000005B434849505D205454
:10CE90005820424541434F4E206F6E20504139206B
:10CEA000666F7220256C752073202D2D20747261A1
:10CEB000636520746865206E6574207769746820E6
:10CEC00061204443206D6574657220287E312E36C2
:10CED0003520562065787065637465642061742020
:10CEE000616E79206C69766520706F696E74290DAA
:10CEF0000A0000005B434849505D204543484F2DE0
:10CF000050524F42452025643A20434F55504C49DA
:10CF10004E472028647572696E67206279746520B7
:10CF200025642C202B256C75207573292C206C61B1
:10CF300074653D25750D0A005B4C5749505D2044D2
:10CF400048435020626F756E643A20495020256432
:10CF50002E25642E25642E25642047572025642E17
:10CF600025642E25642E2564204E4D2025642E2513
:10CF7000642E25642E25640D0A0000005B5048597C
:10CF80005D20414E41523D307825303458202031CB
:10CF9000303046443D25642031303048443D2564DE
:10CFA00020313046443D256420313048443D2564DD
:10CFB000202070617573653D25640D0A0000000036
:10CFC0005B5048595D20414E4C5041523D307825D0
:10CFD000303458202031303046443D2564203130F3
:10CFE0003048443D256420313046443D256420319D
:10CFF0003048443D2564202070617573653D25648B
:10D000000D0A00005B5048595D204243523D307884
:10D0100025303458202072657365743D25732020B7
:10D020006175746F6E65673D25732020737065654B
:10D03000643D257320206475706C65783D257320F0
:10D040002069736F3D2573202070643D25730D0AA0
:10D05000000000005B444D415D2052585F44455341
:10D06000433D3078253038582052585F4255463D70
:10D070003078253038582054585F444553433D306C
:10D0800078253038582054585F4255463D30782531
:10D090003038580D0A0000005B434C4B5D204D4377
:10D0A0004F5B32373A32345D3D3078255820283096
:10D0B00078443D504C4C33434C4B2035304D487AEE
:10D0C00029202043464752323D30782530386C586D
:10D0D0002028505245444956325B373A345D3D3042
:10D0E00078256C582065787065637420343D6469D8
:10D0F00076352C20504C4C334D554C5B31353A3104
:10D10000325D3D3078256C582065787065637420F9
:10D11000383D783130290D0A000000005B50485935
:10D1200050524F42455D204243523D3078253034C5
:10D1300058204253523D3078253034582049443DE0
:10D140003078253034583A307825303458202865E6
:10D150007870203078323030303A3078354339309A
:10D16000290D0A005B4932435D2054505335343653
:10D17000443234412057524954455F50524F544530
:10D1800043543D3078253032582028307838303DAF
:10D19000616C6C2077726974657320646973616275
:10D1A0006C656420657863657074204F504552410A
:10D1B00054494F4E290D0A005B4932435D205450BB
:10D1C0005335343644323441205354415455535F1F
:10D1D000434D4C3D307825303258202862697437F1
:10D1E0003D696E76616C696420636F6D6D616E641C
:10D1F0002C20626974363D696E76616C69642064C6
:10D20000617461290D0A00005B50485950524F4229
:10D21000455D206C696E6B3D257320202849443D97
:10D220003078464646462F307830303030202D3E1C
:10D2300020504859206E6F7420726573706F6E6451
:10D24000696E673B20636865636B2032354D487AB1
:10D25000207874616C2C204D44494F2077697269A5
:10D260006E672C205048592061646472290D0A00B1
:10D270005B4A4F425D2069643D2564206D6964739B
:10D2800074617465733D25642076657273696F6E91
:10D290003D307825303858206E626974733D30789F
:10D2A00025303858206E74696D653D3078253038EA
:10D2B00058206E6F6E63655F73746172743D307871
:10D2C000253038580D0A00000D0A5B53544154555F
:10D2D000535D2075703D256C7573202069703D2568
:10D2E000752E25752E25752E257520206574683DB3
:10D2F00025732020626D313336363D25732020633F
:10D30000686970733D256420206C696E6B3D2573E0
:10D31000202072783D256C752074783D256C752031
:10D32000444D4153523D30782530386C580D0A0039
:10D3300046494E5F574149545F31000046494E5FB0
:10D34000574149545F32000045535441424C4953C0
:10D3500048454400434C4F534544000053594E5FE9
:10D360005243564400000000434C4F53494E47007F
:10D370004C4153545F41434B000000004C4953540F
:10D38000454E000054494D455F5741495400000047
:10D39000434C4F53455F57414954000053594E5F2A
:10D3A00053454E54000000005B5458445D206172A8
:10D3B0006D65643D2564206F776E5F6E6F773D25E8
:10D3C0006428303D73656E7429207370696E733DF7
:10D3D000256C7520444D4153523D30782530386CD2
:10D3E00058205450533D256C7520544255532862A3
:10D3F000697432293D256C750D0A00001CD40008A3
:10D40000000000208C0100008808000858D40008A3
:10D410008C010020FC790000283300080112033839
:10D42000C2010419FFFF0154E0FF1F05390A08017A
:10D430000309110208DCABCDEF7017420192100313
:10D440003F127A32C0033C6E19C2C0041D01031C96
:08D45000420302100800000075
:04000005080001519D
:00000001FF
